Sample,Time,Decoder,Ann Row,Ann Class,Value,
128,2.560 ms,Timing,Times,Terse,3ms,
258,5.160 ms,Timing,Times,Terse,1ms,
314,6.280 ms,Timing,Times,Terse,3ms,
460,9.200 ms,Timing,Times,Terse,1ms,
517,10.340 ms,Timing,Times,Terse,1ms,
575,11.500 ms,Timing,Times,Terse,1ms,
632,12.640 ms,Timing,Times,Terse,1ms,
691,13.820 ms,Timing,Times,Terse,1ms,
748,14.960 ms,Timing,Times,Terse,3ms,
892,17.840 ms,Timing,Times,Terse,1ms,
949,18.980 ms,Timing,Times,Terse,3ms,
1094,21.880 ms,Timing,Times,Terse,1ms,
1151,23.020 ms,Timing,Times,Terse,1ms,
1209,24.180 ms,Timing,Times,Terse,1ms,
1266,25.320 ms,Timing,Times,Terse,1ms,
1324,26.480 ms,Timing,Times,Terse,1ms,
1381,27.620 ms,Timing,Times,Terse,1ms,
1440,28.800 ms,Timing,Times,Terse,1ms,
1497,29.940 ms,Timing,Times,Terse,1ms,
1555,31.100 ms,Timing,Times,Terse,1ms,
1612,32.240 ms,Timing,Times,Terse,1ms,
1670,33.400 ms,Timing,Times,Terse,1ms,
1727,34.540 ms,Timing,Times,Terse,1ms,
1785,35.700 ms,Timing,Times,Terse,1ms,
1842,36.840 ms,Timing,Times,Terse,3ms,
1987,39.740 ms,Timing,Times,Terse,1ms,
2044,40.880 ms,Timing,Times,Terse,1ms,
2102,42.040 ms,Timing,Times,Terse,1ms,
2159,43.180 ms,Timing,Times,Terse,3ms,
2304,46.080 ms,Timing,Times,Terse,1ms,
2361,47.220 ms,Timing,Times,Terse,3ms,
2506,50.120 ms,Timing,Times,Terse,1ms,
2563,51.260 ms,Timing,Times,Terse,1ms,
2621,52.420 ms,Timing,Times,Terse,1ms,
2678,53.560 ms,Timing,Times,Terse,57ms,
5543,110.860 ms,Timing,Times,Terse,3ms,
5671,113.420 ms,Timing,Times,Terse,3ms,
5801,116.020 ms,Timing,Times,Terse,1ms,
5858,117.160 ms,Timing,Times,Terse,3ms,
6003,120.060 ms,Timing,Times,Terse,1ms,
6060,121.200 ms,Timing,Times,Terse,1ms,
6118,122.360 ms,Timing,Times,Terse,1ms,
6175,123.500 ms,Timing,Times,Terse,1ms,
6233,124.660 ms,Timing,Times,Terse,1ms,
6290,125.800 ms,Timing,Times,Terse,3ms,
6435,128.700 ms,Timing,Times,Terse,1ms,
6492,129.840 ms,Timing,Times,Terse,3ms,
6637,132.740 ms,Timing,Times,Terse,1ms,
6694,133.880 ms,Timing,Times,Terse,1ms,
6752,135.040 ms,Timing,Times,Terse,1ms,
6809,136.180 ms,Timing,Times,Terse,1ms,
6867,137.340 ms,Timing,Times,Terse,1ms,
6924,138.480 ms,Timing,Times,Terse,1ms,
6982,139.640 ms,Timing,Times,Terse,1ms,
7039,140.780 ms,Timing,Times,Terse,1ms,
7098,141.960 ms,Timing,Times,Terse,1ms,
7155,143.100 ms,Timing,Times,Terse,1ms,
7213,144.260 ms,Timing,Times,Terse,1ms,
7270,145.400 ms,Timing,Times,Terse,1ms,
7328,146.560 ms,Timing,Times,Terse,1ms,
7385,147.700 ms,Timing,Times,Terse,3ms,
7530,150.600 ms,Timing,Times,Terse,1ms,
7587,151.740 ms,Timing,Times,Terse,1ms,
7645,152.900 ms,Timing,Times,Terse,1ms,
7702,154.040 ms,Timing,Times,Terse,3ms,
7847,156.940 ms,Timing,Times,Terse,1ms,
7904,158.080 ms,Timing,Times,Terse,3ms,
8048,160.960 ms,Timing,Times,Terse,1ms,
8105,162.100 ms,Timing,Times,Terse,1ms,
8164,163.280 ms,Timing,Times,Terse,1ms,
8221,164.420 ms,Timing,Times,Terse,57ms,
11086,221.720 ms,Timing,Times,Terse,3ms,
11213,224.260 ms,Timing,Times,Terse,3ms,
11344,226.880 ms,Timing,Times,Terse,1ms,
11401,228.020 ms,Timing,Times,Terse,3ms,
11545,230.900 ms,Timing,Times,Terse,1ms,
11602,232.040 ms,Timing,Times,Terse,1ms,
11661,233.220 ms,Timing,Times,Terse,1ms,
11718,234.360 ms,Timing,Times,Terse,1ms,
11776,235.520 ms,Timing,Times,Terse,1ms,
11833,236.660 ms,Timing,Times,Terse,3ms,
11978,239.560 ms,Timing,Times,Terse,1ms,
12035,240.700 ms,Timing,Times,Terse,3ms,
12179,243.580 ms,Timing,Times,Terse,1ms,
12236,244.720 ms,Timing,Times,Terse,1ms,
12295,245.900 ms,Timing,Times,Terse,1ms,
12352,247.040 ms,Timing,Times,Terse,1ms,
12410,248.200 ms,Timing,Times,Terse,1ms,
12467,249.340 ms,Timing,Times,Terse,1ms,
12525,250.500 ms,Timing,Times,Terse,1ms,
12582,251.640 ms,Timing,Times,Terse,1ms,
12640,252.800 ms,Timing,Times,Terse,1ms,
12697,253.940 ms,Timing,Times,Terse,1ms,
12756,255.120 ms,Timing,Times,Terse,1ms,
12813,256.260 ms,Timing,Times,Terse,1ms,
12871,257.420 ms,Timing,Times,Terse,1ms,
12928,258.560 ms,Timing,Times,Terse,3ms,
13072,261.440 ms,Timing,Times,Terse,1ms,
13129,262.580 ms,Timing,Times,Terse,1ms,
13188,263.760 ms,Timing,Times,Terse,1ms,
13245,264.900 ms,Timing,Times,Terse,3ms,
13389,267.780 ms,Timing,Times,Terse,1ms,
13446,268.920 ms,Timing,Times,Terse,3ms,
13591,271.820 ms,Timing,Times,Terse,1ms,
13648,272.960 ms,Timing,Times,Terse,1ms,
13706,274.120 ms,Timing,Times,Terse,1ms,
13763,275.260 ms,Timing,Times,Terse,57ms,
16630,332.600 ms,Timing,Times,Terse,3ms,
16756,335.120 ms,Timing,Times,Terse,3ms,
16886,337.720 ms,Timing,Times,Terse,1ms,
16943,338.860 ms,Timing,Times,Terse,3ms,
17088,341.760 ms,Timing,Times,Terse,1ms,
17145,342.900 ms,Timing,Times,Terse,1ms,
17203,344.060 ms,Timing,Times,Terse,1ms,
17260,345.200 ms,Timing,Times,Terse,1ms,
17319,346.380 ms,Timing,Times,Terse,1ms,
17376,347.520 ms,Timing,Times,Terse,3ms,
17520,350.400 ms,Timing,Times,Terse,1ms,
17577,351.540 ms,Timing,Times,Terse,3ms,
17722,354.440 ms,Timing,Times,Terse,1ms,
17779,355.580 ms,Timing,Times,Terse,1ms,
17837,356.740 ms,Timing,Times,Terse,1ms,
17894,357.880 ms,Timing,Times,Terse,1ms,
17952,359.040 ms,Timing,Times,Terse,1ms,
18009,360.180 ms,Timing,Times,Terse,1ms,
18068,361.360 ms,Timing,Times,Terse,1ms,
18125,362.500 ms,Timing,Times,Terse,1ms,
18183,363.660 ms,Timing,Times,Terse,1ms,
18240,364.800 ms,Timing,Times,Terse,1ms,
18298,365.960 ms,Timing,Times,Terse,1ms,
18355,367.100 ms,Timing,Times,Terse,1ms,
18413,368.260 ms,Timing,Times,Terse,1ms,
18471,369.420 ms,Timing,Times,Terse,3ms,
18615,372.300 ms,Timing,Times,Terse,1ms,
18672,373.440 ms,Timing,Times,Terse,1ms,
18730,374.600 ms,Timing,Times,Terse,1ms,
18787,375.740 ms,Timing,Times,Terse,3ms,
18932,378.640 ms,Timing,Times,Terse,1ms,
18989,379.780 ms,Timing,Times,Terse,3ms,
19134,382.680 ms,Timing,Times,Terse,1ms,
19191,383.820 ms,Timing,Times,Terse,1ms,
19249,384.980 ms,Timing,Times,Terse,1ms,
19306,386.120 ms,Timing,Times,Terse,57ms,
22172,443.440 ms,Timing,Times,Terse,3ms,
22299,445.980 ms,Timing,Times,Terse,3ms,
22429,448.580 ms,Timing,Times,Terse,1ms,
22486,449.720 ms,Timing,Times,Terse,3ms,
22631,452.620 ms,Timing,Times,Terse,1ms,
22688,453.760 ms,Timing,Times,Terse,1ms,
22746,454.920 ms,Timing,Times,Terse,1ms,
22803,456.060 ms,Timing,Times,Terse,1ms,
22861,457.220 ms,Timing,Times,Terse,1ms,
22918,458.360 ms,Timing,Times,Terse,3ms,
23063,461.260 ms,Timing,Times,Terse,1ms,
23120,462.400 ms,Timing,Times,Terse,3ms,
23265,465.300 ms,Timing,Times,Terse,1ms,
23322,466.440 ms,Timing,Times,Terse,1ms,
23380,467.600 ms,Timing,Times,Terse,1ms,
23437,468.740 ms,Timing,Times,Terse,1ms,
23495,469.900 ms,Timing,Times,Terse,1ms,
23552,471.040 ms,Timing,Times,Terse,1ms,
23610,472.200 ms,Timing,Times,Terse,1ms,
23668,473.360 ms,Timing,Times,Terse,1ms,
23726,474.520 ms,Timing,Times,Terse,1ms,
23783,475.660 ms,Timing,Times,Terse,1ms,
23841,476.820 ms,Timing,Times,Terse,1ms,
23898,477.960 ms,Timing,Times,Terse,1ms,
23956,479.120 ms,Timing,Times,Terse,1ms,
24013,480.260 ms,Timing,Times,Terse,3ms,
24158,483.160 ms,Timing,Times,Terse,1ms,
24215,484.300 ms,Timing,Times,Terse,1ms,
24273,485.460 ms,Timing,Times,Terse,1ms,
24330,486.600 ms,Timing,Times,Terse,3ms,
24475,489.500 ms,Timing,Times,Terse,1ms,
24532,490.640 ms,Timing,Times,Terse,3ms,
24676,493.520 ms,Timing,Times,Terse,1ms,
24735,494.700 ms,Timing,Times,Terse,1ms,
24792,495.840 ms,Timing,Times,Terse,1ms,
24850,497.000 ms,Timing,Times,Terse,57ms,
27715,554.300 ms,Timing,Times,Terse,3ms,
27842,556.840 ms,Timing,Times,Terse,3ms,
27972,559.440 ms,Timing,Times,Terse,1ms,
28029,560.580 ms,Timing,Times,Terse,3ms,
28173,563.460 ms,Timing,Times,Terse,1ms,
28231,564.620 ms,Timing,Times,Terse,1ms,
28289,565.780 ms,Timing,Times,Terse,1ms,
28346,566.920 ms,Timing,Times,Terse,1ms,
28404,568.080 ms,Timing,Times,Terse,1ms,
28461,569.220 ms,Timing,Times,Terse,3ms,
28606,572.120 ms,Timing,Times,Terse,1ms,
28663,573.260 ms,Timing,Times,Terse,3ms,
28807,576.140 ms,Timing,Times,Terse,1ms,
28865,577.300 ms,Timing,Times,Terse,1ms,
28922,578.440 ms,Timing,Times,Terse,1ms,
28980,579.600 ms,Timing,Times,Terse,1ms,
29038,580.760 ms,Timing,Times,Terse,1ms,
29095,581.900 ms,Timing,Times,Terse,1ms,
29153,583.060 ms,Timing,Times,Terse,1ms,
29210,584.200 ms,Timing,Times,Terse,1ms,
29268,585.360 ms,Timing,Times,Terse,1ms,
29326,586.520 ms,Timing,Times,Terse,1ms,
29383,587.660 ms,Timing,Times,Terse,1ms,
29441,588.820 ms,Timing,Times,Terse,1ms,
29499,589.980 ms,Timing,Times,Terse,1ms,
29557,591.140 ms,Timing,Times,Terse,3ms,
29700,594.000 ms,Timing,Times,Terse,1ms,
29759,595.180 ms,Timing,Times,Terse,1ms,
29816,596.320 ms,Timing,Times,Terse,1ms,
29874,597.480 ms,Timing,Times,Terse,3ms,
30017,600.340 ms,Timing,Times,Terse,1ms,
30076,601.520 ms,Timing,Times,Terse,3ms,
30219,604.380 ms,Timing,Times,Terse,1ms,
30278,605.560 ms,Timing,Times,Terse,1ms,
30334,606.680 ms,Timing,Times,Terse,1ms,
30393,607.860 ms,Timing,Times,Terse,57ms,
33258,665.160 ms,Timing,Times,Terse,3ms,
33386,667.720 ms,Timing,Times,Terse,3ms,
33515,670.300 ms,Timing,Times,Terse,1ms,
33572,671.440 ms,Timing,Times,Terse,3ms,
33716,674.320 ms,Timing,Times,Terse,1ms,
33775,675.500 ms,Timing,Times,Terse,1ms,
33831,676.620 ms,Timing,Times,Terse,1ms,
33890,677.800 ms,Timing,Times,Terse,1ms,
33947,678.940 ms,Timing,Times,Terse,1ms,
34005,680.100 ms,Timing,Times,Terse,3ms,
34148,682.960 ms,Timing,Times,Terse,1ms,
34207,684.140 ms,Timing,Times,Terse,3ms,
34350,687.000 ms,Timing,Times,Terse,1ms,
34409,688.180 ms,Timing,Times,Terse,1ms,
34465,689.300 ms,Timing,Times,Terse,1ms,
34524,690.480 ms,Timing,Times,Terse,1ms,
34580,691.600 ms,Timing,Times,Terse,1ms,
34639,692.780 ms,Timing,Times,Terse,1ms,
34696,693.920 ms,Timing,Times,Terse,1ms,
34754,695.080 ms,Timing,Times,Terse,1ms,
34811,696.220 ms,Timing,Times,Terse,1ms,
34870,697.400 ms,Timing,Times,Terse,1ms,
34926,698.520 ms,Timing,Times,Terse,1ms,
34985,699.700 ms,Timing,Times,Terse,1ms,
35041,700.820 ms,Timing,Times,Terse,1ms,
35100,702.000 ms,Timing,Times,Terse,3ms,
35243,704.860 ms,Timing,Times,Terse,1ms,
35302,706.040 ms,Timing,Times,Terse,1ms,
35358,707.160 ms,Timing,Times,Terse,1ms,
35417,708.340 ms,Timing,Times,Terse,3ms,
35560,711.200 ms,Timing,Times,Terse,1ms,
35619,712.380 ms,Timing,Times,Terse,3ms,
35762,715.240 ms,Timing,Times,Terse,1ms,
35820,716.400 ms,Timing,Times,Terse,1ms,
35877,717.540 ms,Timing,Times,Terse,1ms,
35936,718.720 ms,Timing,Times,Terse,57ms,
38801,776.020 ms,Timing,Times,Terse,3ms,
38929,778.580 ms,Timing,Times,Terse,3ms,
39057,781.140 ms,Timing,Times,Terse,1ms,
39116,782.320 ms,Timing,Times,Terse,3ms,
39259,785.180 ms,Timing,Times,Terse,1ms,
39318,786.360 ms,Timing,Times,Terse,1ms,
39374,787.480 ms,Timing,Times,Terse,1ms,
39433,788.660 ms,Timing,Times,Terse,1ms,
39489,789.780 ms,Timing,Times,Terse,1ms,
39548,790.960 ms,Timing,Times,Terse,3ms,
39691,793.820 ms,Timing,Times,Terse,1ms,
39750,795.000 ms,Timing,Times,Terse,3ms,
39893,797.860 ms,Timing,Times,Terse,1ms,
39951,799.020 ms,Timing,Times,Terse,1ms,
40008,800.160 ms,Timing,Times,Terse,1ms,
40067,801.340 ms,Timing,Times,Terse,1ms,
40123,802.460 ms,Timing,Times,Terse,1ms,
40182,803.640 ms,Timing,Times,Terse,1ms,
40238,804.760 ms,Timing,Times,Terse,1ms,
40297,805.940 ms,Timing,Times,Terse,1ms,
40354,807.080 ms,Timing,Times,Terse,1ms,
40412,808.240 ms,Timing,Times,Terse,1ms,
40469,809.380 ms,Timing,Times,Terse,1ms,
40528,810.560 ms,Timing,Times,Terse,1ms,
40584,811.680 ms,Timing,Times,Terse,1ms,
40643,812.860 ms,Timing,Times,Terse,3ms,
40786,815.720 ms,Timing,Times,Terse,1ms,
40845,816.900 ms,Timing,Times,Terse,1ms,
40901,818.020 ms,Timing,Times,Terse,1ms,
40960,819.200 ms,Timing,Times,Terse,3ms,
41103,822.060 ms,Timing,Times,Terse,1ms,
41162,823.240 ms,Timing,Times,Terse,3ms,
41304,826.080 ms,Timing,Times,Terse,1ms,
41363,827.260 ms,Timing,Times,Terse,1ms,
41420,828.400 ms,Timing,Times,Terse,1ms,
41478,829.560 ms,Timing,Times,Terse,57ms,
44343,886.860 ms,Timing,Times,Terse,3ms,
44471,889.420 ms,Timing,Times,Terse,3ms,
44600,892.000 ms,Timing,Times,Terse,1ms,
44659,893.180 ms,Timing,Times,Terse,3ms,
44802,896.040 ms,Timing,Times,Terse,1ms,
44860,897.200 ms,Timing,Times,Terse,1ms,
44917,898.340 ms,Timing,Times,Terse,1ms,
44976,899.520 ms,Timing,Times,Terse,1ms,
45032,900.640 ms,Timing,Times,Terse,1ms,
45091,901.820 ms,Timing,Times,Terse,3ms,
45234,904.680 ms,Timing,Times,Terse,1ms,
45292,905.840 ms,Timing,Times,Terse,3ms,
45435,908.700 ms,Timing,Times,Terse,1ms,
45494,909.880 ms,Timing,Times,Terse,1ms,
45551,911.020 ms,Timing,Times,Terse,1ms,
45609,912.180 ms,Timing,Times,Terse,1ms,
45666,913.320 ms,Timing,Times,Terse,1ms,
45725,914.500 ms,Timing,Times,Terse,1ms,
45781,915.620 ms,Timing,Times,Terse,1ms,
45840,916.800 ms,Timing,Times,Terse,1ms,
45896,917.920 ms,Timing,Times,Terse,1ms,
45955,919.100 ms,Timing,Times,Terse,1ms,
46012,920.240 ms,Timing,Times,Terse,1ms,
46070,921.400 ms,Timing,Times,Terse,1ms,
46127,922.540 ms,Timing,Times,Terse,1ms,
46186,923.720 ms,Timing,Times,Terse,3ms,
46329,926.580 ms,Timing,Times,Terse,1ms,
46387,927.740 ms,Timing,Times,Terse,1ms,
46444,928.880 ms,Timing,Times,Terse,1ms,
46502,930.040 ms,Timing,Times,Terse,3ms,
46645,932.900 ms,Timing,Times,Terse,1ms,
46704,934.080 ms,Timing,Times,Terse,3ms,
46847,936.940 ms,Timing,Times,Terse,1ms,
46906,938.120 ms,Timing,Times,Terse,1ms,
46962,939.240 ms,Timing,Times,Terse,1ms,
47021,940.420 ms,Timing,Times,Terse,57ms,
49886,997.720 ms,Timing,Times,Terse,3ms,
50014,1.000 s,Timing,Times,Terse,3ms,
50143,1.003 s,Timing,Times,Terse,1ms,
50201,1.004 s,Timing,Times,Terse,3ms,
50344,1.007 s,Timing,Times,Terse,1ms,
50403,1.008 s,Timing,Times,Terse,1ms,
50459,1.009 s,Timing,Times,Terse,1ms,
50518,1.010 s,Timing,Times,Terse,1ms,
50575,1.012 s,Timing,Times,Terse,1ms,
50634,1.013 s,Timing,Times,Terse,3ms,
50776,1.016 s,Timing,Times,Terse,1ms,
50835,1.017 s,Timing,Times,Terse,3ms,
50978,1.020 s,Timing,Times,Terse,1ms,
51037,1.021 s,Timing,Times,Terse,1ms,
51093,1.022 s,Timing,Times,Terse,1ms,
51152,1.023 s,Timing,Times,Terse,1ms,
51209,1.024 s,Timing,Times,Terse,1ms,
51267,1.025 s,Timing,Times,Terse,1ms,
51324,1.026 s,Timing,Times,Terse,1ms,
51383,1.028 s,Timing,Times,Terse,1ms,
51439,1.029 s,Timing,Times,Terse,1ms,
51498,1.030 s,Timing,Times,Terse,1ms,
51554,1.031 s,Timing,Times,Terse,1ms,
51613,1.032 s,Timing,Times,Terse,1ms,
51670,1.033 s,Timing,Times,Terse,1ms,
51728,1.035 s,Timing,Times,Terse,3ms,
51871,1.037 s,Timing,Times,Terse,1ms,
51930,1.039 s,Timing,Times,Terse,1ms,
51986,1.040 s,Timing,Times,Terse,1ms,
52045,1.041 s,Timing,Times,Terse,3ms,
52188,1.044 s,Timing,Times,Terse,1ms,
52248,1.045 s,Timing,Times,Terse,3ms,
52390,1.048 s,Timing,Times,Terse,1ms,
52449,1.049 s,Timing,Times,Terse,1ms,
52505,1.050 s,Timing,Times,Terse,1ms,
52564,1.051 s,Timing,Times,Terse,57ms,
55429,1.109 s,Timing,Times,Terse,3ms,
55557,1.111 s,Timing,Times,Terse,3ms,
55685,1.114 s,Timing,Times,Terse,1ms,
55744,1.115 s,Timing,Times,Terse,3ms,
55887,1.118 s,Timing,Times,Terse,1ms,
55946,1.119 s,Timing,Times,Terse,1ms,
56002,1.120 s,Timing,Times,Terse,1ms,
56061,1.121 s,Timing,Times,Terse,1ms,
56117,1.122 s,Timing,Times,Terse,1ms,
56176,1.124 s,Timing,Times,Terse,3ms,
56319,1.126 s,Timing,Times,Terse,1ms,
56378,1.128 s,Timing,Times,Terse,3ms,
56521,1.130 s,Timing,Times,Terse,1ms,
56580,1.132 s,Timing,Times,Terse,1ms,
56636,1.133 s,Timing,Times,Terse,1ms,
56695,1.134 s,Timing,Times,Terse,1ms,
56751,1.135 s,Timing,Times,Terse,1ms,
56810,1.136 s,Timing,Times,Terse,1ms,
56867,1.137 s,Timing,Times,Terse,1ms,
56925,1.139 s,Timing,Times,Terse,1ms,
56982,1.140 s,Timing,Times,Terse,1ms,
57041,1.141 s,Timing,Times,Terse,1ms,
57097,1.142 s,Timing,Times,Terse,1ms,
57156,1.143 s,Timing,Times,Terse,1ms,
57212,1.144 s,Timing,Times,Terse,1ms,
57271,1.145 s,Timing,Times,Terse,3ms,
57414,1.148 s,Timing,Times,Terse,1ms,
57473,1.149 s,Timing,Times,Terse,1ms,
57529,1.151 s,Timing,Times,Terse,1ms,
57588,1.152 s,Timing,Times,Terse,3ms,
57731,1.155 s,Timing,Times,Terse,1ms,
57789,1.156 s,Timing,Times,Terse,3ms,
57933,1.159 s,Timing,Times,Terse,1ms,
57991,1.160 s,Timing,Times,Terse,1ms,
58048,1.161 s,Timing,Times,Terse,1ms,
58106,1.162 s,Timing,Times,Terse,57ms,
60971,1.219 s,Timing,Times,Terse,3ms,
61099,1.222 s,Timing,Times,Terse,3ms,
61228,1.225 s,Timing,Times,Terse,1ms,
61287,1.226 s,Timing,Times,Terse,3ms,
61430,1.229 s,Timing,Times,Terse,1ms,
61488,1.230 s,Timing,Times,Terse,1ms,
61545,1.231 s,Timing,Times,Terse,1ms,
61604,1.232 s,Timing,Times,Terse,1ms,
61660,1.233 s,Timing,Times,Terse,1ms,
61719,1.234 s,Timing,Times,Terse,3ms,
61862,1.237 s,Timing,Times,Terse,1ms,
61920,1.238 s,Timing,Times,Terse,3ms,
62064,1.241 s,Timing,Times,Terse,1ms,
62122,1.242 s,Timing,Times,Terse,1ms,
62179,1.244 s,Timing,Times,Terse,1ms,
62237,1.245 s,Timing,Times,Terse,1ms,
62294,1.246 s,Timing,Times,Terse,1ms,
62353,1.247 s,Timing,Times,Terse,1ms,
62409,1.248 s,Timing,Times,Terse,1ms,
62468,1.249 s,Timing,Times,Terse,1ms,
62525,1.250 s,Timing,Times,Terse,1ms,
62583,1.252 s,Timing,Times,Terse,1ms,
62640,1.253 s,Timing,Times,Terse,1ms,
62698,1.254 s,Timing,Times,Terse,1ms,
62755,1.255 s,Timing,Times,Terse,1ms,
62813,1.256 s,Timing,Times,Terse,3ms,
62957,1.259 s,Timing,Times,Terse,1ms,
63015,1.260 s,Timing,Times,Terse,1ms,
63072,1.261 s,Timing,Times,Terse,1ms,
63130,1.263 s,Timing,Times,Terse,3ms,
63274,1.265 s,Timing,Times,Terse,1ms,
63332,1.267 s,Timing,Times,Terse,3ms,
63475,1.270 s,Timing,Times,Terse,1ms,
63534,1.271 s,Timing,Times,Terse,1ms,
63591,1.272 s,Timing,Times,Terse,1ms,
63649,1.273 s,Timing,Times,Terse,57ms,
66513,1.330 s,Timing,Times,Terse,3ms,
66642,1.333 s,Timing,Times,Terse,3ms,
66771,1.335 s,Timing,Times,Terse,1ms,
66829,1.337 s,Timing,Times,Terse,3ms,
66972,1.339 s,Timing,Times,Terse,1ms,
67031,1.341 s,Timing,Times,Terse,1ms,
67088,1.342 s,Timing,Times,Terse,1ms,
67146,1.343 s,Timing,Times,Terse,1ms,
67203,1.344 s,Timing,Times,Terse,1ms,
67261,1.345 s,Timing,Times,Terse,3ms,
67405,1.348 s,Timing,Times,Terse,1ms,
67463,1.349 s,Timing,Times,Terse,3ms,
67606,1.352 s,Timing,Times,Terse,1ms,
67665,1.353 s,Timing,Times,Terse,1ms,
67722,1.354 s,Timing,Times,Terse,1ms,
67780,1.356 s,Timing,Times,Terse,1ms,
67837,1.357 s,Timing,Times,Terse,1ms,
67895,1.358 s,Timing,Times,Terse,1ms,
67952,1.359 s,Timing,Times,Terse,1ms,
68010,1.360 s,Timing,Times,Terse,1ms,
68067,1.361 s,Timing,Times,Terse,1ms,
68125,1.363 s,Timing,Times,Terse,1ms,
68183,1.364 s,Timing,Times,Terse,1ms,
68241,1.365 s,Timing,Times,Terse,1ms,
68298,1.366 s,Timing,Times,Terse,1ms,
68356,1.367 s,Timing,Times,Terse,3ms,
68499,1.370 s,Timing,Times,Terse,1ms,
68558,1.371 s,Timing,Times,Terse,1ms,
68615,1.372 s,Timing,Times,Terse,1ms,
68673,1.373 s,Timing,Times,Terse,3ms,
68816,1.376 s,Timing,Times,Terse,1ms,
68874,1.377 s,Timing,Times,Terse,3ms,
69018,1.380 s,Timing,Times,Terse,1ms,
69076,1.382 s,Timing,Times,Terse,1ms,
69133,1.383 s,Timing,Times,Terse,1ms,
69191,1.384 s,Timing,Times,Terse,57ms,
72056,1.441 s,Timing,Times,Terse,3ms,
72184,1.444 s,Timing,Times,Terse,3ms,
72314,1.446 s,Timing,Times,Terse,1ms,
72372,1.447 s,Timing,Times,Terse,3ms,
72515,1.450 s,Timing,Times,Terse,1ms,
72573,1.451 s,Timing,Times,Terse,1ms,
72630,1.453 s,Timing,Times,Terse,1ms,
72689,1.454 s,Timing,Times,Terse,1ms,
72746,1.455 s,Timing,Times,Terse,1ms,
72804,1.456 s,Timing,Times,Terse,3ms,
72947,1.459 s,Timing,Times,Terse,1ms,
73005,1.460 s,Timing,Times,Terse,3ms,
73149,1.463 s,Timing,Times,Terse,1ms,
73207,1.464 s,Timing,Times,Terse,1ms,
73264,1.465 s,Timing,Times,Terse,1ms,
73322,1.466 s,Timing,Times,Terse,1ms,
73379,1.468 s,Timing,Times,Terse,1ms,
73438,1.469 s,Timing,Times,Terse,1ms,
73495,1.470 s,Timing,Times,Terse,1ms,
73553,1.471 s,Timing,Times,Terse,1ms,
73610,1.472 s,Timing,Times,Terse,1ms,
73668,1.473 s,Timing,Times,Terse,1ms,
73725,1.474 s,Timing,Times,Terse,1ms,
73782,1.476 s,Timing,Times,Terse,1ms,
73840,1.477 s,Timing,Times,Terse,1ms,
73897,1.478 s,Timing,Times,Terse,3ms,
74042,1.481 s,Timing,Times,Terse,1ms,
74099,1.482 s,Timing,Times,Terse,1ms,
74157,1.483 s,Timing,Times,Terse,1ms,
74214,1.484 s,Timing,Times,Terse,3ms,
74359,1.487 s,Timing,Times,Terse,1ms,
74416,1.488 s,Timing,Times,Terse,3ms,
74561,1.491 s,Timing,Times,Terse,1ms,
74618,1.492 s,Timing,Times,Terse,1ms,
74676,1.494 s,Timing,Times,Terse,1ms,
74733,1.495 s,Timing,Times,Terse,57ms,
77598,1.552 s,Timing,Times,Terse,3ms,
77727,1.555 s,Timing,Times,Terse,3ms,
77856,1.557 s,Timing,Times,Terse,1ms,
77913,1.558 s,Timing,Times,Terse,3ms,
78058,1.561 s,Timing,Times,Terse,1ms,
78115,1.562 s,Timing,Times,Terse,1ms,
78173,1.563 s,Timing,Times,Terse,1ms,
78230,1.565 s,Timing,Times,Terse,1ms,
78288,1.566 s,Timing,Times,Terse,1ms,
78345,1.567 s,Timing,Times,Terse,3ms,
78490,1.570 s,Timing,Times,Terse,1ms,
78547,1.571 s,Timing,Times,Terse,3ms,
78692,1.574 s,Timing,Times,Terse,1ms,
78749,1.575 s,Timing,Times,Terse,1ms,
78807,1.576 s,Timing,Times,Terse,1ms,
78864,1.577 s,Timing,Times,Terse,1ms,
78922,1.578 s,Timing,Times,Terse,1ms,
78979,1.580 s,Timing,Times,Terse,1ms,
79038,1.581 s,Timing,Times,Terse,1ms,
79094,1.582 s,Timing,Times,Terse,1ms,
79153,1.583 s,Timing,Times,Terse,1ms,
79209,1.584 s,Timing,Times,Terse,1ms,
79268,1.585 s,Timing,Times,Terse,1ms,
79325,1.587 s,Timing,Times,Terse,1ms,
79383,1.588 s,Timing,Times,Terse,1ms,
79440,1.589 s,Timing,Times,Terse,3ms,
79586,1.592 s,Timing,Times,Terse,1ms,
79642,1.593 s,Timing,Times,Terse,1ms,
79700,1.594 s,Timing,Times,Terse,1ms,
79757,1.595 s,Timing,Times,Terse,3ms,
79903,1.598 s,Timing,Times,Terse,1ms,
79958,1.599 s,Timing,Times,Terse,3ms,
80105,1.602 s,Timing,Times,Terse,1ms,
80160,1.603 s,Timing,Times,Terse,1ms,
80220,1.604 s,Timing,Times,Terse,1ms,
80275,1.605 s,Timing,Times,Terse,57ms,
83141,1.663 s,Timing,Times,Terse,3ms,
83268,1.665 s,Timing,Times,Terse,3ms,
83399,1.668 s,Timing,Times,Terse,1ms,
83456,1.669 s,Timing,Times,Terse,3ms,
83602,1.672 s,Timing,Times,Terse,1ms,
83657,1.673 s,Timing,Times,Terse,1ms,
83717,1.674 s,Timing,Times,Terse,1ms,
83773,1.675 s,Timing,Times,Terse,1ms,
83832,1.677 s,Timing,Times,Terse,1ms,
83888,1.678 s,Timing,Times,Terse,3ms,
84034,1.681 s,Timing,Times,Terse,1ms,
84089,1.682 s,Timing,Times,Terse,3ms,
84236,1.685 s,Timing,Times,Terse,1ms,
84291,1.686 s,Timing,Times,Terse,1ms,
84351,1.687 s,Timing,Times,Terse,1ms,
84406,1.688 s,Timing,Times,Terse,1ms,
84466,1.689 s,Timing,Times,Terse,1ms,
84522,1.690 s,Timing,Times,Terse,1ms,
84581,1.692 s,Timing,Times,Terse,1ms,
84637,1.693 s,Timing,Times,Terse,1ms,
84697,1.694 s,Timing,Times,Terse,1ms,
84752,1.695 s,Timing,Times,Terse,1ms,
84812,1.696 s,Timing,Times,Terse,1ms,
84867,1.697 s,Timing,Times,Terse,1ms,
84927,1.699 s,Timing,Times,Terse,1ms,
84983,1.700 s,Timing,Times,Terse,3ms,
85129,1.703 s,Timing,Times,Terse,1ms,
85184,1.704 s,Timing,Times,Terse,1ms,
85244,1.705 s,Timing,Times,Terse,1ms,
85299,1.706 s,Timing,Times,Terse,3ms,
85446,1.709 s,Timing,Times,Terse,1ms,
85501,1.710 s,Timing,Times,Terse,3ms,
85647,1.713 s,Timing,Times,Terse,1ms,
85703,1.714 s,Timing,Times,Terse,1ms,
85763,1.715 s,Timing,Times,Terse,1ms,
85818,1.716 s,Timing,Times,Terse,57ms,
88685,1.774 s,Timing,Times,Terse,3ms,
88811,1.776 s,Timing,Times,Terse,3ms,
88943,1.779 s,Timing,Times,Terse,1ms,
88998,1.780 s,Timing,Times,Terse,3ms,
89145,1.783 s,Timing,Times,Terse,1ms,
89200,1.784 s,Timing,Times,Terse,1ms,
89260,1.785 s,Timing,Times,Terse,1ms,
89315,1.786 s,Timing,Times,Terse,1ms,
89375,1.788 s,Timing,Times,Terse,1ms,
89430,1.789 s,Timing,Times,Terse,3ms,
89577,1.792 s,Timing,Times,Terse,1ms,
89632,1.793 s,Timing,Times,Terse,3ms,
89778,1.796 s,Timing,Times,Terse,1ms,
89834,1.797 s,Timing,Times,Terse,1ms,
89894,1.798 s,Timing,Times,Terse,1ms,
89949,1.799 s,Timing,Times,Terse,1ms,
90009,1.800 s,Timing,Times,Terse,1ms,
90064,1.801 s,Timing,Times,Terse,1ms,
90124,1.802 s,Timing,Times,Terse,1ms,
90180,1.804 s,Timing,Times,Terse,1ms,
90239,1.805 s,Timing,Times,Terse,1ms,
90295,1.806 s,Timing,Times,Terse,1ms,
90355,1.807 s,Timing,Times,Terse,1ms,
90410,1.808 s,Timing,Times,Terse,1ms,
90470,1.809 s,Timing,Times,Terse,1ms,
90525,1.810 s,Timing,Times,Terse,3ms,
90672,1.813 s,Timing,Times,Terse,1ms,
90727,1.815 s,Timing,Times,Terse,1ms,
90787,1.816 s,Timing,Times,Terse,1ms,
90842,1.817 s,Timing,Times,Terse,3ms,
90989,1.820 s,Timing,Times,Terse,1ms,
91044,1.821 s,Timing,Times,Terse,3ms,
91190,1.824 s,Timing,Times,Terse,1ms,
91245,1.825 s,Timing,Times,Terse,1ms,
91305,1.826 s,Timing,Times,Terse,1ms,
91361,1.827 s,Timing,Times,Terse,57ms,
94228,1.885 s,Timing,Times,Terse,3ms,
94354,1.887 s,Timing,Times,Terse,3ms,
94486,1.890 s,Timing,Times,Terse,1ms,
94541,1.891 s,Timing,Times,Terse,3ms,
94687,1.894 s,Timing,Times,Terse,1ms,
94743,1.895 s,Timing,Times,Terse,1ms,
94803,1.896 s,Timing,Times,Terse,1ms,
94858,1.897 s,Timing,Times,Terse,1ms,
94918,1.898 s,Timing,Times,Terse,1ms,
94973,1.899 s,Timing,Times,Terse,3ms,
95120,1.902 s,Timing,Times,Terse,1ms,
95175,1.903 s,Timing,Times,Terse,3ms,
95321,1.906 s,Timing,Times,Terse,1ms,
95376,1.908 s,Timing,Times,Terse,1ms,
95436,1.909 s,Timing,Times,Terse,1ms,
95492,1.910 s,Timing,Times,Terse,1ms,
95552,1.911 s,Timing,Times,Terse,1ms,
95607,1.912 s,Timing,Times,Terse,1ms,
95667,1.913 s,Timing,Times,Terse,1ms,
95722,1.914 s,Timing,Times,Terse,1ms,
95782,1.916 s,Timing,Times,Terse,1ms,
95837,1.917 s,Timing,Times,Terse,1ms,
95897,1.918 s,Timing,Times,Terse,1ms,
95953,1.919 s,Timing,Times,Terse,1ms,
96013,1.920 s,Timing,Times,Terse,1ms,
96068,1.921 s,Timing,Times,Terse,3ms,
96214,1.924 s,Timing,Times,Terse,1ms,
96270,1.925 s,Timing,Times,Terse,1ms,
96330,1.927 s,Timing,Times,Terse,1ms,
96385,1.928 s,Timing,Times,Terse,3ms,
96531,1.931 s,Timing,Times,Terse,1ms,
96587,1.932 s,Timing,Times,Terse,3ms,
96733,1.935 s,Timing,Times,Terse,1ms,
96788,1.936 s,Timing,Times,Terse,1ms,
96848,1.937 s,Timing,Times,Terse,1ms,
96903,1.938 s,Timing,Times,Terse,57ms,
99770,1.995 s,Timing,Times,Terse,3ms,
99897,1.998 s,Timing,Times,Terse,3ms,
100028,2.001 s,Timing,Times,Terse,1ms,
100084,2.002 s,Timing,Times,Terse,3ms,
100230,2.005 s,Timing,Times,Terse,1ms,
100285,2.006 s,Timing,Times,Terse,1ms,
100345,2.007 s,Timing,Times,Terse,1ms,
100401,2.008 s,Timing,Times,Terse,1ms,
100461,2.009 s,Timing,Times,Terse,1ms,
100516,2.010 s,Timing,Times,Terse,3ms,
100662,2.013 s,Timing,Times,Terse,1ms,
100718,2.014 s,Timing,Times,Terse,3ms,
100864,2.017 s,Timing,Times,Terse,1ms,
100919,2.018 s,Timing,Times,Terse,1ms,
100979,2.020 s,Timing,Times,Terse,1ms,
101035,2.021 s,Timing,Times,Terse,1ms,
101094,2.022 s,Timing,Times,Terse,1ms,
101150,2.023 s,Timing,Times,Terse,1ms,
101210,2.024 s,Timing,Times,Terse,1ms,
101265,2.025 s,Timing,Times,Terse,1ms,
101325,2.026 s,Timing,Times,Terse,1ms,
101380,2.028 s,Timing,Times,Terse,1ms,
101440,2.029 s,Timing,Times,Terse,1ms,
101495,2.030 s,Timing,Times,Terse,1ms,
101555,2.031 s,Timing,Times,Terse,1ms,
101611,2.032 s,Timing,Times,Terse,3ms,
101757,2.035 s,Timing,Times,Terse,1ms,
101812,2.036 s,Timing,Times,Terse,1ms,
101872,2.037 s,Timing,Times,Terse,1ms,
101928,2.039 s,Timing,Times,Terse,3ms,
102074,2.041 s,Timing,Times,Terse,1ms,
102129,2.043 s,Timing,Times,Terse,3ms,
102276,2.046 s,Timing,Times,Terse,1ms,
102331,2.047 s,Timing,Times,Terse,1ms,
102391,2.048 s,Timing,Times,Terse,1ms,
102446,2.049 s,Timing,Times,Terse,57ms,
105313,2.106 s,Timing,Times,Terse,3ms,
105439,2.109 s,Timing,Times,Terse,3ms,
105571,2.111 s,Timing,Times,Terse,1ms,
105627,2.113 s,Timing,Times,Terse,3ms,
105773,2.115 s,Timing,Times,Terse,1ms,
105828,2.117 s,Timing,Times,Terse,1ms,
105888,2.118 s,Timing,Times,Terse,1ms,
105943,2.119 s,Timing,Times,Terse,1ms,
106003,2.120 s,Timing,Times,Terse,1ms,
106059,2.121 s,Timing,Times,Terse,3ms,
106205,2.124 s,Timing,Times,Terse,1ms,
106260,2.125 s,Timing,Times,Terse,3ms,
106407,2.128 s,Timing,Times,Terse,1ms,
106462,2.129 s,Timing,Times,Terse,1ms,
106522,2.130 s,Timing,Times,Terse,1ms,
106577,2.132 s,Timing,Times,Terse,1ms,
106637,2.133 s,Timing,Times,Terse,1ms,
106692,2.134 s,Timing,Times,Terse,1ms,
106752,2.135 s,Timing,Times,Terse,1ms,
106808,2.136 s,Timing,Times,Terse,1ms,
106868,2.137 s,Timing,Times,Terse,1ms,
106923,2.138 s,Timing,Times,Terse,1ms,
106983,2.140 s,Timing,Times,Terse,1ms,
107038,2.141 s,Timing,Times,Terse,1ms,
107098,2.142 s,Timing,Times,Terse,1ms,
107153,2.143 s,Timing,Times,Terse,3ms,
107300,2.146 s,Timing,Times,Terse,1ms,
107355,2.147 s,Timing,Times,Terse,1ms,
107415,2.148 s,Timing,Times,Terse,1ms,
107470,2.149 s,Timing,Times,Terse,3ms,
107617,2.152 s,Timing,Times,Terse,1ms,
107672,2.153 s,Timing,Times,Terse,3ms,
107819,2.156 s,Timing,Times,Terse,1ms,
107874,2.157 s,Timing,Times,Terse,1ms,
107934,2.159 s,Timing,Times,Terse,1ms,
107989,2.160 s,Timing,Times,Terse,57ms,
110856,2.217 s,Timing,Times,Terse,3ms,
110982,2.220 s,Timing,Times,Terse,3ms,
111114,2.222 s,Timing,Times,Terse,1ms,
111169,2.223 s,Timing,Times,Terse,3ms,
111316,2.226 s,Timing,Times,Terse,1ms,
111371,2.227 s,Timing,Times,Terse,1ms,
111431,2.229 s,Timing,Times,Terse,1ms,
111486,2.230 s,Timing,Times,Terse,1ms,
111546,2.231 s,Timing,Times,Terse,1ms,
111601,2.232 s,Timing,Times,Terse,3ms,
111748,2.235 s,Timing,Times,Terse,1ms,
111803,2.236 s,Timing,Times,Terse,3ms,
111949,2.239 s,Timing,Times,Terse,1ms,
112005,2.240 s,Timing,Times,Terse,1ms,
112065,2.241 s,Timing,Times,Terse,1ms,
112120,2.242 s,Timing,Times,Terse,1ms,
112180,2.244 s,Timing,Times,Terse,1ms,
112235,2.245 s,Timing,Times,Terse,1ms,
112295,2.246 s,Timing,Times,Terse,1ms,
112351,2.247 s,Timing,Times,Terse,1ms,
112410,2.248 s,Timing,Times,Terse,1ms,
112466,2.249 s,Timing,Times,Terse,1ms,
112526,2.251 s,Timing,Times,Terse,1ms,
112581,2.252 s,Timing,Times,Terse,1ms,
112641,2.253 s,Timing,Times,Terse,1ms,
112696,2.254 s,Timing,Times,Terse,3ms,
112843,2.257 s,Timing,Times,Terse,1ms,
112898,2.258 s,Timing,Times,Terse,1ms,
112958,2.259 s,Timing,Times,Terse,1ms,
113013,2.260 s,Timing,Times,Terse,3ms,
113160,2.263 s,Timing,Times,Terse,1ms,
113215,2.264 s,Timing,Times,Terse,3ms,
113361,2.267 s,Timing,Times,Terse,1ms,
113416,2.268 s,Timing,Times,Terse,1ms,
113477,2.270 s,Timing,Times,Terse,1ms,
113532,2.271 s,Timing,Times,Terse,57ms,
116399,2.328 s,Timing,Times,Terse,3ms,
116525,2.330 s,Timing,Times,Terse,3ms,
116657,2.333 s,Timing,Times,Terse,1ms,
116712,2.334 s,Timing,Times,Terse,3ms,
116858,2.337 s,Timing,Times,Terse,1ms,
116914,2.338 s,Timing,Times,Terse,1ms,
116974,2.339 s,Timing,Times,Terse,1ms,
117029,2.341 s,Timing,Times,Terse,1ms,
117089,2.342 s,Timing,Times,Terse,1ms,
117144,2.343 s,Timing,Times,Terse,3ms,
117291,2.346 s,Timing,Times,Terse,1ms,
117346,2.347 s,Timing,Times,Terse,3ms,
117492,2.350 s,Timing,Times,Terse,1ms,
117548,2.351 s,Timing,Times,Terse,1ms,
117608,2.352 s,Timing,Times,Terse,1ms,
117663,2.353 s,Timing,Times,Terse,1ms,
117723,2.354 s,Timing,Times,Terse,1ms,
117778,2.356 s,Timing,Times,Terse,1ms,
117838,2.357 s,Timing,Times,Terse,1ms,
117893,2.358 s,Timing,Times,Terse,1ms,
117953,2.359 s,Timing,Times,Terse,1ms,
118009,2.360 s,Timing,Times,Terse,1ms,
118069,2.361 s,Timing,Times,Terse,1ms,
118124,2.362 s,Timing,Times,Terse,1ms,
118184,2.364 s,Timing,Times,Terse,1ms,
118239,2.365 s,Timing,Times,Terse,3ms,
118385,2.368 s,Timing,Times,Terse,1ms,
118441,2.369 s,Timing,Times,Terse,1ms,
118501,2.370 s,Timing,Times,Terse,1ms,
118556,2.371 s,Timing,Times,Terse,3ms,
118702,2.374 s,Timing,Times,Terse,1ms,
118758,2.375 s,Timing,Times,Terse,3ms,
118904,2.378 s,Timing,Times,Terse,1ms,
118959,2.379 s,Timing,Times,Terse,1ms,
119019,2.380 s,Timing,Times,Terse,1ms,
119074,2.381 s,Timing,Times,Terse,57ms,
121942,2.439 s,Timing,Times,Terse,3ms,
122068,2.441 s,Timing,Times,Terse,3ms,
122200,2.444 s,Timing,Times,Terse,1ms,
122255,2.445 s,Timing,Times,Terse,3ms,
122401,2.448 s,Timing,Times,Terse,1ms,
122457,2.449 s,Timing,Times,Terse,1ms,
122516,2.450 s,Timing,Times,Terse,1ms,
122572,2.451 s,Timing,Times,Terse,1ms,
122632,2.453 s,Timing,Times,Terse,1ms,
122687,2.454 s,Timing,Times,Terse,3ms,
122833,2.457 s,Timing,Times,Terse,1ms,
122889,2.458 s,Timing,Times,Terse,3ms,
123035,2.461 s,Timing,Times,Terse,1ms,
123090,2.462 s,Timing,Times,Terse,1ms,
123150,2.463 s,Timing,Times,Terse,1ms,
123206,2.464 s,Timing,Times,Terse,1ms,
123266,2.465 s,Timing,Times,Terse,1ms,
123321,2.466 s,Timing,Times,Terse,1ms,
123381,2.468 s,Timing,Times,Terse,1ms,
123436,2.469 s,Timing,Times,Terse,1ms,
123496,2.470 s,Timing,Times,Terse,1ms,
123551,2.471 s,Timing,Times,Terse,1ms,
123611,2.472 s,Timing,Times,Terse,1ms,
123667,2.473 s,Timing,Times,Terse,1ms,
123726,2.475 s,Timing,Times,Terse,1ms,
123782,2.476 s,Timing,Times,Terse,3ms,
123928,2.479 s,Timing,Times,Terse,1ms,
123983,2.480 s,Timing,Times,Terse,1ms,
124043,2.481 s,Timing,Times,Terse,1ms,
124099,2.482 s,Timing,Times,Terse,3ms,
124245,2.485 s,Timing,Times,Terse,1ms,
124300,2.486 s,Timing,Times,Terse,3ms,
124447,2.489 s,Timing,Times,Terse,1ms,
124502,2.490 s,Timing,Times,Terse,1ms,
124562,2.491 s,Timing,Times,Terse,1ms,
124617,2.492 s,Timing,Times,Terse,57ms,
127484,2.550 s,Timing,Times,Terse,3ms,
127610,2.552 s,Timing,Times,Terse,3ms,
127742,2.555 s,Timing,Times,Terse,1ms,
127798,2.556 s,Timing,Times,Terse,3ms,
127944,2.559 s,Timing,Times,Terse,1ms,
127999,2.560 s,Timing,Times,Terse,1ms,
128059,2.561 s,Timing,Times,Terse,1ms,
128115,2.562 s,Timing,Times,Terse,1ms,
128174,2.563 s,Timing,Times,Terse,1ms,
128230,2.565 s,Timing,Times,Terse,3ms,
128376,2.568 s,Timing,Times,Terse,1ms,
128431,2.569 s,Timing,Times,Terse,3ms,
128578,2.572 s,Timing,Times,Terse,1ms,
128633,2.573 s,Timing,Times,Terse,1ms,
128693,2.574 s,Timing,Times,Terse,1ms,
128748,2.575 s,Timing,Times,Terse,1ms,
128808,2.576 s,Timing,Times,Terse,1ms,
128864,2.577 s,Timing,Times,Terse,1ms,
128924,2.578 s,Timing,Times,Terse,1ms,
128979,2.580 s,Timing,Times,Terse,1ms,
129039,2.581 s,Timing,Times,Terse,1ms,
129094,2.582 s,Timing,Times,Terse,1ms,
129154,2.583 s,Timing,Times,Terse,1ms,
129209,2.584 s,Timing,Times,Terse,1ms,
129269,2.585 s,Timing,Times,Terse,1ms,
129325,2.587 s,Timing,Times,Terse,3ms,
129471,2.589 s,Timing,Times,Terse,1ms,
129526,2.591 s,Timing,Times,Terse,1ms,
129586,2.592 s,Timing,Times,Terse,1ms,
129641,2.593 s,Timing,Times,Terse,3ms,
129788,2.596 s,Timing,Times,Terse,1ms,
129843,2.597 s,Timing,Times,Terse,3ms,
129990,2.600 s,Timing,Times,Terse,1ms,
130045,2.601 s,Timing,Times,Terse,1ms,
130105,2.602 s,Timing,Times,Terse,1ms,
130160,2.603 s,Timing,Times,Terse,57ms,
133027,2.661 s,Timing,Times,Terse,3ms,
133153,2.663 s,Timing,Times,Terse,3ms,
133285,2.666 s,Timing,Times,Terse,1ms,
133340,2.667 s,Timing,Times,Terse,3ms,
133487,2.670 s,Timing,Times,Terse,1ms,
133542,2.671 s,Timing,Times,Terse,1ms,
133602,2.672 s,Timing,Times,Terse,1ms,
133657,2.673 s,Timing,Times,Terse,1ms,
133717,2.674 s,Timing,Times,Terse,1ms,
133773,2.675 s,Timing,Times,Terse,3ms,
133919,2.678 s,Timing,Times,Terse,1ms,
133974,2.679 s,Timing,Times,Terse,3ms,
134121,2.682 s,Timing,Times,Terse,1ms,
134176,2.684 s,Timing,Times,Terse,1ms,
134236,2.685 s,Timing,Times,Terse,1ms,
134291,2.686 s,Timing,Times,Terse,1ms,
134351,2.687 s,Timing,Times,Terse,1ms,
134406,2.688 s,Timing,Times,Terse,1ms,
134466,2.689 s,Timing,Times,Terse,1ms,
134522,2.690 s,Timing,Times,Terse,1ms,
134582,2.692 s,Timing,Times,Terse,1ms,
134637,2.693 s,Timing,Times,Terse,1ms,
134697,2.694 s,Timing,Times,Terse,1ms,
134752,2.695 s,Timing,Times,Terse,1ms,
134812,2.696 s,Timing,Times,Terse,1ms,
134867,2.697 s,Timing,Times,Terse,3ms,
135014,2.700 s,Timing,Times,Terse,1ms,
135069,2.701 s,Timing,Times,Terse,1ms,
135129,2.703 s,Timing,Times,Terse,1ms,
135184,2.704 s,Timing,Times,Terse,3ms,
135331,2.707 s,Timing,Times,Terse,1ms,
135386,2.708 s,Timing,Times,Terse,3ms,
135532,2.711 s,Timing,Times,Terse,1ms,
135588,2.712 s,Timing,Times,Terse,1ms,
135648,2.713 s,Timing,Times,Terse,1ms,
135703,2.714 s,Timing,Times,Terse,57ms,
138570,2.771 s,Timing,Times,Terse,3ms,
138696,2.774 s,Timing,Times,Terse,3ms,
138828,2.777 s,Timing,Times,Terse,1ms,
138883,2.778 s,Timing,Times,Terse,3ms,
139029,2.781 s,Timing,Times,Terse,1ms,
139085,2.782 s,Timing,Times,Terse,1ms,
139145,2.783 s,Timing,Times,Terse,1ms,
139200,2.784 s,Timing,Times,Terse,1ms,
139260,2.785 s,Timing,Times,Terse,1ms,
139315,2.786 s,Timing,Times,Terse,3ms,
139462,2.789 s,Timing,Times,Terse,1ms,
139517,2.790 s,Timing,Times,Terse,3ms,
139663,2.793 s,Timing,Times,Terse,1ms,
139719,2.794 s,Timing,Times,Terse,1ms,
139779,2.796 s,Timing,Times,Terse,1ms,
139834,2.797 s,Timing,Times,Terse,1ms,
139894,2.798 s,Timing,Times,Terse,1ms,
139949,2.799 s,Timing,Times,Terse,1ms,
140009,2.800 s,Timing,Times,Terse,1ms,
140064,2.801 s,Timing,Times,Terse,1ms,
140124,2.802 s,Timing,Times,Terse,1ms,
140180,2.804 s,Timing,Times,Terse,1ms,
140240,2.805 s,Timing,Times,Terse,1ms,
140295,2.806 s,Timing,Times,Terse,1ms,
140355,2.807 s,Timing,Times,Terse,1ms,
140410,2.808 s,Timing,Times,Terse,3ms,
140557,2.811 s,Timing,Times,Terse,1ms,
140612,2.812 s,Timing,Times,Terse,1ms,
140672,2.813 s,Timing,Times,Terse,1ms,
140727,2.815 s,Timing,Times,Terse,3ms,
140873,2.817 s,Timing,Times,Terse,1ms,
140929,2.819 s,Timing,Times,Terse,3ms,
141075,2.821 s,Timing,Times,Terse,1ms,
141130,2.823 s,Timing,Times,Terse,1ms,
141190,2.824 s,Timing,Times,Terse,1ms,
141246,2.825 s,Timing,Times,Terse,57ms,
144113,2.882 s,Timing,Times,Terse,3ms,
144239,2.885 s,Timing,Times,Terse,3ms,
144371,2.887 s,Timing,Times,Terse,1ms,
144426,2.889 s,Timing,Times,Terse,3ms,
144572,2.891 s,Timing,Times,Terse,1ms,
144628,2.893 s,Timing,Times,Terse,1ms,
144687,2.894 s,Timing,Times,Terse,1ms,
144743,2.895 s,Timing,Times,Terse,1ms,
144803,2.896 s,Timing,Times,Terse,1ms,
144858,2.897 s,Timing,Times,Terse,3ms,
145004,2.900 s,Timing,Times,Terse,1ms,
145060,2.901 s,Timing,Times,Terse,3ms,
145206,2.904 s,Timing,Times,Terse,1ms,
145261,2.905 s,Timing,Times,Terse,1ms,
145321,2.906 s,Timing,Times,Terse,1ms,
145377,2.908 s,Timing,Times,Terse,1ms,
145437,2.909 s,Timing,Times,Terse,1ms,
145492,2.910 s,Timing,Times,Terse,1ms,
145552,2.911 s,Timing,Times,Terse,1ms,
145607,2.912 s,Timing,Times,Terse,1ms,
145667,2.913 s,Timing,Times,Terse,1ms,
145722,2.914 s,Timing,Times,Terse,1ms,
145782,2.916 s,Timing,Times,Terse,1ms,
145838,2.917 s,Timing,Times,Terse,1ms,
145898,2.918 s,Timing,Times,Terse,1ms,
145953,2.919 s,Timing,Times,Terse,3ms,
146099,2.922 s,Timing,Times,Terse,1ms,
146155,2.923 s,Timing,Times,Terse,1ms,
146215,2.924 s,Timing,Times,Terse,1ms,
146270,2.925 s,Timing,Times,Terse,3ms,
146416,2.928 s,Timing,Times,Terse,1ms,
146471,2.929 s,Timing,Times,Terse,3ms,
146618,2.932 s,Timing,Times,Terse,1ms,
146673,2.933 s,Timing,Times,Terse,1ms,
146733,2.935 s,Timing,Times,Terse,1ms,
146788,2.936 s,Timing,Times,Terse,57ms,
149655,2.993 s,Timing,Times,Terse,3ms,
149781,2.996 s,Timing,Times,Terse,3ms,
149913,2.998 s,Timing,Times,Terse,1ms,
149969,2.999 s,Timing,Times,Terse,3ms,
150115,3.002 s,Timing,Times,Terse,1ms,
150170,3.003 s,Timing,Times,Terse,1ms,
150230,3.005 s,Timing,Times,Terse,1ms,
150286,3.006 s,Timing,Times,Terse,1ms,
150346,3.007 s,Timing,Times,Terse,1ms,
150401,3.008 s,Timing,Times,Terse,3ms,
150547,3.011 s,Timing,Times,Terse,1ms,
150603,3.012 s,Timing,Times,Terse,3ms,
150749,3.015 s,Timing,Times,Terse,1ms,
150804,3.016 s,Timing,Times,Terse,1ms,
150864,3.017 s,Timing,Times,Terse,1ms,
150919,3.018 s,Timing,Times,Terse,1ms,
150979,3.020 s,Timing,Times,Terse,1ms,
151035,3.021 s,Timing,Times,Terse,1ms,
151095,3.022 s,Timing,Times,Terse,1ms,
151150,3.023 s,Timing,Times,Terse,1ms,
151210,3.024 s,Timing,Times,Terse,1ms,
151265,3.025 s,Timing,Times,Terse,1ms,
151325,3.026 s,Timing,Times,Terse,1ms,
151380,3.028 s,Timing,Times,Terse,1ms,
151440,3.029 s,Timing,Times,Terse,1ms,
151496,3.030 s,Timing,Times,Terse,3ms,
151642,3.033 s,Timing,Times,Terse,1ms,
151697,3.034 s,Timing,Times,Terse,1ms,
151757,3.035 s,Timing,Times,Terse,1ms,
151813,3.036 s,Timing,Times,Terse,3ms,
151959,3.039 s,Timing,Times,Terse,1ms,
152014,3.040 s,Timing,Times,Terse,3ms,
152161,3.043 s,Timing,Times,Terse,1ms,
152216,3.044 s,Timing,Times,Terse,1ms,
152276,3.046 s,Timing,Times,Terse,1ms,
152331,3.047 s,Timing,Times,Terse,57ms,
155198,3.104 s,Timing,Times,Terse,3ms,
155324,3.106 s,Timing,Times,Terse,3ms,
155456,3.109 s,Timing,Times,Terse,1ms,
155512,3.110 s,Timing,Times,Terse,3ms,
155658,3.113 s,Timing,Times,Terse,1ms,
155713,3.114 s,Timing,Times,Terse,1ms,
155773,3.115 s,Timing,Times,Terse,1ms,
155828,3.117 s,Timing,Times,Terse,1ms,
155888,3.118 s,Timing,Times,Terse,1ms,
155944,3.119 s,Timing,Times,Terse,3ms,
156090,3.122 s,Timing,Times,Terse,1ms,
156145,3.123 s,Timing,Times,Terse,3ms,
156292,3.126 s,Timing,Times,Terse,1ms,
156347,3.127 s,Timing,Times,Terse,1ms,
156407,3.128 s,Timing,Times,Terse,1ms,
156462,3.129 s,Timing,Times,Terse,1ms,
156522,3.130 s,Timing,Times,Terse,1ms,
156577,3.132 s,Timing,Times,Terse,1ms,
156637,3.133 s,Timing,Times,Terse,1ms,
156693,3.134 s,Timing,Times,Terse,1ms,
156753,3.135 s,Timing,Times,Terse,1ms,
156808,3.136 s,Timing,Times,Terse,1ms,
156868,3.137 s,Timing,Times,Terse,1ms,
156923,3.138 s,Timing,Times,Terse,1ms,
156983,3.140 s,Timing,Times,Terse,1ms,
157038,3.141 s,Timing,Times,Terse,3ms,
157185,3.144 s,Timing,Times,Terse,1ms,
157240,3.145 s,Timing,Times,Terse,1ms,
157300,3.146 s,Timing,Times,Terse,1ms,
157355,3.147 s,Timing,Times,Terse,3ms,
157502,3.150 s,Timing,Times,Terse,1ms,
157557,3.151 s,Timing,Times,Terse,3ms,
157703,3.154 s,Timing,Times,Terse,1ms,
157759,3.155 s,Timing,Times,Terse,1ms,
157819,3.156 s,Timing,Times,Terse,1ms,
157874,3.157 s,Timing,Times,Terse,57ms,
160741,3.215 s,Timing,Times,Terse,3ms,
160867,3.217 s,Timing,Times,Terse,3ms,
160999,3.220 s,Timing,Times,Terse,1ms,
161054,3.221 s,Timing,Times,Terse,3ms,
161201,3.224 s,Timing,Times,Terse,1ms,
161256,3.225 s,Timing,Times,Terse,1ms,
161316,3.226 s,Timing,Times,Terse,1ms,
161371,3.227 s,Timing,Times,Terse,1ms,
161431,3.229 s,Timing,Times,Terse,1ms,
161486,3.230 s,Timing,Times,Terse,3ms,
161633,3.233 s,Timing,Times,Terse,1ms,
161688,3.234 s,Timing,Times,Terse,3ms,
161835,3.237 s,Timing,Times,Terse,1ms,
161890,3.238 s,Timing,Times,Terse,1ms,
161950,3.239 s,Timing,Times,Terse,1ms,
162005,3.240 s,Timing,Times,Terse,1ms,
162065,3.241 s,Timing,Times,Terse,1ms,
162120,3.242 s,Timing,Times,Terse,1ms,
162180,3.244 s,Timing,Times,Terse,1ms,
162236,3.245 s,Timing,Times,Terse,1ms,
162295,3.246 s,Timing,Times,Terse,1ms,
162351,3.247 s,Timing,Times,Terse,1ms,
162411,3.248 s,Timing,Times,Terse,1ms,
162466,3.249 s,Timing,Times,Terse,1ms,
162526,3.251 s,Timing,Times,Terse,1ms,
162581,3.252 s,Timing,Times,Terse,3ms,
162728,3.255 s,Timing,Times,Terse,1ms,
162783,3.256 s,Timing,Times,Terse,1ms,
162843,3.257 s,Timing,Times,Terse,1ms,
162898,3.258 s,Timing,Times,Terse,3ms,
163045,3.261 s,Timing,Times,Terse,1ms,
163100,3.262 s,Timing,Times,Terse,3ms,
163246,3.265 s,Timing,Times,Terse,1ms,
163301,3.266 s,Timing,Times,Terse,1ms,
163361,3.267 s,Timing,Times,Terse,1ms,
163417,3.268 s,Timing,Times,Terse,57ms,
166284,3.326 s,Timing,Times,Terse,3ms,
166410,3.328 s,Timing,Times,Terse,3ms,
166542,3.331 s,Timing,Times,Terse,1ms,
166597,3.332 s,Timing,Times,Terse,3ms,
166743,3.335 s,Timing,Times,Terse,1ms,
166799,3.336 s,Timing,Times,Terse,1ms,
166859,3.337 s,Timing,Times,Terse,1ms,
166914,3.338 s,Timing,Times,Terse,1ms,
166974,3.339 s,Timing,Times,Terse,1ms,
167029,3.341 s,Timing,Times,Terse,3ms,
167176,3.344 s,Timing,Times,Terse,1ms,
167231,3.345 s,Timing,Times,Terse,3ms,
167377,3.348 s,Timing,Times,Terse,1ms,
167433,3.349 s,Timing,Times,Terse,1ms,
167493,3.350 s,Timing,Times,Terse,1ms,
167548,3.351 s,Timing,Times,Terse,1ms,
167608,3.352 s,Timing,Times,Terse,1ms,
167663,3.353 s,Timing,Times,Terse,1ms,
167723,3.354 s,Timing,Times,Terse,1ms,
167778,3.356 s,Timing,Times,Terse,1ms,
167838,3.357 s,Timing,Times,Terse,1ms,
167894,3.358 s,Timing,Times,Terse,1ms,
167954,3.359 s,Timing,Times,Terse,1ms,
168009,3.360 s,Timing,Times,Terse,1ms,
168069,3.361 s,Timing,Times,Terse,1ms,
168124,3.362 s,Timing,Times,Terse,3ms,
168270,3.365 s,Timing,Times,Terse,1ms,
168326,3.367 s,Timing,Times,Terse,1ms,
168386,3.368 s,Timing,Times,Terse,1ms,
168441,3.369 s,Timing,Times,Terse,3ms,
168587,3.372 s,Timing,Times,Terse,1ms,
168643,3.373 s,Timing,Times,Terse,3ms,
168789,3.376 s,Timing,Times,Terse,1ms,
168844,3.377 s,Timing,Times,Terse,1ms,
168904,3.378 s,Timing,Times,Terse,1ms,
168960,3.379 s,Timing,Times,Terse,57ms,
171827,3.437 s,Timing,Times,Terse,3ms,
171953,3.439 s,Timing,Times,Terse,3ms,
172085,3.442 s,Timing,Times,Terse,1ms,
172140,3.443 s,Timing,Times,Terse,3ms,
172286,3.446 s,Timing,Times,Terse,1ms,
172342,3.447 s,Timing,Times,Terse,1ms,
172401,3.448 s,Timing,Times,Terse,1ms,
172457,3.449 s,Timing,Times,Terse,1ms,
172517,3.450 s,Timing,Times,Terse,1ms,
172572,3.451 s,Timing,Times,Terse,3ms,
172718,3.454 s,Timing,Times,Terse,1ms,
172774,3.455 s,Timing,Times,Terse,3ms,
172920,3.458 s,Timing,Times,Terse,1ms,
172975,3.459 s,Timing,Times,Terse,1ms,
173035,3.461 s,Timing,Times,Terse,1ms,
173091,3.462 s,Timing,Times,Terse,1ms,
173151,3.463 s,Timing,Times,Terse,1ms,
173206,3.464 s,Timing,Times,Terse,1ms,
173266,3.465 s,Timing,Times,Terse,1ms,
173321,3.466 s,Timing,Times,Terse,1ms,
173381,3.468 s,Timing,Times,Terse,1ms,
173436,3.469 s,Timing,Times,Terse,1ms,
173496,3.470 s,Timing,Times,Terse,1ms,
173552,3.471 s,Timing,Times,Terse,1ms,
173612,3.472 s,Timing,Times,Terse,1ms,
173667,3.473 s,Timing,Times,Terse,3ms,
173813,3.476 s,Timing,Times,Terse,1ms,
173868,3.477 s,Timing,Times,Terse,1ms,
173929,3.479 s,Timing,Times,Terse,1ms,
173984,3.480 s,Timing,Times,Terse,3ms,
174130,3.483 s,Timing,Times,Terse,1ms,
174185,3.484 s,Timing,Times,Terse,3ms,
174332,3.487 s,Timing,Times,Terse,1ms,
174387,3.488 s,Timing,Times,Terse,1ms,
174447,3.489 s,Timing,Times,Terse,1ms,
174502,3.490 s,Timing,Times,Terse,57ms,
177369,3.547 s,Timing,Times,Terse,3ms,
177495,3.550 s,Timing,Times,Terse,3ms,
177627,3.553 s,Timing,Times,Terse,1ms,
177683,3.554 s,Timing,Times,Terse,3ms,
177829,3.557 s,Timing,Times,Terse,1ms,
177884,3.558 s,Timing,Times,Terse,1ms,
177944,3.559 s,Timing,Times,Terse,1ms,
178000,3.560 s,Timing,Times,Terse,1ms,
178060,3.561 s,Timing,Times,Terse,1ms,
178115,3.562 s,Timing,Times,Terse,3ms,
178261,3.565 s,Timing,Times,Terse,1ms,
178317,3.566 s,Timing,Times,Terse,3ms,
178463,3.569 s,Timing,Times,Terse,1ms,
178518,3.570 s,Timing,Times,Terse,1ms,
178578,3.572 s,Timing,Times,Terse,1ms,
178633,3.573 s,Timing,Times,Terse,1ms,
178693,3.574 s,Timing,Times,Terse,1ms,
178749,3.575 s,Timing,Times,Terse,1ms,
178809,3.576 s,Timing,Times,Terse,1ms,
178864,3.577 s,Timing,Times,Terse,1ms,
178924,3.578 s,Timing,Times,Terse,1ms,
178979,3.580 s,Timing,Times,Terse,1ms,
179039,3.581 s,Timing,Times,Terse,1ms,
179094,3.582 s,Timing,Times,Terse,1ms,
179154,3.583 s,Timing,Times,Terse,1ms,
179210,3.584 s,Timing,Times,Terse,3ms,
179356,3.587 s,Timing,Times,Terse,1ms,
179411,3.588 s,Timing,Times,Terse,1ms,
179471,3.589 s,Timing,Times,Terse,1ms,
179527,3.591 s,Timing,Times,Terse,3ms,
179673,3.593 s,Timing,Times,Terse,1ms,
179728,3.595 s,Timing,Times,Terse,3ms,
179875,3.598 s,Timing,Times,Terse,1ms,
179930,3.599 s,Timing,Times,Terse,1ms,
179990,3.600 s,Timing,Times,Terse,1ms,
180045,3.601 s,Timing,Times,Terse,57ms,
182912,3.658 s,Timing,Times,Terse,3ms,
183038,3.661 s,Timing,Times,Terse,3ms,
183170,3.663 s,Timing,Times,Terse,1ms,
183226,3.665 s,Timing,Times,Terse,3ms,
183372,3.667 s,Timing,Times,Terse,1ms,
183427,3.669 s,Timing,Times,Terse,1ms,
183487,3.670 s,Timing,Times,Terse,1ms,
183542,3.671 s,Timing,Times,Terse,1ms,
183602,3.672 s,Timing,Times,Terse,1ms,
183658,3.673 s,Timing,Times,Terse,3ms,
183804,3.676 s,Timing,Times,Terse,1ms,
183859,3.677 s,Timing,Times,Terse,3ms,
184006,3.680 s,Timing,Times,Terse,1ms,
184061,3.681 s,Timing,Times,Terse,1ms,
184121,3.682 s,Timing,Times,Terse,1ms,
184176,3.684 s,Timing,Times,Terse,1ms,
184236,3.685 s,Timing,Times,Terse,1ms,
184291,3.686 s,Timing,Times,Terse,1ms,
184351,3.687 s,Timing,Times,Terse,1ms,
184407,3.688 s,Timing,Times,Terse,1ms,
184467,3.689 s,Timing,Times,Terse,1ms,
184522,3.690 s,Timing,Times,Terse,1ms,
184582,3.692 s,Timing,Times,Terse,1ms,
184637,3.693 s,Timing,Times,Terse,1ms,
184697,3.694 s,Timing,Times,Terse,1ms,
184752,3.695 s,Timing,Times,Terse,3ms,
184899,3.698 s,Timing,Times,Terse,1ms,
184954,3.699 s,Timing,Times,Terse,1ms,
185014,3.700 s,Timing,Times,Terse,1ms,
185069,3.701 s,Timing,Times,Terse,3ms,
185216,3.704 s,Timing,Times,Terse,1ms,
185271,3.705 s,Timing,Times,Terse,3ms,
185417,3.708 s,Timing,Times,Terse,1ms,
185473,3.709 s,Timing,Times,Terse,1ms,
185533,3.711 s,Timing,Times,Terse,1ms,
185588,3.712 s,Timing,Times,Terse,57ms,
188455,3.769 s,Timing,Times,Terse,3ms,
188581,3.772 s,Timing,Times,Terse,3ms,
188713,3.774 s,Timing,Times,Terse,1ms,
188768,3.775 s,Timing,Times,Terse,3ms,
188915,3.778 s,Timing,Times,Terse,1ms,
188970,3.779 s,Timing,Times,Terse,1ms,
189030,3.781 s,Timing,Times,Terse,1ms,
189085,3.782 s,Timing,Times,Terse,1ms,
189145,3.783 s,Timing,Times,Terse,1ms,
189200,3.784 s,Timing,Times,Terse,3ms,
189347,3.787 s,Timing,Times,Terse,1ms,
189402,3.788 s,Timing,Times,Terse,3ms,
189548,3.791 s,Timing,Times,Terse,1ms,
189604,3.792 s,Timing,Times,Terse,1ms,
189664,3.793 s,Timing,Times,Terse,1ms,
189719,3.794 s,Timing,Times,Terse,1ms,
189779,3.796 s,Timing,Times,Terse,1ms,
189834,3.797 s,Timing,Times,Terse,1ms,
189894,3.798 s,Timing,Times,Terse,1ms,
189950,3.799 s,Timing,Times,Terse,1ms,
190010,3.800 s,Timing,Times,Terse,1ms,
190065,3.801 s,Timing,Times,Terse,1ms,
190125,3.803 s,Timing,Times,Terse,1ms,
190180,3.804 s,Timing,Times,Terse,1ms,
190240,3.805 s,Timing,Times,Terse,1ms,
190295,3.806 s,Timing,Times,Terse,3ms,
190442,3.809 s,Timing,Times,Terse,1ms,
190497,3.810 s,Timing,Times,Terse,1ms,
190557,3.811 s,Timing,Times,Terse,1ms,
190612,3.812 s,Timing,Times,Terse,3ms,
190759,3.815 s,Timing,Times,Terse,1ms,
190814,3.816 s,Timing,Times,Terse,3ms,
190960,3.819 s,Timing,Times,Terse,1ms,
191016,3.820 s,Timing,Times,Terse,1ms,
191076,3.822 s,Timing,Times,Terse,1ms,
191131,3.823 s,Timing,Times,Terse,57ms,
193998,3.880 s,Timing,Times,Terse,3ms,
194124,3.882 s,Timing,Times,Terse,3ms,
194256,3.885 s,Timing,Times,Terse,1ms,
194311,3.886 s,Timing,Times,Terse,3ms,
194457,3.889 s,Timing,Times,Terse,1ms,
194513,3.890 s,Timing,Times,Terse,1ms,
194573,3.891 s,Timing,Times,Terse,1ms,
194628,3.893 s,Timing,Times,Terse,1ms,
194688,3.894 s,Timing,Times,Terse,1ms,
194743,3.895 s,Timing,Times,Terse,3ms,
194890,3.898 s,Timing,Times,Terse,1ms,
194945,3.899 s,Timing,Times,Terse,3ms,
195091,3.902 s,Timing,Times,Terse,1ms,
195147,3.903 s,Timing,Times,Terse,1ms,
195207,3.904 s,Timing,Times,Terse,1ms,
195262,3.905 s,Timing,Times,Terse,1ms,
195322,3.906 s,Timing,Times,Terse,1ms,
195377,3.908 s,Timing,Times,Terse,1ms,
195437,3.909 s,Timing,Times,Terse,1ms,
195492,3.910 s,Timing,Times,Terse,1ms,
195552,3.911 s,Timing,Times,Terse,1ms,
195608,3.912 s,Timing,Times,Terse,1ms,
195668,3.913 s,Timing,Times,Terse,1ms,
195723,3.914 s,Timing,Times,Terse,1ms,
195783,3.916 s,Timing,Times,Terse,1ms,
195838,3.917 s,Timing,Times,Terse,3ms,
195985,3.920 s,Timing,Times,Terse,1ms,
196040,3.921 s,Timing,Times,Terse,1ms,
196100,3.922 s,Timing,Times,Terse,1ms,
196155,3.923 s,Timing,Times,Terse,3ms,
196301,3.926 s,Timing,Times,Terse,1ms,
196357,3.927 s,Timing,Times,Terse,3ms,
196503,3.930 s,Timing,Times,Terse,1ms,
196558,3.931 s,Timing,Times,Terse,1ms,
196618,3.932 s,Timing,Times,Terse,1ms,
196674,3.933 s,Timing,Times,Terse,57ms,
199541,3.991 s,Timing,Times,Terse,3ms,
199667,3.993 s,Timing,Times,Terse,3ms,
199799,3.996 s,Timing,Times,Terse,1ms,
199854,3.997 s,Timing,Times,Terse,3ms,
200000,4.000 s,Timing,Times,Terse,1ms,
200056,4.001 s,Timing,Times,Terse,1ms,
200116,4.002 s,Timing,Times,Terse,1ms,
200171,4.003 s,Timing,Times,Terse,1ms,
200231,4.005 s,Timing,Times,Terse,1ms,
200286,4.006 s,Timing,Times,Terse,3ms,
200432,4.009 s,Timing,Times,Terse,1ms,
200488,4.010 s,Timing,Times,Terse,3ms,
200634,4.013 s,Timing,Times,Terse,1ms,
200689,4.014 s,Timing,Times,Terse,1ms,
200749,4.015 s,Timing,Times,Terse,1ms,
200805,4.016 s,Timing,Times,Terse,1ms,
200865,4.017 s,Timing,Times,Terse,1ms,
200920,4.018 s,Timing,Times,Terse,1ms,
200980,4.020 s,Timing,Times,Terse,1ms,
201035,4.021 s,Timing,Times,Terse,1ms,
201095,4.022 s,Timing,Times,Terse,1ms,
201150,4.023 s,Timing,Times,Terse,1ms,
201210,4.024 s,Timing,Times,Terse,1ms,
201266,4.025 s,Timing,Times,Terse,1ms,
201326,4.027 s,Timing,Times,Terse,1ms,
201381,4.028 s,Timing,Times,Terse,3ms,
201527,4.031 s,Timing,Times,Terse,1ms,
201583,4.032 s,Timing,Times,Terse,1ms,
201643,4.033 s,Timing,Times,Terse,1ms,
201698,4.034 s,Timing,Times,Terse,3ms,
201844,4.037 s,Timing,Times,Terse,1ms,
201899,4.038 s,Timing,Times,Terse,3ms,
202046,4.041 s,Timing,Times,Terse,1ms,
202101,4.042 s,Timing,Times,Terse,1ms,
202161,4.043 s,Timing,Times,Terse,1ms,
202216,4.044 s,Timing,Times,Terse,57ms,
205083,4.102 s,Timing,Times,Terse,3ms,
205209,4.104 s,Timing,Times,Terse,3ms,
205341,4.107 s,Timing,Times,Terse,1ms,
205397,4.108 s,Timing,Times,Terse,3ms,
205543,4.111 s,Timing,Times,Terse,1ms,
205598,4.112 s,Timing,Times,Terse,1ms,
205658,4.113 s,Timing,Times,Terse,1ms,
205714,4.114 s,Timing,Times,Terse,1ms,
205774,4.115 s,Timing,Times,Terse,1ms,
205829,4.117 s,Timing,Times,Terse,3ms,
205975,4.120 s,Timing,Times,Terse,1ms,
206031,4.121 s,Timing,Times,Terse,3ms,
206177,4.124 s,Timing,Times,Terse,1ms,
206232,4.125 s,Timing,Times,Terse,1ms,
206292,4.126 s,Timing,Times,Terse,1ms,
206348,4.127 s,Timing,Times,Terse,1ms,
206407,4.128 s,Timing,Times,Terse,1ms,
206463,4.129 s,Timing,Times,Terse,1ms,
206523,4.130 s,Timing,Times,Terse,1ms,
206578,4.132 s,Timing,Times,Terse,1ms,
206638,4.133 s,Timing,Times,Terse,1ms,
206693,4.134 s,Timing,Times,Terse,1ms,
206753,4.135 s,Timing,Times,Terse,1ms,
206808,4.136 s,Timing,Times,Terse,1ms,
206868,4.137 s,Timing,Times,Terse,1ms,
206924,4.138 s,Timing,Times,Terse,3ms,
207070,4.141 s,Timing,Times,Terse,1ms,
207125,4.143 s,Timing,Times,Terse,1ms,
207185,4.144 s,Timing,Times,Terse,1ms,
207241,4.145 s,Timing,Times,Terse,3ms,
207387,4.148 s,Timing,Times,Terse,1ms,
207442,4.149 s,Timing,Times,Terse,3ms,
207589,4.152 s,Timing,Times,Terse,1ms,
207644,4.153 s,Timing,Times,Terse,1ms,
207704,4.154 s,Timing,Times,Terse,1ms,
207759,4.155 s,Timing,Times,Terse,57ms,
210626,4.213 s,Timing,Times,Terse,3ms,
210752,4.215 s,Timing,Times,Terse,3ms,
210884,4.218 s,Timing,Times,Terse,1ms,
210940,4.219 s,Timing,Times,Terse,3ms,
211086,4.222 s,Timing,Times,Terse,1ms,
211141,4.223 s,Timing,Times,Terse,1ms,
211201,4.224 s,Timing,Times,Terse,1ms,
211257,4.225 s,Timing,Times,Terse,1ms,
211316,4.226 s,Timing,Times,Terse,1ms,
211372,4.227 s,Timing,Times,Terse,3ms,
211518,4.230 s,Timing,Times,Terse,1ms,
211573,4.231 s,Timing,Times,Terse,3ms,
211720,4.234 s,Timing,Times,Terse,1ms,
211775,4.236 s,Timing,Times,Terse,1ms,
211835,4.237 s,Timing,Times,Terse,1ms,
211890,4.238 s,Timing,Times,Terse,1ms,
211950,4.239 s,Timing,Times,Terse,1ms,
212006,4.240 s,Timing,Times,Terse,1ms,
212066,4.241 s,Timing,Times,Terse,1ms,
212121,4.242 s,Timing,Times,Terse,1ms,
212181,4.244 s,Timing,Times,Terse,1ms,
212236,4.245 s,Timing,Times,Terse,1ms,
212296,4.246 s,Timing,Times,Terse,1ms,
212351,4.247 s,Timing,Times,Terse,1ms,
212411,4.248 s,Timing,Times,Terse,1ms,
212467,4.249 s,Timing,Times,Terse,3ms,
212613,4.252 s,Timing,Times,Terse,1ms,
212668,4.253 s,Timing,Times,Terse,1ms,
212728,4.255 s,Timing,Times,Terse,1ms,
212783,4.256 s,Timing,Times,Terse,3ms,
212930,4.259 s,Timing,Times,Terse,1ms,
212985,4.260 s,Timing,Times,Terse,3ms,
213132,4.263 s,Timing,Times,Terse,1ms,
213187,4.264 s,Timing,Times,Terse,1ms,
213247,4.265 s,Timing,Times,Terse,1ms,
213302,4.266 s,Timing,Times,Terse,57ms,
216169,4.323 s,Timing,Times,Terse,3ms,
216295,4.326 s,Timing,Times,Terse,3ms,
216427,4.329 s,Timing,Times,Terse,1ms,
216482,4.330 s,Timing,Times,Terse,3ms,
216629,4.333 s,Timing,Times,Terse,1ms,
216684,4.334 s,Timing,Times,Terse,1ms,
216744,4.335 s,Timing,Times,Terse,1ms,
216799,4.336 s,Timing,Times,Terse,1ms,
216859,4.337 s,Timing,Times,Terse,1ms,
216915,4.338 s,Timing,Times,Terse,3ms,
217061,4.341 s,Timing,Times,Terse,1ms,
217116,4.342 s,Timing,Times,Terse,3ms,
217263,4.345 s,Timing,Times,Terse,1ms,
217318,4.346 s,Timing,Times,Terse,1ms,
217378,4.348 s,Timing,Times,Terse,1ms,
217433,4.349 s,Timing,Times,Terse,1ms,
217493,4.350 s,Timing,Times,Terse,1ms,
217548,4.351 s,Timing,Times,Terse,1ms,
217608,4.352 s,Timing,Times,Terse,1ms,
217664,4.353 s,Timing,Times,Terse,1ms,
217724,4.354 s,Timing,Times,Terse,1ms,
217779,4.356 s,Timing,Times,Terse,1ms,
217839,4.357 s,Timing,Times,Terse,1ms,
217894,4.358 s,Timing,Times,Terse,1ms,
217954,4.359 s,Timing,Times,Terse,1ms,
218009,4.360 s,Timing,Times,Terse,3ms,
218156,4.363 s,Timing,Times,Terse,1ms,
218211,4.364 s,Timing,Times,Terse,1ms,
218271,4.365 s,Timing,Times,Terse,1ms,
218326,4.367 s,Timing,Times,Terse,3ms,
218473,4.369 s,Timing,Times,Terse,1ms,
218528,4.371 s,Timing,Times,Terse,3ms,
218674,4.373 s,Timing,Times,Terse,1ms,
218730,4.375 s,Timing,Times,Terse,1ms,
218790,4.376 s,Timing,Times,Terse,1ms,
218845,4.377 s,Timing,Times,Terse,57ms,
221712,4.434 s,Timing,Times,Terse,3ms,
221838,4.437 s,Timing,Times,Terse,3ms,
221970,4.439 s,Timing,Times,Terse,1ms,
222025,4.441 s,Timing,Times,Terse,3ms,
222172,4.443 s,Timing,Times,Terse,1ms,
222227,4.445 s,Timing,Times,Terse,1ms,
222287,4.446 s,Timing,Times,Terse,1ms,
222342,4.447 s,Timing,Times,Terse,1ms,
222402,4.448 s,Timing,Times,Terse,1ms,
222457,4.449 s,Timing,Times,Terse,3ms,
222604,4.452 s,Timing,Times,Terse,1ms,
222659,4.453 s,Timing,Times,Terse,3ms,
222805,4.456 s,Timing,Times,Terse,1ms,
222861,4.457 s,Timing,Times,Terse,1ms,
222921,4.458 s,Timing,Times,Terse,1ms,
222976,4.460 s,Timing,Times,Terse,1ms,
223036,4.461 s,Timing,Times,Terse,1ms,
223091,4.462 s,Timing,Times,Terse,1ms,
223151,4.463 s,Timing,Times,Terse,1ms,
223206,4.464 s,Timing,Times,Terse,1ms,
223266,4.465 s,Timing,Times,Terse,1ms,
223322,4.466 s,Timing,Times,Terse,1ms,
223382,4.468 s,Timing,Times,Terse,1ms,
223437,4.469 s,Timing,Times,Terse,1ms,
223497,4.470 s,Timing,Times,Terse,1ms,
223552,4.471 s,Timing,Times,Terse,3ms,
223699,4.474 s,Timing,Times,Terse,1ms,
223754,4.475 s,Timing,Times,Terse,1ms,
223814,4.476 s,Timing,Times,Terse,1ms,
223869,4.477 s,Timing,Times,Terse,3ms,
224016,4.480 s,Timing,Times,Terse,1ms,
224071,4.481 s,Timing,Times,Terse,3ms,
224217,4.484 s,Timing,Times,Terse,1ms,
224272,4.485 s,Timing,Times,Terse,1ms,
224332,4.487 s,Timing,Times,Terse,1ms,
224388,4.488 s,Timing,Times,Terse,57ms,
227255,4.545 s,Timing,Times,Terse,3ms,
227381,4.548 s,Timing,Times,Terse,3ms,
227513,4.550 s,Timing,Times,Terse,1ms,
227568,4.551 s,Timing,Times,Terse,3ms,
227714,4.554 s,Timing,Times,Terse,1ms,
227770,4.555 s,Timing,Times,Terse,1ms,
227830,4.557 s,Timing,Times,Terse,1ms,
227885,4.558 s,Timing,Times,Terse,1ms,
227945,4.559 s,Timing,Times,Terse,1ms,
228000,4.560 s,Timing,Times,Terse,3ms,
228147,4.563 s,Timing,Times,Terse,1ms,
228202,4.564 s,Timing,Times,Terse,3ms,
228348,4.567 s,Timing,Times,Terse,1ms,
228404,4.568 s,Timing,Times,Terse,1ms,
228464,4.569 s,Timing,Times,Terse,1ms,
228519,4.570 s,Timing,Times,Terse,1ms,
228579,4.572 s,Timing,Times,Terse,1ms,
228634,4.573 s,Timing,Times,Terse,1ms,
228694,4.574 s,Timing,Times,Terse,1ms,
228749,4.575 s,Timing,Times,Terse,1ms,
228809,4.576 s,Timing,Times,Terse,1ms,
228865,4.577 s,Timing,Times,Terse,1ms,
228924,4.578 s,Timing,Times,Terse,1ms,
228980,4.580 s,Timing,Times,Terse,1ms,
229040,4.581 s,Timing,Times,Terse,1ms,
229095,4.582 s,Timing,Times,Terse,3ms,
229241,4.585 s,Timing,Times,Terse,1ms,
229297,4.586 s,Timing,Times,Terse,1ms,
229357,4.587 s,Timing,Times,Terse,1ms,
229412,4.588 s,Timing,Times,Terse,3ms,
229558,4.591 s,Timing,Times,Terse,1ms,
229614,4.592 s,Timing,Times,Terse,3ms,
229760,4.595 s,Timing,Times,Terse,1ms,
229815,4.596 s,Timing,Times,Terse,1ms,
229875,4.598 s,Timing,Times,Terse,1ms,
229931,4.599 s,Timing,Times,Terse,57ms,
232798,4.656 s,Timing,Times,Terse,3ms,
232924,4.658 s,Timing,Times,Terse,3ms,
233056,4.661 s,Timing,Times,Terse,1ms,
233111,4.662 s,Timing,Times,Terse,3ms,
233257,4.665 s,Timing,Times,Terse,1ms,
233313,4.666 s,Timing,Times,Terse,1ms,
233373,4.667 s,Timing,Times,Terse,1ms,
233428,4.669 s,Timing,Times,Terse,1ms,
233488,4.670 s,Timing,Times,Terse,1ms,
233543,4.671 s,Timing,Times,Terse,3ms,
233689,4.674 s,Timing,Times,Terse,1ms,
233745,4.675 s,Timing,Times,Terse,3ms,
233891,4.678 s,Timing,Times,Terse,1ms,
233946,4.679 s,Timing,Times,Terse,1ms,
234006,4.680 s,Timing,Times,Terse,1ms,
234062,4.681 s,Timing,Times,Terse,1ms,
234122,4.682 s,Timing,Times,Terse,1ms,
234177,4.684 s,Timing,Times,Terse,1ms,
234237,4.685 s,Timing,Times,Terse,1ms,
234292,4.686 s,Timing,Times,Terse,1ms,
234352,4.687 s,Timing,Times,Terse,1ms,
234407,4.688 s,Timing,Times,Terse,1ms,
234467,4.689 s,Timing,Times,Terse,1ms,
234523,4.690 s,Timing,Times,Terse,1ms,
234583,4.692 s,Timing,Times,Terse,1ms,
234638,4.693 s,Timing,Times,Terse,3ms,
234784,4.696 s,Timing,Times,Terse,1ms,
234839,4.697 s,Timing,Times,Terse,1ms,
234900,4.698 s,Timing,Times,Terse,1ms,
234955,4.699 s,Timing,Times,Terse,3ms,
235101,4.702 s,Timing,Times,Terse,1ms,
235156,4.703 s,Timing,Times,Terse,3ms,
235303,4.706 s,Timing,Times,Terse,1ms,
235358,4.707 s,Timing,Times,Terse,1ms,
235418,4.708 s,Timing,Times,Terse,1ms,
235473,4.709 s,Timing,Times,Terse,57ms,
238340,4.767 s,Timing,Times,Terse,3ms,
238466,4.769 s,Timing,Times,Terse,3ms,
238598,4.772 s,Timing,Times,Terse,1ms,
238654,4.773 s,Timing,Times,Terse,3ms,
238800,4.776 s,Timing,Times,Terse,1ms,
238855,4.777 s,Timing,Times,Terse,1ms,
238915,4.778 s,Timing,Times,Terse,1ms,
238971,4.779 s,Timing,Times,Terse,1ms,
239031,4.781 s,Timing,Times,Terse,1ms,
239086,4.782 s,Timing,Times,Terse,3ms,
239232,4.785 s,Timing,Times,Terse,1ms,
239288,4.786 s,Timing,Times,Terse,3ms,
239434,4.789 s,Timing,Times,Terse,1ms,
239489,4.790 s,Timing,Times,Terse,1ms,
239549,4.791 s,Timing,Times,Terse,1ms,
239604,4.792 s,Timing,Times,Terse,1ms,
239664,4.793 s,Timing,Times,Terse,1ms,
239720,4.794 s,Timing,Times,Terse,1ms,
239780,4.796 s,Timing,Times,Terse,1ms,
239835,4.797 s,Timing,Times,Terse,1ms,
239895,4.798 s,Timing,Times,Terse,1ms,
239950,4.799 s,Timing,Times,Terse,1ms,
240010,4.800 s,Timing,Times,Terse,1ms,
240065,4.801 s,Timing,Times,Terse,1ms,
240125,4.803 s,Timing,Times,Terse,1ms,
240181,4.804 s,Timing,Times,Terse,3ms,
240327,4.807 s,Timing,Times,Terse,1ms,
240382,4.808 s,Timing,Times,Terse,1ms,
240442,4.809 s,Timing,Times,Terse,1ms,
240498,4.810 s,Timing,Times,Terse,3ms,
240644,4.813 s,Timing,Times,Terse,1ms,
240699,4.814 s,Timing,Times,Terse,3ms,
240846,4.817 s,Timing,Times,Terse,1ms,
240901,4.818 s,Timing,Times,Terse,1ms,
240961,4.819 s,Timing,Times,Terse,1ms,
241016,4.820 s,Timing,Times,Terse,57ms,
243883,4.878 s,Timing,Times,Terse,3ms,
244009,4.880 s,Timing,Times,Terse,3ms,
244141,4.883 s,Timing,Times,Terse,1ms,
244197,4.884 s,Timing,Times,Terse,3ms,
244343,4.887 s,Timing,Times,Terse,1ms,
244398,4.888 s,Timing,Times,Terse,1ms,
244458,4.889 s,Timing,Times,Terse,1ms,
244514,4.890 s,Timing,Times,Terse,1ms,
244573,4.891 s,Timing,Times,Terse,1ms,
244629,4.893 s,Timing,Times,Terse,3ms,
244775,4.896 s,Timing,Times,Terse,1ms,
244830,4.897 s,Timing,Times,Terse,3ms,
244977,4.900 s,Timing,Times,Terse,1ms,
245032,4.901 s,Timing,Times,Terse,1ms,
245092,4.902 s,Timing,Times,Terse,1ms,
245147,4.903 s,Timing,Times,Terse,1ms,
245207,4.904 s,Timing,Times,Terse,1ms,
245263,4.905 s,Timing,Times,Terse,1ms,
245322,4.906 s,Timing,Times,Terse,1ms,
245378,4.908 s,Timing,Times,Terse,1ms,
245438,4.909 s,Timing,Times,Terse,1ms,
245493,4.910 s,Timing,Times,Terse,1ms,
245553,4.911 s,Timing,Times,Terse,1ms,
245608,4.912 s,Timing,Times,Terse,1ms,
245668,4.913 s,Timing,Times,Terse,1ms,
245724,4.914 s,Timing,Times,Terse,3ms,
245870,4.917 s,Timing,Times,Terse,1ms,
245925,4.918 s,Timing,Times,Terse,1ms,
245985,4.920 s,Timing,Times,Terse,1ms,
246040,4.921 s,Timing,Times,Terse,3ms,
246187,4.924 s,Timing,Times,Terse,1ms,
246242,4.925 s,Timing,Times,Terse,3ms,
246389,4.928 s,Timing,Times,Terse,1ms,
246444,4.929 s,Timing,Times,Terse,1ms,
246504,4.930 s,Timing,Times,Terse,1ms,
246559,4.931 s,Timing,Times,Terse,57ms,
249426,4.989 s,Timing,Times,Terse,3ms,
249552,4.991 s,Timing,Times,Terse,3ms,
249684,4.994 s,Timing,Times,Terse,1ms,
249739,4.995 s,Timing,Times,Terse,3ms,
249886,4.998 s,Timing,Times,Terse,1ms,
249941,4.999 s,Timing,Times,Terse,1ms,
250001,5.000 s,Timing,Times,Terse,1ms,
250056,5.001 s,Timing,Times,Terse,1ms,
250116,5.002 s,Timing,Times,Terse,1ms,
250172,5.003 s,Timing,Times,Terse,3ms,
250318,5.006 s,Timing,Times,Terse,1ms,
250373,5.007 s,Timing,Times,Terse,3ms,
250520,5.010 s,Timing,Times,Terse,1ms,
250575,5.011 s,Timing,Times,Terse,1ms,
250635,5.013 s,Timing,Times,Terse,1ms,
250690,5.014 s,Timing,Times,Terse,1ms,
250750,5.015 s,Timing,Times,Terse,1ms,
250805,5.016 s,Timing,Times,Terse,1ms,
250865,5.017 s,Timing,Times,Terse,1ms,
250921,5.018 s,Timing,Times,Terse,1ms,
250981,5.020 s,Timing,Times,Terse,1ms,
251036,5.021 s,Timing,Times,Terse,1ms,
251096,5.022 s,Timing,Times,Terse,1ms,
251151,5.023 s,Timing,Times,Terse,1ms,
251211,5.024 s,Timing,Times,Terse,1ms,
251266,5.025 s,Timing,Times,Terse,3ms,
251413,5.028 s,Timing,Times,Terse,1ms,
251468,5.029 s,Timing,Times,Terse,1ms,
251528,5.031 s,Timing,Times,Terse,1ms,
251583,5.032 s,Timing,Times,Terse,3ms,
251730,5.035 s,Timing,Times,Terse,1ms,
251785,5.036 s,Timing,Times,Terse,3ms,
251931,5.039 s,Timing,Times,Terse,1ms,
251987,5.040 s,Timing,Times,Terse,1ms,
252047,5.041 s,Timing,Times,Terse,1ms,
252102,5.042 s,Timing,Times,Terse,57ms,
254969,5.099 s,Timing,Times,Terse,3ms,
255095,5.102 s,Timing,Times,Terse,3ms,
255227,5.105 s,Timing,Times,Terse,1ms,
255282,5.106 s,Timing,Times,Terse,3ms,
255429,5.109 s,Timing,Times,Terse,1ms,
255484,5.110 s,Timing,Times,Terse,1ms,
255544,5.111 s,Timing,Times,Terse,1ms,
255599,5.112 s,Timing,Times,Terse,1ms,
255659,5.113 s,Timing,Times,Terse,1ms,
255714,5.114 s,Timing,Times,Terse,3ms,
255861,5.117 s,Timing,Times,Terse,1ms,
255916,5.118 s,Timing,Times,Terse,3ms,
256062,5.121 s,Timing,Times,Terse,1ms,
256118,5.122 s,Timing,Times,Terse,1ms,
256178,5.124 s,Timing,Times,Terse,1ms,
256233,5.125 s,Timing,Times,Terse,1ms,
256293,5.126 s,Timing,Times,Terse,1ms,
256348,5.127 s,Timing,Times,Terse,1ms,
256408,5.128 s,Timing,Times,Terse,1ms,
256464,5.129 s,Timing,Times,Terse,1ms,
256523,5.130 s,Timing,Times,Terse,1ms,
256579,5.132 s,Timing,Times,Terse,1ms,
256639,5.133 s,Timing,Times,Terse,1ms,
256694,5.134 s,Timing,Times,Terse,1ms,
256754,5.135 s,Timing,Times,Terse,1ms,
256809,5.136 s,Timing,Times,Terse,3ms,
256956,5.139 s,Timing,Times,Terse,1ms,
257011,5.140 s,Timing,Times,Terse,1ms,
257071,5.141 s,Timing,Times,Terse,1ms,
257126,5.143 s,Timing,Times,Terse,3ms,
257273,5.145 s,Timing,Times,Terse,1ms,
257328,5.147 s,Timing,Times,Terse,3ms,
257474,5.149 s,Timing,Times,Terse,1ms,
257529,5.151 s,Timing,Times,Terse,1ms,
257589,5.152 s,Timing,Times,Terse,1ms,
257645,5.153 s,Timing,Times,Terse,57ms,
260512,5.210 s,Timing,Times,Terse,3ms,
260638,5.213 s,Timing,Times,Terse,3ms,
260770,5.215 s,Timing,Times,Terse,1ms,
260825,5.216 s,Timing,Times,Terse,3ms,
260971,5.219 s,Timing,Times,Terse,1ms,
261027,5.221 s,Timing,Times,Terse,1ms,
261087,5.222 s,Timing,Times,Terse,1ms,
261142,5.223 s,Timing,Times,Terse,1ms,
261202,5.224 s,Timing,Times,Terse,1ms,
261257,5.225 s,Timing,Times,Terse,3ms,
261404,5.228 s,Timing,Times,Terse,1ms,
261459,5.229 s,Timing,Times,Terse,3ms,
261605,5.232 s,Timing,Times,Terse,1ms,
261661,5.233 s,Timing,Times,Terse,1ms,
261721,5.234 s,Timing,Times,Terse,1ms,
261776,5.236 s,Timing,Times,Terse,1ms,
261836,5.237 s,Timing,Times,Terse,1ms,
261891,5.238 s,Timing,Times,Terse,1ms,
261951,5.239 s,Timing,Times,Terse,1ms,
262006,5.240 s,Timing,Times,Terse,1ms,
262066,5.241 s,Timing,Times,Terse,1ms,
262122,5.242 s,Timing,Times,Terse,1ms,
262182,5.244 s,Timing,Times,Terse,1ms,
262237,5.245 s,Timing,Times,Terse,1ms,
262297,5.246 s,Timing,Times,Terse,1ms,
262352,5.247 s,Timing,Times,Terse,3ms,
262498,5.250 s,Timing,Times,Terse,1ms,
262554,5.251 s,Timing,Times,Terse,1ms,
262614,5.252 s,Timing,Times,Terse,1ms,
262669,5.253 s,Timing,Times,Terse,3ms,
262815,5.256 s,Timing,Times,Terse,1ms,
262871,5.257 s,Timing,Times,Terse,3ms,
263017,5.260 s,Timing,Times,Terse,1ms,
263072,5.261 s,Timing,Times,Terse,1ms,
263132,5.263 s,Timing,Times,Terse,1ms,
263188,5.264 s,Timing,Times,Terse,57ms,
266055,5.321 s,Timing,Times,Terse,3ms,
266181,5.324 s,Timing,Times,Terse,3ms,
266313,5.326 s,Timing,Times,Terse,1ms,
266368,5.327 s,Timing,Times,Terse,3ms,
266514,5.330 s,Timing,Times,Terse,1ms,
266570,5.331 s,Timing,Times,Terse,1ms,
266630,5.333 s,Timing,Times,Terse,1ms,
266685,5.334 s,Timing,Times,Terse,1ms,
266745,5.335 s,Timing,Times,Terse,1ms,
266800,5.336 s,Timing,Times,Terse,3ms,
266946,5.339 s,Timing,Times,Terse,1ms,
267002,5.340 s,Timing,Times,Terse,3ms,
267148,5.343 s,Timing,Times,Terse,1ms,
267203,5.344 s,Timing,Times,Terse,1ms,
267263,5.345 s,Timing,Times,Terse,1ms,
267319,5.346 s,Timing,Times,Terse,1ms,
267379,5.348 s,Timing,Times,Terse,1ms,
267434,5.349 s,Timing,Times,Terse,1ms,
267494,5.350 s,Timing,Times,Terse,1ms,
267549,5.351 s,Timing,Times,Terse,1ms,
267609,5.352 s,Timing,Times,Terse,1ms,
267664,5.353 s,Timing,Times,Terse,1ms,
267724,5.354 s,Timing,Times,Terse,1ms,
267780,5.356 s,Timing,Times,Terse,1ms,
267840,5.357 s,Timing,Times,Terse,1ms,
267895,5.358 s,Timing,Times,Terse,3ms,
268041,5.361 s,Timing,Times,Terse,1ms,
268097,5.362 s,Timing,Times,Terse,1ms,
268157,5.363 s,Timing,Times,Terse,1ms,
268212,5.364 s,Timing,Times,Terse,3ms,
268358,5.367 s,Timing,Times,Terse,1ms,
268413,5.368 s,Timing,Times,Terse,3ms,
268560,5.371 s,Timing,Times,Terse,1ms,
268615,5.372 s,Timing,Times,Terse,1ms,
268675,5.373 s,Timing,Times,Terse,1ms,
268730,5.375 s,Timing,Times,Terse,57ms,
271597,5.432 s,Timing,Times,Terse,3ms,
271724,5.434 s,Timing,Times,Terse,3ms,
271855,5.437 s,Timing,Times,Terse,1ms,
271911,5.438 s,Timing,Times,Terse,3ms,
272057,5.441 s,Timing,Times,Terse,1ms,
272112,5.442 s,Timing,Times,Terse,1ms,
272172,5.443 s,Timing,Times,Terse,1ms,
272228,5.445 s,Timing,Times,Terse,1ms,
272288,5.446 s,Timing,Times,Terse,1ms,
272343,5.447 s,Timing,Times,Terse,3ms,
272489,5.450 s,Timing,Times,Terse,1ms,
272545,5.451 s,Timing,Times,Terse,3ms,
272691,5.454 s,Timing,Times,Terse,1ms,
272746,5.455 s,Timing,Times,Terse,1ms,
272806,5.456 s,Timing,Times,Terse,1ms,
272862,5.457 s,Timing,Times,Terse,1ms,
272921,5.458 s,Timing,Times,Terse,1ms,
272977,5.460 s,Timing,Times,Terse,1ms,
273037,5.461 s,Timing,Times,Terse,1ms,
273092,5.462 s,Timing,Times,Terse,1ms,
273152,5.463 s,Timing,Times,Terse,1ms,
273207,5.464 s,Timing,Times,Terse,1ms,
273267,5.465 s,Timing,Times,Terse,1ms,
273323,5.466 s,Timing,Times,Terse,1ms,
273382,5.468 s,Timing,Times,Terse,1ms,
273438,5.469 s,Timing,Times,Terse,3ms,
273584,5.472 s,Timing,Times,Terse,1ms,
273639,5.473 s,Timing,Times,Terse,1ms,
273699,5.474 s,Timing,Times,Terse,1ms,
273755,5.475 s,Timing,Times,Terse,3ms,
273901,5.478 s,Timing,Times,Terse,1ms,
273956,5.479 s,Timing,Times,Terse,3ms,
274103,5.482 s,Timing,Times,Terse,1ms,
274158,5.483 s,Timing,Times,Terse,1ms,
274218,5.484 s,Timing,Times,Terse,1ms,
274273,5.485 s,Timing,Times,Terse,57ms,
277140,5.543 s,Timing,Times,Terse,3ms,
277266,5.545 s,Timing,Times,Terse,3ms,
277398,5.548 s,Timing,Times,Terse,1ms,
277454,5.549 s,Timing,Times,Terse,3ms,
277600,5.552 s,Timing,Times,Terse,1ms,
277655,5.553 s,Timing,Times,Terse,1ms,
277715,5.554 s,Timing,Times,Terse,1ms,
277771,5.555 s,Timing,Times,Terse,1ms,
277830,5.557 s,Timing,Times,Terse,1ms,
277886,5.558 s,Timing,Times,Terse,3ms,
278032,5.561 s,Timing,Times,Terse,1ms,
278088,5.562 s,Timing,Times,Terse,3ms,
278234,5.565 s,Timing,Times,Terse,1ms,
278289,5.566 s,Timing,Times,Terse,1ms,
278349,5.567 s,Timing,Times,Terse,1ms,
278404,5.568 s,Timing,Times,Terse,1ms,
278464,5.569 s,Timing,Times,Terse,1ms,
278520,5.570 s,Timing,Times,Terse,1ms,
278580,5.572 s,Timing,Times,Terse,1ms,
278635,5.573 s,Timing,Times,Terse,1ms,
278695,5.574 s,Timing,Times,Terse,1ms,
278750,5.575 s,Timing,Times,Terse,1ms,
278810,5.576 s,Timing,Times,Terse,1ms,
278865,5.577 s,Timing,Times,Terse,1ms,
278925,5.579 s,Timing,Times,Terse,1ms,
278981,5.580 s,Timing,Times,Terse,3ms,
279127,5.583 s,Timing,Times,Terse,1ms,
279182,5.584 s,Timing,Times,Terse,1ms,
279242,5.585 s,Timing,Times,Terse,1ms,
279297,5.586 s,Timing,Times,Terse,3ms,
279444,5.589 s,Timing,Times,Terse,1ms,
279499,5.590 s,Timing,Times,Terse,3ms,
279646,5.593 s,Timing,Times,Terse,1ms,
279701,5.594 s,Timing,Times,Terse,1ms,
279761,5.595 s,Timing,Times,Terse,1ms,
279816,5.596 s,Timing,Times,Terse,57ms,
282683,5.654 s,Timing,Times,Terse,3ms,
282809,5.656 s,Timing,Times,Terse,3ms,
282941,5.659 s,Timing,Times,Terse,1ms,
282997,5.660 s,Timing,Times,Terse,3ms,
283143,5.663 s,Timing,Times,Terse,1ms,
283198,5.664 s,Timing,Times,Terse,1ms,
283258,5.665 s,Timing,Times,Terse,1ms,
283313,5.666 s,Timing,Times,Terse,1ms,
283373,5.667 s,Timing,Times,Terse,1ms,
283429,5.669 s,Timing,Times,Terse,3ms,
283575,5.671 s,Timing,Times,Terse,1ms,
283630,5.673 s,Timing,Times,Terse,3ms,
283777,5.676 s,Timing,Times,Terse,1ms,
283832,5.677 s,Timing,Times,Terse,1ms,
283892,5.678 s,Timing,Times,Terse,1ms,
283947,5.679 s,Timing,Times,Terse,1ms,
284007,5.680 s,Timing,Times,Terse,1ms,
284062,5.681 s,Timing,Times,Terse,1ms,
284122,5.682 s,Timing,Times,Terse,1ms,
284178,5.684 s,Timing,Times,Terse,1ms,
284238,5.685 s,Timing,Times,Terse,1ms,
284293,5.686 s,Timing,Times,Terse,1ms,
284353,5.687 s,Timing,Times,Terse,1ms,
284408,5.688 s,Timing,Times,Terse,1ms,
284468,5.689 s,Timing,Times,Terse,1ms,
284523,5.690 s,Timing,Times,Terse,3ms,
284670,5.693 s,Timing,Times,Terse,1ms,
284725,5.694 s,Timing,Times,Terse,1ms,
284785,5.696 s,Timing,Times,Terse,1ms,
284840,5.697 s,Timing,Times,Terse,3ms,
284987,5.700 s,Timing,Times,Terse,1ms,
285042,5.701 s,Timing,Times,Terse,3ms,
285188,5.704 s,Timing,Times,Terse,1ms,
285244,5.705 s,Timing,Times,Terse,1ms,
285304,5.706 s,Timing,Times,Terse,1ms,
285359,5.707 s,Timing,Times,Terse,57ms,
288226,5.765 s,Timing,Times,Terse,3ms,
288352,5.767 s,Timing,Times,Terse,3ms,
288484,5.770 s,Timing,Times,Terse,1ms,
288539,5.771 s,Timing,Times,Terse,3ms,
288686,5.774 s,Timing,Times,Terse,1ms,
288741,5.775 s,Timing,Times,Terse,1ms,
288801,5.776 s,Timing,Times,Terse,1ms,
288856,5.777 s,Timing,Times,Terse,1ms,
288916,5.778 s,Timing,Times,Terse,1ms,
288972,5.779 s,Timing,Times,Terse,3ms,
289118,5.782 s,Timing,Times,Terse,1ms,
289173,5.783 s,Timing,Times,Terse,3ms,
289320,5.786 s,Timing,Times,Terse,1ms,
289375,5.787 s,Timing,Times,Terse,1ms,
289435,5.789 s,Timing,Times,Terse,1ms,
289490,5.790 s,Timing,Times,Terse,1ms,
289550,5.791 s,Timing,Times,Terse,1ms,
289605,5.792 s,Timing,Times,Terse,1ms,
289665,5.793 s,Timing,Times,Terse,1ms,
289721,5.794 s,Timing,Times,Terse,1ms,
289781,5.796 s,Timing,Times,Terse,1ms,
289836,5.797 s,Timing,Times,Terse,1ms,
289896,5.798 s,Timing,Times,Terse,1ms,
289951,5.799 s,Timing,Times,Terse,1ms,
290011,5.800 s,Timing,Times,Terse,1ms,
290066,5.801 s,Timing,Times,Terse,3ms,
290213,5.804 s,Timing,Times,Terse,1ms,
290268,5.805 s,Timing,Times,Terse,1ms,
290328,5.807 s,Timing,Times,Terse,1ms,
290383,5.808 s,Timing,Times,Terse,3ms,
290530,5.811 s,Timing,Times,Terse,1ms,
290585,5.812 s,Timing,Times,Terse,3ms,
290731,5.815 s,Timing,Times,Terse,1ms,
290787,5.816 s,Timing,Times,Terse,1ms,
290847,5.817 s,Timing,Times,Terse,1ms,
290902,5.818 s,Timing,Times,Terse,57ms,
293769,5.875 s,Timing,Times,Terse,3ms,
293895,5.878 s,Timing,Times,Terse,3ms,
294027,5.881 s,Timing,Times,Terse,1ms,
294082,5.882 s,Timing,Times,Terse,3ms,
294229,5.885 s,Timing,Times,Terse,1ms,
294284,5.886 s,Timing,Times,Terse,1ms,
294344,5.887 s,Timing,Times,Terse,1ms,
294399,5.888 s,Timing,Times,Terse,1ms,
294459,5.889 s,Timing,Times,Terse,1ms,
294514,5.890 s,Timing,Times,Terse,3ms,
294661,5.893 s,Timing,Times,Terse,1ms,
294716,5.894 s,Timing,Times,Terse,3ms,
294862,5.897 s,Timing,Times,Terse,1ms,
294918,5.898 s,Timing,Times,Terse,1ms,
294978,5.900 s,Timing,Times,Terse,1ms,
295033,5.901 s,Timing,Times,Terse,1ms,
295093,5.902 s,Timing,Times,Terse,1ms,
295148,5.903 s,Timing,Times,Terse,1ms,
295208,5.904 s,Timing,Times,Terse,1ms,
295263,5.905 s,Timing,Times,Terse,1ms,
295323,5.906 s,Timing,Times,Terse,1ms,
295379,5.908 s,Timing,Times,Terse,1ms,
295439,5.909 s,Timing,Times,Terse,1ms,
295494,5.910 s,Timing,Times,Terse,1ms,
295554,5.911 s,Timing,Times,Terse,1ms,
295609,5.912 s,Timing,Times,Terse,3ms,
295756,5.915 s,Timing,Times,Terse,1ms,
295811,5.916 s,Timing,Times,Terse,1ms,
295871,5.917 s,Timing,Times,Terse,1ms,
295926,5.919 s,Timing,Times,Terse,3ms,
296073,5.921 s,Timing,Times,Terse,1ms,
296128,5.923 s,Timing,Times,Terse,3ms,
296274,5.925 s,Timing,Times,Terse,1ms,
296329,5.927 s,Timing,Times,Terse,1ms,
296389,5.928 s,Timing,Times,Terse,1ms,
296445,5.929 s,Timing,Times,Terse,57ms,
299312,5.986 s,Timing,Times,Terse,3ms,
299438,5.989 s,Timing,Times,Terse,3ms,
299570,5.991 s,Timing,Times,Terse,1ms,
299625,5.992 s,Timing,Times,Terse,3ms,
299771,5.995 s,Timing,Times,Terse,1ms,
299827,5.997 s,Timing,Times,Terse,1ms,
299887,5.998 s,Timing,Times,Terse,1ms,
299942,5.999 s,Timing,Times,Terse,1ms,
300002,6.000 s,Timing,Times,Terse,1ms,
300057,6.001 s,Timing,Times,Terse,3ms,
300204,6.004 s,Timing,Times,Terse,1ms,
300259,6.005 s,Timing,Times,Terse,3ms,
300405,6.008 s,Timing,Times,Terse,1ms,
300461,6.009 s,Timing,Times,Terse,1ms,
300521,6.010 s,Timing,Times,Terse,1ms,
300576,6.012 s,Timing,Times,Terse,1ms,
300636,6.013 s,Timing,Times,Terse,1ms,
300691,6.014 s,Timing,Times,Terse,1ms,
300751,6.015 s,Timing,Times,Terse,1ms,
300806,6.016 s,Timing,Times,Terse,1ms,
300866,6.017 s,Timing,Times,Terse,1ms,
300921,6.018 s,Timing,Times,Terse,1ms,
300982,6.020 s,Timing,Times,Terse,1ms,
301037,6.021 s,Timing,Times,Terse,1ms,
301097,6.022 s,Timing,Times,Terse,1ms,
301152,6.023 s,Timing,Times,Terse,3ms,
301298,6.026 s,Timing,Times,Terse,1ms,
301354,6.027 s,Timing,Times,Terse,1ms,
301414,6.028 s,Timing,Times,Terse,1ms,
301469,6.029 s,Timing,Times,Terse,3ms,
301615,6.032 s,Timing,Times,Terse,1ms,
301671,6.033 s,Timing,Times,Terse,3ms,
301817,6.036 s,Timing,Times,Terse,1ms,
301872,6.037 s,Timing,Times,Terse,1ms,
301932,6.039 s,Timing,Times,Terse,1ms,
301988,6.040 s,Timing,Times,Terse,57ms,
304855,6.097 s,Timing,Times,Terse,3ms,
304981,6.100 s,Timing,Times,Terse,3ms,
305113,6.102 s,Timing,Times,Terse,1ms,
305168,6.103 s,Timing,Times,Terse,3ms,
305314,6.106 s,Timing,Times,Terse,1ms,
305370,6.107 s,Timing,Times,Terse,1ms,
305430,6.109 s,Timing,Times,Terse,1ms,
305485,6.110 s,Timing,Times,Terse,1ms,
305545,6.111 s,Timing,Times,Terse,1ms,
305600,6.112 s,Timing,Times,Terse,3ms,
305746,6.115 s,Timing,Times,Terse,1ms,
305802,6.116 s,Timing,Times,Terse,3ms,
305948,6.119 s,Timing,Times,Terse,1ms,
306003,6.120 s,Timing,Times,Terse,1ms,
306063,6.121 s,Timing,Times,Terse,1ms,
306119,6.122 s,Timing,Times,Terse,1ms,
306179,6.124 s,Timing,Times,Terse,1ms,
306234,6.125 s,Timing,Times,Terse,1ms,
306294,6.126 s,Timing,Times,Terse,1ms,
306349,6.127 s,Timing,Times,Terse,1ms,
306409,6.128 s,Timing,Times,Terse,1ms,
306464,6.129 s,Timing,Times,Terse,1ms,
306524,6.130 s,Timing,Times,Terse,1ms,
306580,6.132 s,Timing,Times,Terse,1ms,
306640,6.133 s,Timing,Times,Terse,1ms,
306695,6.134 s,Timing,Times,Terse,3ms,
306841,6.137 s,Timing,Times,Terse,1ms,
306897,6.138 s,Timing,Times,Terse,1ms,
306957,6.139 s,Timing,Times,Terse,1ms,
307012,6.140 s,Timing,Times,Terse,3ms,
307158,6.143 s,Timing,Times,Terse,1ms,
307213,6.144 s,Timing,Times,Terse,3ms,
307360,6.147 s,Timing,Times,Terse,1ms,
307415,6.148 s,Timing,Times,Terse,1ms,
307475,6.149 s,Timing,Times,Terse,1ms,
307530,6.151 s,Timing,Times,Terse,57ms,
310397,6.208 s,Timing,Times,Terse,3ms,
310524,6.210 s,Timing,Times,Terse,3ms,
310655,6.213 s,Timing,Times,Terse,1ms,
310711,6.214 s,Timing,Times,Terse,3ms,
310857,6.217 s,Timing,Times,Terse,1ms,
310912,6.218 s,Timing,Times,Terse,1ms,
310972,6.219 s,Timing,Times,Terse,1ms,
311028,6.221 s,Timing,Times,Terse,1ms,
311088,6.222 s,Timing,Times,Terse,1ms,
311143,6.223 s,Timing,Times,Terse,3ms,
311289,6.226 s,Timing,Times,Terse,1ms,
311345,6.227 s,Timing,Times,Terse,3ms,
311491,6.230 s,Timing,Times,Terse,1ms,
311546,6.231 s,Timing,Times,Terse,1ms,
311606,6.232 s,Timing,Times,Terse,1ms,
311662,6.233 s,Timing,Times,Terse,1ms,
311721,6.234 s,Timing,Times,Terse,1ms,
311777,6.236 s,Timing,Times,Terse,1ms,
311837,6.237 s,Timing,Times,Terse,1ms,
311892,6.238 s,Timing,Times,Terse,1ms,
311952,6.239 s,Timing,Times,Terse,1ms,
312007,6.240 s,Timing,Times,Terse,1ms,
312067,6.241 s,Timing,Times,Terse,1ms,
312123,6.242 s,Timing,Times,Terse,1ms,
312182,6.244 s,Timing,Times,Terse,1ms,
312238,6.245 s,Timing,Times,Terse,3ms,
312384,6.248 s,Timing,Times,Terse,1ms,
312439,6.249 s,Timing,Times,Terse,1ms,
312499,6.250 s,Timing,Times,Terse,1ms,
312555,6.251 s,Timing,Times,Terse,3ms,
312701,6.254 s,Timing,Times,Terse,1ms,
312756,6.255 s,Timing,Times,Terse,3ms,
312903,6.258 s,Timing,Times,Terse,1ms,
312958,6.259 s,Timing,Times,Terse,1ms,
313018,6.260 s,Timing,Times,Terse,1ms,
313073,6.261 s,Timing,Times,Terse,57ms,
315940,6.319 s,Timing,Times,Terse,3ms,
316066,6.321 s,Timing,Times,Terse,3ms,
316198,6.324 s,Timing,Times,Terse,1ms,
316254,6.325 s,Timing,Times,Terse,3ms,
316400,6.328 s,Timing,Times,Terse,1ms,
316455,6.329 s,Timing,Times,Terse,1ms,
316515,6.330 s,Timing,Times,Terse,1ms,
316571,6.331 s,Timing,Times,Terse,1ms,
316631,6.333 s,Timing,Times,Terse,1ms,
316686,6.334 s,Timing,Times,Terse,3ms,
316832,6.337 s,Timing,Times,Terse,1ms,
316887,6.338 s,Timing,Times,Terse,3ms,
317034,6.341 s,Timing,Times,Terse,1ms,
317089,6.342 s,Timing,Times,Terse,1ms,
317149,6.343 s,Timing,Times,Terse,1ms,
317204,6.344 s,Timing,Times,Terse,1ms,
317264,6.345 s,Timing,Times,Terse,1ms,
317320,6.346 s,Timing,Times,Terse,1ms,
317380,6.348 s,Timing,Times,Terse,1ms,
317435,6.349 s,Timing,Times,Terse,1ms,
317495,6.350 s,Timing,Times,Terse,1ms,
317550,6.351 s,Timing,Times,Terse,1ms,
317610,6.352 s,Timing,Times,Terse,1ms,
317665,6.353 s,Timing,Times,Terse,1ms,
317725,6.354 s,Timing,Times,Terse,1ms,
317781,6.356 s,Timing,Times,Terse,3ms,
317927,6.359 s,Timing,Times,Terse,1ms,
317982,6.360 s,Timing,Times,Terse,1ms,
318042,6.361 s,Timing,Times,Terse,1ms,
318097,6.362 s,Timing,Times,Terse,3ms,
318244,6.365 s,Timing,Times,Terse,1ms,
318299,6.366 s,Timing,Times,Terse,3ms,
318446,6.369 s,Timing,Times,Terse,1ms,
318501,6.370 s,Timing,Times,Terse,1ms,
318561,6.371 s,Timing,Times,Terse,1ms,
318616,6.372 s,Timing,Times,Terse,57ms,
321483,6.430 s,Timing,Times,Terse,3ms,
321609,6.432 s,Timing,Times,Terse,3ms,
321741,6.435 s,Timing,Times,Terse,1ms,
321797,6.436 s,Timing,Times,Terse,3ms,
321943,6.439 s,Timing,Times,Terse,1ms,
321998,6.440 s,Timing,Times,Terse,1ms,
322058,6.441 s,Timing,Times,Terse,1ms,
322113,6.442 s,Timing,Times,Terse,1ms,
322173,6.443 s,Timing,Times,Terse,1ms,
322229,6.445 s,Timing,Times,Terse,3ms,
322375,6.447 s,Timing,Times,Terse,1ms,
322430,6.449 s,Timing,Times,Terse,3ms,
322577,6.452 s,Timing,Times,Terse,1ms,
322632,6.453 s,Timing,Times,Terse,1ms,
322692,6.454 s,Timing,Times,Terse,1ms,
322747,6.455 s,Timing,Times,Terse,1ms,
322807,6.456 s,Timing,Times,Terse,1ms,
322863,6.457 s,Timing,Times,Terse,1ms,
322922,6.458 s,Timing,Times,Terse,1ms,
322978,6.460 s,Timing,Times,Terse,1ms,
323038,6.461 s,Timing,Times,Terse,1ms,
323093,6.462 s,Timing,Times,Terse,1ms,
323153,6.463 s,Timing,Times,Terse,1ms,
323208,6.464 s,Timing,Times,Terse,1ms,
323268,6.465 s,Timing,Times,Terse,1ms,
323323,6.466 s,Timing,Times,Terse,3ms,
323470,6.469 s,Timing,Times,Terse,1ms,
323525,6.471 s,Timing,Times,Terse,1ms,
323585,6.472 s,Timing,Times,Terse,1ms,
323640,6.473 s,Timing,Times,Terse,3ms,
323787,6.476 s,Timing,Times,Terse,1ms,
323842,6.477 s,Timing,Times,Terse,3ms,
323988,6.480 s,Timing,Times,Terse,1ms,
324044,6.481 s,Timing,Times,Terse,1ms,
324104,6.482 s,Timing,Times,Terse,1ms,
324159,6.483 s,Timing,Times,Terse,57ms,
327026,6.541 s,Timing,Times,Terse,3ms,
327152,6.543 s,Timing,Times,Terse,3ms,
327284,6.546 s,Timing,Times,Terse,1ms,
327339,6.547 s,Timing,Times,Terse,3ms,
327486,6.550 s,Timing,Times,Terse,1ms,
327541,6.551 s,Timing,Times,Terse,1ms,
327601,6.552 s,Timing,Times,Terse,1ms,
327656,6.553 s,Timing,Times,Terse,1ms,
327716,6.554 s,Timing,Times,Terse,1ms,
327772,6.555 s,Timing,Times,Terse,3ms,
327918,6.558 s,Timing,Times,Terse,1ms,
327973,6.559 s,Timing,Times,Terse,3ms,
328120,6.562 s,Timing,Times,Terse,1ms,
328175,6.564 s,Timing,Times,Terse,1ms,
328235,6.565 s,Timing,Times,Terse,1ms,
328290,6.566 s,Timing,Times,Terse,1ms,
328350,6.567 s,Timing,Times,Terse,1ms,
328405,6.568 s,Timing,Times,Terse,1ms,
328465,6.569 s,Timing,Times,Terse,1ms,
328521,6.570 s,Timing,Times,Terse,1ms,
328581,6.572 s,Timing,Times,Terse,1ms,
328636,6.573 s,Timing,Times,Terse,1ms,
328696,6.574 s,Timing,Times,Terse,1ms,
328751,6.575 s,Timing,Times,Terse,1ms,
328811,6.576 s,Timing,Times,Terse,1ms,
328866,6.577 s,Timing,Times,Terse,3ms,
329013,6.580 s,Timing,Times,Terse,1ms,
329068,6.581 s,Timing,Times,Terse,1ms,
329128,6.583 s,Timing,Times,Terse,1ms,
329183,6.584 s,Timing,Times,Terse,3ms,
329330,6.587 s,Timing,Times,Terse,1ms,
329385,6.588 s,Timing,Times,Terse,3ms,
329531,6.591 s,Timing,Times,Terse,1ms,
329587,6.592 s,Timing,Times,Terse,1ms,
329647,6.593 s,Timing,Times,Terse,1ms,
329702,6.594 s,Timing,Times,Terse,57ms,
332569,6.651 s,Timing,Times,Terse,3ms,
332695,6.654 s,Timing,Times,Terse,3ms,
332827,6.657 s,Timing,Times,Terse,1ms,
332882,6.658 s,Timing,Times,Terse,3ms,
333029,6.661 s,Timing,Times,Terse,1ms,
333084,6.662 s,Timing,Times,Terse,1ms,
333144,6.663 s,Timing,Times,Terse,1ms,
333199,6.664 s,Timing,Times,Terse,1ms,
333259,6.665 s,Timing,Times,Terse,1ms,
333314,6.666 s,Timing,Times,Terse,3ms,
333461,6.669 s,Timing,Times,Terse,1ms,
333516,6.670 s,Timing,Times,Terse,3ms,
333662,6.673 s,Timing,Times,Terse,1ms,
333718,6.674 s,Timing,Times,Terse,1ms,
333778,6.676 s,Timing,Times,Terse,1ms,
333833,6.677 s,Timing,Times,Terse,1ms,
333893,6.678 s,Timing,Times,Terse,1ms,
333948,6.679 s,Timing,Times,Terse,1ms,
334008,6.680 s,Timing,Times,Terse,1ms,
334064,6.681 s,Timing,Times,Terse,1ms,
334123,6.682 s,Timing,Times,Terse,1ms,
334179,6.684 s,Timing,Times,Terse,1ms,
334239,6.685 s,Timing,Times,Terse,1ms,
334294,6.686 s,Timing,Times,Terse,1ms,
334354,6.687 s,Timing,Times,Terse,1ms,
334409,6.688 s,Timing,Times,Terse,3ms,
334556,6.691 s,Timing,Times,Terse,1ms,
334611,6.692 s,Timing,Times,Terse,1ms,
334671,6.693 s,Timing,Times,Terse,1ms,
334726,6.695 s,Timing,Times,Terse,3ms,
334873,6.697 s,Timing,Times,Terse,1ms,
334928,6.699 s,Timing,Times,Terse,3ms,
335074,6.701 s,Timing,Times,Terse,1ms,
335129,6.703 s,Timing,Times,Terse,1ms,
335189,6.704 s,Timing,Times,Terse,1ms,
335245,6.705 s,Timing,Times,Terse,57ms,
338112,6.762 s,Timing,Times,Terse,3ms,
338238,6.765 s,Timing,Times,Terse,3ms,
338370,6.767 s,Timing,Times,Terse,1ms,
338425,6.769 s,Timing,Times,Terse,3ms,
338571,6.771 s,Timing,Times,Terse,1ms,
338627,6.773 s,Timing,Times,Terse,1ms,
338687,6.774 s,Timing,Times,Terse,1ms,
338742,6.775 s,Timing,Times,Terse,1ms,
338802,6.776 s,Timing,Times,Terse,1ms,
338857,6.777 s,Timing,Times,Terse,3ms,
339004,6.780 s,Timing,Times,Terse,1ms,
339059,6.781 s,Timing,Times,Terse,3ms,
339205,6.784 s,Timing,Times,Terse,1ms,
339261,6.785 s,Timing,Times,Terse,1ms,
339321,6.786 s,Timing,Times,Terse,1ms,
339376,6.788 s,Timing,Times,Terse,1ms,
339436,6.789 s,Timing,Times,Terse,1ms,
339491,6.790 s,Timing,Times,Terse,1ms,
339551,6.791 s,Timing,Times,Terse,1ms,
339606,6.792 s,Timing,Times,Terse,1ms,
339666,6.793 s,Timing,Times,Terse,1ms,
339722,6.794 s,Timing,Times,Terse,1ms,
339782,6.796 s,Timing,Times,Terse,1ms,
339837,6.797 s,Timing,Times,Terse,1ms,
339897,6.798 s,Timing,Times,Terse,1ms,
339952,6.799 s,Timing,Times,Terse,3ms,
340099,6.802 s,Timing,Times,Terse,1ms,
340154,6.803 s,Timing,Times,Terse,1ms,
340214,6.804 s,Timing,Times,Terse,1ms,
340269,6.805 s,Timing,Times,Terse,3ms,
340415,6.808 s,Timing,Times,Terse,1ms,
340471,6.809 s,Timing,Times,Terse,3ms,
340617,6.812 s,Timing,Times,Terse,1ms,
340672,6.813 s,Timing,Times,Terse,1ms,
340732,6.815 s,Timing,Times,Terse,1ms,
340788,6.816 s,Timing,Times,Terse,57ms,
343655,6.873 s,Timing,Times,Terse,3ms,
343781,6.876 s,Timing,Times,Terse,3ms,
343913,6.878 s,Timing,Times,Terse,1ms,
343968,6.879 s,Timing,Times,Terse,3ms,
344114,6.882 s,Timing,Times,Terse,1ms,
344170,6.883 s,Timing,Times,Terse,1ms,
344230,6.885 s,Timing,Times,Terse,1ms,
344285,6.886 s,Timing,Times,Terse,1ms,
344345,6.887 s,Timing,Times,Terse,1ms,
344400,6.888 s,Timing,Times,Terse,3ms,
344547,6.891 s,Timing,Times,Terse,1ms,
344602,6.892 s,Timing,Times,Terse,3ms,
344748,6.895 s,Timing,Times,Terse,1ms,
344803,6.896 s,Timing,Times,Terse,1ms,
344863,6.897 s,Timing,Times,Terse,1ms,
344919,6.898 s,Timing,Times,Terse,1ms,
344979,6.900 s,Timing,Times,Terse,1ms,
345034,6.901 s,Timing,Times,Terse,1ms,
345094,6.902 s,Timing,Times,Terse,1ms,
345149,6.903 s,Timing,Times,Terse,1ms,
345209,6.904 s,Timing,Times,Terse,1ms,
345264,6.905 s,Timing,Times,Terse,1ms,
345324,6.906 s,Timing,Times,Terse,1ms,
345380,6.908 s,Timing,Times,Terse,1ms,
345440,6.909 s,Timing,Times,Terse,1ms,
345495,6.910 s,Timing,Times,Terse,3ms,
345641,6.913 s,Timing,Times,Terse,1ms,
345697,6.914 s,Timing,Times,Terse,1ms,
345757,6.915 s,Timing,Times,Terse,1ms,
345812,6.916 s,Timing,Times,Terse,3ms,
345958,6.919 s,Timing,Times,Terse,1ms,
346014,6.920 s,Timing,Times,Terse,3ms,
346160,6.923 s,Timing,Times,Terse,1ms,
346215,6.924 s,Timing,Times,Terse,1ms,
346275,6.926 s,Timing,Times,Terse,1ms,
346330,6.927 s,Timing,Times,Terse,57ms,
349198,6.984 s,Timing,Times,Terse,3ms,
349324,6.986 s,Timing,Times,Terse,3ms,
349456,6.989 s,Timing,Times,Terse,1ms,
349511,6.990 s,Timing,Times,Terse,3ms,
349657,6.993 s,Timing,Times,Terse,1ms,
349713,6.994 s,Timing,Times,Terse,1ms,
349772,6.995 s,Timing,Times,Terse,1ms,
349828,6.997 s,Timing,Times,Terse,1ms,
349888,6.998 s,Timing,Times,Terse,1ms,
349943,6.999 s,Timing,Times,Terse,3ms,
350089,7.002 s,Timing,Times,Terse,1ms,
350145,7.003 s,Timing,Times,Terse,3ms,
350291,7.006 s,Timing,Times,Terse,1ms,
350346,7.007 s,Timing,Times,Terse,1ms,
350406,7.008 s,Timing,Times,Terse,1ms,
350462,7.009 s,Timing,Times,Terse,1ms,
350522,7.010 s,Timing,Times,Terse,1ms,
350577,7.012 s,Timing,Times,Terse,1ms,
350637,7.013 s,Timing,Times,Terse,1ms,
350692,7.014 s,Timing,Times,Terse,1ms,
350752,7.015 s,Timing,Times,Terse,1ms,
350807,7.016 s,Timing,Times,Terse,1ms,
350867,7.017 s,Timing,Times,Terse,1ms,
350923,7.018 s,Timing,Times,Terse,1ms,
350983,7.020 s,Timing,Times,Terse,1ms,
351038,7.021 s,Timing,Times,Terse,3ms,
351184,7.024 s,Timing,Times,Terse,1ms,
351240,7.025 s,Timing,Times,Terse,1ms,
351300,7.026 s,Timing,Times,Terse,1ms,
351355,7.027 s,Timing,Times,Terse,3ms,
351501,7.030 s,Timing,Times,Terse,1ms,
351556,7.031 s,Timing,Times,Terse,3ms,
351703,7.034 s,Timing,Times,Terse,1ms,
351758,7.035 s,Timing,Times,Terse,1ms,
351818,7.036 s,Timing,Times,Terse,1ms,
351873,7.037 s,Timing,Times,Terse,57ms,
354740,7.095 s,Timing,Times,Terse,3ms,
354867,7.097 s,Timing,Times,Terse,3ms,
354998,7.100 s,Timing,Times,Terse,1ms,
355054,7.101 s,Timing,Times,Terse,3ms,
355200,7.104 s,Timing,Times,Terse,1ms,
355255,7.105 s,Timing,Times,Terse,1ms,
355315,7.106 s,Timing,Times,Terse,1ms,
355371,7.107 s,Timing,Times,Terse,1ms,
355431,7.109 s,Timing,Times,Terse,1ms,
355486,7.110 s,Timing,Times,Terse,3ms,
355632,7.113 s,Timing,Times,Terse,1ms,
355688,7.114 s,Timing,Times,Terse,3ms,
355834,7.117 s,Timing,Times,Terse,1ms,
355889,7.118 s,Timing,Times,Terse,1ms,
355949,7.119 s,Timing,Times,Terse,1ms,
356005,7.120 s,Timing,Times,Terse,1ms,
356064,7.121 s,Timing,Times,Terse,1ms,
356120,7.122 s,Timing,Times,Terse,1ms,
356180,7.124 s,Timing,Times,Terse,1ms,
356235,7.125 s,Timing,Times,Terse,1ms,
356295,7.126 s,Timing,Times,Terse,1ms,
356350,7.127 s,Timing,Times,Terse,1ms,
356410,7.128 s,Timing,Times,Terse,1ms,
356465,7.129 s,Timing,Times,Terse,1ms,
356525,7.130 s,Timing,Times,Terse,1ms,
356581,7.132 s,Timing,Times,Terse,3ms,
356727,7.135 s,Timing,Times,Terse,1ms,
356782,7.136 s,Timing,Times,Terse,1ms,
356842,7.137 s,Timing,Times,Terse,1ms,
356898,7.138 s,Timing,Times,Terse,3ms,
357044,7.141 s,Timing,Times,Terse,1ms,
357099,7.142 s,Timing,Times,Terse,3ms,
357246,7.145 s,Timing,Times,Terse,1ms,
357301,7.146 s,Timing,Times,Terse,1ms,
357361,7.147 s,Timing,Times,Terse,1ms,
357416,7.148 s,Timing,Times,Terse,57ms,
360283,7.206 s,Timing,Times,Terse,3ms,
360409,7.208 s,Timing,Times,Terse,3ms,
360541,7.211 s,Timing,Times,Terse,1ms,
360597,7.212 s,Timing,Times,Terse,3ms,
360743,7.215 s,Timing,Times,Terse,1ms,
360798,7.216 s,Timing,Times,Terse,1ms,
360858,7.217 s,Timing,Times,Terse,1ms,
360914,7.218 s,Timing,Times,Terse,1ms,
360974,7.219 s,Timing,Times,Terse,1ms,
361029,7.221 s,Timing,Times,Terse,3ms,
361175,7.223 s,Timing,Times,Terse,1ms,
361230,7.225 s,Timing,Times,Terse,3ms,
361377,7.228 s,Timing,Times,Terse,1ms,
361432,7.229 s,Timing,Times,Terse,1ms,
361492,7.230 s,Timing,Times,Terse,1ms,
361547,7.231 s,Timing,Times,Terse,1ms,
361607,7.232 s,Timing,Times,Terse,1ms,
361663,7.233 s,Timing,Times,Terse,1ms,
361723,7.234 s,Timing,Times,Terse,1ms,
361778,7.236 s,Timing,Times,Terse,1ms,
361838,7.237 s,Timing,Times,Terse,1ms,
361893,7.238 s,Timing,Times,Terse,1ms,
361953,7.239 s,Timing,Times,Terse,1ms,
362008,7.240 s,Timing,Times,Terse,1ms,
362068,7.241 s,Timing,Times,Terse,1ms,
362124,7.242 s,Timing,Times,Terse,3ms,
362270,7.245 s,Timing,Times,Terse,1ms,
362325,7.247 s,Timing,Times,Terse,1ms,
362385,7.248 s,Timing,Times,Terse,1ms,
362441,7.249 s,Timing,Times,Terse,3ms,
362587,7.252 s,Timing,Times,Terse,1ms,
362642,7.253 s,Timing,Times,Terse,3ms,
362789,7.256 s,Timing,Times,Terse,1ms,
362844,7.257 s,Timing,Times,Terse,1ms,
362904,7.258 s,Timing,Times,Terse,1ms,
362959,7.259 s,Timing,Times,Terse,57ms,
365826,7.317 s,Timing,Times,Terse,3ms,
365952,7.319 s,Timing,Times,Terse,3ms,
366084,7.322 s,Timing,Times,Terse,1ms,
366140,7.323 s,Timing,Times,Terse,3ms,
366286,7.326 s,Timing,Times,Terse,1ms,
366341,7.327 s,Timing,Times,Terse,1ms,
366401,7.328 s,Timing,Times,Terse,1ms,
366456,7.329 s,Timing,Times,Terse,1ms,
366516,7.330 s,Timing,Times,Terse,1ms,
366572,7.331 s,Timing,Times,Terse,3ms,
366718,7.334 s,Timing,Times,Terse,1ms,
366773,7.335 s,Timing,Times,Terse,3ms,
366920,7.338 s,Timing,Times,Terse,1ms,
366975,7.340 s,Timing,Times,Terse,1ms,
367035,7.341 s,Timing,Times,Terse,1ms,
367090,7.342 s,Timing,Times,Terse,1ms,
367150,7.343 s,Timing,Times,Terse,1ms,
367206,7.344 s,Timing,Times,Terse,1ms,
367266,7.345 s,Timing,Times,Terse,1ms,
367321,7.346 s,Timing,Times,Terse,1ms,
367381,7.348 s,Timing,Times,Terse,1ms,
367436,7.349 s,Timing,Times,Terse,1ms,
367496,7.350 s,Timing,Times,Terse,1ms,
367551,7.351 s,Timing,Times,Terse,1ms,
367611,7.352 s,Timing,Times,Terse,1ms,
367667,7.353 s,Timing,Times,Terse,3ms,
367813,7.356 s,Timing,Times,Terse,1ms,
367868,7.357 s,Timing,Times,Terse,1ms,
367928,7.359 s,Timing,Times,Terse,1ms,
367983,7.360 s,Timing,Times,Terse,3ms,
368130,7.363 s,Timing,Times,Terse,1ms,
368185,7.364 s,Timing,Times,Terse,3ms,
368332,7.367 s,Timing,Times,Terse,1ms,
368387,7.368 s,Timing,Times,Terse,1ms,
368447,7.369 s,Timing,Times,Terse,1ms,
368502,7.370 s,Timing,Times,Terse,57ms,
371369,7.427 s,Timing,Times,Terse,3ms,
371495,7.430 s,Timing,Times,Terse,3ms,
371627,7.433 s,Timing,Times,Terse,1ms,
371682,7.434 s,Timing,Times,Terse,3ms,
371829,7.437 s,Timing,Times,Terse,1ms,
371884,7.438 s,Timing,Times,Terse,1ms,
371944,7.439 s,Timing,Times,Terse,1ms,
371999,7.440 s,Timing,Times,Terse,1ms,
372059,7.441 s,Timing,Times,Terse,1ms,
372115,7.442 s,Timing,Times,Terse,3ms,
372261,7.445 s,Timing,Times,Terse,1ms,
372316,7.446 s,Timing,Times,Terse,3ms,
372463,7.449 s,Timing,Times,Terse,1ms,
372518,7.450 s,Timing,Times,Terse,1ms,
372578,7.452 s,Timing,Times,Terse,1ms,
372633,7.453 s,Timing,Times,Terse,1ms,
372693,7.454 s,Timing,Times,Terse,1ms,
372748,7.455 s,Timing,Times,Terse,1ms,
372808,7.456 s,Timing,Times,Terse,1ms,
372864,7.457 s,Timing,Times,Terse,1ms,
372924,7.458 s,Timing,Times,Terse,1ms,
372979,7.460 s,Timing,Times,Terse,1ms,
373039,7.461 s,Timing,Times,Terse,1ms,
373094,7.462 s,Timing,Times,Terse,1ms,
373154,7.463 s,Timing,Times,Terse,1ms,
373209,7.464 s,Timing,Times,Terse,3ms,
373356,7.467 s,Timing,Times,Terse,1ms,
373411,7.468 s,Timing,Times,Terse,1ms,
373471,7.469 s,Timing,Times,Terse,1ms,
373526,7.471 s,Timing,Times,Terse,3ms,
373673,7.473 s,Timing,Times,Terse,1ms,
373728,7.475 s,Timing,Times,Terse,3ms,
373874,7.477 s,Timing,Times,Terse,1ms,
373930,7.479 s,Timing,Times,Terse,1ms,
373990,7.480 s,Timing,Times,Terse,1ms,
374045,7.481 s,Timing,Times,Terse,57ms,
376912,7.538 s,Timing,Times,Terse,3ms,
377038,7.541 s,Timing,Times,Terse,3ms,
377170,7.543 s,Timing,Times,Terse,1ms,
377225,7.545 s,Timing,Times,Terse,3ms,
377372,7.547 s,Timing,Times,Terse,1ms,
377427,7.549 s,Timing,Times,Terse,1ms,
377487,7.550 s,Timing,Times,Terse,1ms,
377542,7.551 s,Timing,Times,Terse,1ms,
377602,7.552 s,Timing,Times,Terse,1ms,
377657,7.553 s,Timing,Times,Terse,3ms,
377804,7.556 s,Timing,Times,Terse,1ms,
377859,7.557 s,Timing,Times,Terse,3ms,
378006,7.560 s,Timing,Times,Terse,1ms,
378061,7.561 s,Timing,Times,Terse,1ms,
378121,7.562 s,Timing,Times,Terse,1ms,
378176,7.564 s,Timing,Times,Terse,1ms,
378236,7.565 s,Timing,Times,Terse,1ms,
378291,7.566 s,Timing,Times,Terse,1ms,
378351,7.567 s,Timing,Times,Terse,1ms,
378407,7.568 s,Timing,Times,Terse,1ms,
378467,7.569 s,Timing,Times,Terse,1ms,
378522,7.570 s,Timing,Times,Terse,1ms,
378582,7.572 s,Timing,Times,Terse,1ms,
378637,7.573 s,Timing,Times,Terse,1ms,
378697,7.574 s,Timing,Times,Terse,1ms,
378752,7.575 s,Timing,Times,Terse,3ms,
378899,7.578 s,Timing,Times,Terse,1ms,
378954,7.579 s,Timing,Times,Terse,1ms,
379014,7.580 s,Timing,Times,Terse,1ms,
379069,7.581 s,Timing,Times,Terse,3ms,
379216,7.584 s,Timing,Times,Terse,1ms,
379271,7.585 s,Timing,Times,Terse,3ms,
379417,7.588 s,Timing,Times,Terse,1ms,
379473,7.589 s,Timing,Times,Terse,1ms,
379533,7.591 s,Timing,Times,Terse,1ms,
379588,7.592 s,Timing,Times,Terse,57ms,
382455,7.649 s,Timing,Times,Terse,3ms,
382581,7.652 s,Timing,Times,Terse,3ms,
382713,7.654 s,Timing,Times,Terse,1ms,
382768,7.655 s,Timing,Times,Terse,3ms,
382915,7.658 s,Timing,Times,Terse,1ms,
382970,7.659 s,Timing,Times,Terse,1ms,
383030,7.661 s,Timing,Times,Terse,1ms,
383085,7.662 s,Timing,Times,Terse,1ms,
383145,7.663 s,Timing,Times,Terse,1ms,
383200,7.664 s,Timing,Times,Terse,3ms,
383347,7.667 s,Timing,Times,Terse,1ms,
383402,7.668 s,Timing,Times,Terse,3ms,
383548,7.671 s,Timing,Times,Terse,1ms,
383604,7.672 s,Timing,Times,Terse,1ms,
383664,7.673 s,Timing,Times,Terse,1ms,
383719,7.674 s,Timing,Times,Terse,1ms,
383779,7.676 s,Timing,Times,Terse,1ms,
383834,7.677 s,Timing,Times,Terse,1ms,
383894,7.678 s,Timing,Times,Terse,1ms,
383949,7.679 s,Timing,Times,Terse,1ms,
384009,7.680 s,Timing,Times,Terse,1ms,
384065,7.681 s,Timing,Times,Terse,1ms,
384125,7.683 s,Timing,Times,Terse,1ms,
384180,7.684 s,Timing,Times,Terse,1ms,
384240,7.685 s,Timing,Times,Terse,1ms,
384295,7.686 s,Timing,Times,Terse,3ms,
384442,7.689 s,Timing,Times,Terse,1ms,
384497,7.690 s,Timing,Times,Terse,1ms,
384557,7.691 s,Timing,Times,Terse,1ms,
384612,7.692 s,Timing,Times,Terse,3ms,
384759,7.695 s,Timing,Times,Terse,1ms,
384814,7.696 s,Timing,Times,Terse,3ms,
384960,7.699 s,Timing,Times,Terse,1ms,
385015,7.700 s,Timing,Times,Terse,1ms,
385075,7.702 s,Timing,Times,Terse,1ms,
385131,7.703 s,Timing,Times,Terse,57ms,
387998,7.760 s,Timing,Times,Terse,3ms,
388124,7.762 s,Timing,Times,Terse,3ms,
388256,7.765 s,Timing,Times,Terse,1ms,
388311,7.766 s,Timing,Times,Terse,3ms,
388457,7.769 s,Timing,Times,Terse,1ms,
388513,7.770 s,Timing,Times,Terse,1ms,
388573,7.771 s,Timing,Times,Terse,1ms,
388628,7.773 s,Timing,Times,Terse,1ms,
388688,7.774 s,Timing,Times,Terse,1ms,
388743,7.775 s,Timing,Times,Terse,3ms,
388890,7.778 s,Timing,Times,Terse,1ms,
388945,7.779 s,Timing,Times,Terse,3ms,
389091,7.782 s,Timing,Times,Terse,1ms,
389147,7.783 s,Timing,Times,Terse,1ms,
389207,7.784 s,Timing,Times,Terse,1ms,
389262,7.785 s,Timing,Times,Terse,1ms,
389322,7.786 s,Timing,Times,Terse,1ms,
389377,7.788 s,Timing,Times,Terse,1ms,
389437,7.789 s,Timing,Times,Terse,1ms,
389492,7.790 s,Timing,Times,Terse,1ms,
389552,7.791 s,Timing,Times,Terse,1ms,
389608,7.792 s,Timing,Times,Terse,1ms,
389668,7.793 s,Timing,Times,Terse,1ms,
389723,7.794 s,Timing,Times,Terse,1ms,
389783,7.796 s,Timing,Times,Terse,1ms,
389838,7.797 s,Timing,Times,Terse,3ms,
389985,7.800 s,Timing,Times,Terse,1ms,
390040,7.801 s,Timing,Times,Terse,1ms,
390100,7.802 s,Timing,Times,Terse,1ms,
390155,7.803 s,Timing,Times,Terse,3ms,
390301,7.806 s,Timing,Times,Terse,1ms,
390357,7.807 s,Timing,Times,Terse,3ms,
390503,7.810 s,Timing,Times,Terse,1ms,
390558,7.811 s,Timing,Times,Terse,1ms,
390618,7.812 s,Timing,Times,Terse,1ms,
390674,7.813 s,Timing,Times,Terse,57ms,
393541,7.871 s,Timing,Times,Terse,3ms,
393667,7.873 s,Timing,Times,Terse,3ms,
393799,7.876 s,Timing,Times,Terse,1ms,
393854,7.877 s,Timing,Times,Terse,3ms,
394000,7.880 s,Timing,Times,Terse,1ms,
394056,7.881 s,Timing,Times,Terse,1ms,
394116,7.882 s,Timing,Times,Terse,1ms,
394171,7.883 s,Timing,Times,Terse,1ms,
394231,7.885 s,Timing,Times,Terse,1ms,
394286,7.886 s,Timing,Times,Terse,3ms,
394433,7.889 s,Timing,Times,Terse,1ms,
394488,7.890 s,Timing,Times,Terse,3ms,
394634,7.893 s,Timing,Times,Terse,1ms,
394689,7.894 s,Timing,Times,Terse,1ms,
394749,7.895 s,Timing,Times,Terse,1ms,
394805,7.896 s,Timing,Times,Terse,1ms,
394865,7.897 s,Timing,Times,Terse,1ms,
394920,7.898 s,Timing,Times,Terse,1ms,
394980,7.900 s,Timing,Times,Terse,1ms,
395035,7.901 s,Timing,Times,Terse,1ms,
395095,7.902 s,Timing,Times,Terse,1ms,
395150,7.903 s,Timing,Times,Terse,1ms,
395210,7.904 s,Timing,Times,Terse,1ms,
395266,7.905 s,Timing,Times,Terse,1ms,
395326,7.907 s,Timing,Times,Terse,1ms,
395381,7.908 s,Timing,Times,Terse,3ms,
395527,7.911 s,Timing,Times,Terse,1ms,
395583,7.912 s,Timing,Times,Terse,1ms,
395643,7.913 s,Timing,Times,Terse,1ms,
395698,7.914 s,Timing,Times,Terse,3ms,
395844,7.917 s,Timing,Times,Terse,1ms,
395900,7.918 s,Timing,Times,Terse,3ms,
396046,7.921 s,Timing,Times,Terse,1ms,
396101,7.922 s,Timing,Times,Terse,1ms,
396161,7.923 s,Timing,Times,Terse,1ms,
396216,7.924 s,Timing,Times,Terse,57ms,
399084,7.982 s,Timing,Times,Terse,3ms,
399210,7.984 s,Timing,Times,Terse,3ms,
399342,7.987 s,Timing,Times,Terse,1ms,
399397,7.988 s,Timing,Times,Terse,3ms,
399543,7.991 s,Timing,Times,Terse,1ms,
399599,7.992 s,Timing,Times,Terse,1ms,
399658,7.993 s,Timing,Times,Terse,1ms,
399714,7.994 s,Timing,Times,Terse,1ms,
399774,7.995 s,Timing,Times,Terse,1ms,
399829,7.997 s,Timing,Times,Terse,3ms,
399975,8.000 s,Timing,Times,Terse,1ms,
400031,8.001 s,Timing,Times,Terse,3ms,
400177,8.004 s,Timing,Times,Terse,1ms,
400232,8.005 s,Timing,Times,Terse,1ms,
400292,8.006 s,Timing,Times,Terse,1ms,
400348,8.007 s,Timing,Times,Terse,1ms,
400408,8.008 s,Timing,Times,Terse,1ms,
400463,8.009 s,Timing,Times,Terse,1ms,
400523,8.010 s,Timing,Times,Terse,1ms,
400578,8.012 s,Timing,Times,Terse,1ms,
400638,8.013 s,Timing,Times,Terse,1ms,
400693,8.014 s,Timing,Times,Terse,1ms,
400753,8.015 s,Timing,Times,Terse,1ms,
400809,8.016 s,Timing,Times,Terse,1ms,
400869,8.017 s,Timing,Times,Terse,1ms,
400924,8.018 s,Timing,Times,Terse,3ms,
401070,8.021 s,Timing,Times,Terse,1ms,
401126,8.023 s,Timing,Times,Terse,1ms,
401186,8.024 s,Timing,Times,Terse,1ms,
401241,8.025 s,Timing,Times,Terse,3ms,
401387,8.028 s,Timing,Times,Terse,1ms,
401442,8.029 s,Timing,Times,Terse,3ms,
401589,8.032 s,Timing,Times,Terse,1ms,
401644,8.033 s,Timing,Times,Terse,1ms,
401704,8.034 s,Timing,Times,Terse,1ms,
401759,8.035 s,Timing,Times,Terse,57ms,
404626,8.093 s,Timing,Times,Terse,3ms,
404753,8.095 s,Timing,Times,Terse,3ms,
404884,8.098 s,Timing,Times,Terse,1ms,
404940,8.099 s,Timing,Times,Terse,3ms,
405086,8.102 s,Timing,Times,Terse,1ms,
405141,8.103 s,Timing,Times,Terse,1ms,
405201,8.104 s,Timing,Times,Terse,1ms,
405257,8.105 s,Timing,Times,Terse,1ms,
405317,8.106 s,Timing,Times,Terse,1ms,
405372,8.107 s,Timing,Times,Terse,3ms,
405518,8.110 s,Timing,Times,Terse,1ms,
405574,8.111 s,Timing,Times,Terse,3ms,
405720,8.114 s,Timing,Times,Terse,1ms,
405775,8.116 s,Timing,Times,Terse,1ms,
405835,8.117 s,Timing,Times,Terse,1ms,
405891,8.118 s,Timing,Times,Terse,1ms,
405950,8.119 s,Timing,Times,Terse,1ms,
406006,8.120 s,Timing,Times,Terse,1ms,
406066,8.121 s,Timing,Times,Terse,1ms,
406121,8.122 s,Timing,Times,Terse,1ms,
406181,8.124 s,Timing,Times,Terse,1ms,
406236,8.125 s,Timing,Times,Terse,1ms,
406296,8.126 s,Timing,Times,Terse,1ms,
406352,8.127 s,Timing,Times,Terse,1ms,
406411,8.128 s,Timing,Times,Terse,1ms,
406467,8.129 s,Timing,Times,Terse,3ms,
406613,8.132 s,Timing,Times,Terse,1ms,
406668,8.133 s,Timing,Times,Terse,1ms,
406728,8.135 s,Timing,Times,Terse,1ms,
406784,8.136 s,Timing,Times,Terse,3ms,
406930,8.139 s,Timing,Times,Terse,1ms,
406985,8.140 s,Timing,Times,Terse,3ms,
407132,8.143 s,Timing,Times,Terse,1ms,
407187,8.144 s,Timing,Times,Terse,1ms,
407247,8.145 s,Timing,Times,Terse,1ms,
407302,8.146 s,Timing,Times,Terse,57ms,
410169,8.203 s,Timing,Times,Terse,3ms,
410295,8.206 s,Timing,Times,Terse,3ms,
410427,8.209 s,Timing,Times,Terse,1ms,
410483,8.210 s,Timing,Times,Terse,3ms,
410629,8.213 s,Timing,Times,Terse,1ms,
410684,8.214 s,Timing,Times,Terse,1ms,
410744,8.215 s,Timing,Times,Terse,1ms,
410800,8.216 s,Timing,Times,Terse,1ms,
410860,8.217 s,Timing,Times,Terse,1ms,
410915,8.218 s,Timing,Times,Terse,3ms,
411061,8.221 s,Timing,Times,Terse,1ms,
411117,8.222 s,Timing,Times,Terse,3ms,
411263,8.225 s,Timing,Times,Terse,1ms,
411318,8.226 s,Timing,Times,Terse,1ms,
411378,8.228 s,Timing,Times,Terse,1ms,
411433,8.229 s,Timing,Times,Terse,1ms,
411493,8.230 s,Timing,Times,Terse,1ms,
411549,8.231 s,Timing,Times,Terse,1ms,
411609,8.232 s,Timing,Times,Terse,1ms,
411664,8.233 s,Timing,Times,Terse,1ms,
411724,8.234 s,Timing,Times,Terse,1ms,
411779,8.236 s,Timing,Times,Terse,1ms,
411839,8.237 s,Timing,Times,Terse,1ms,
411894,8.238 s,Timing,Times,Terse,1ms,
411954,8.239 s,Timing,Times,Terse,1ms,
412010,8.240 s,Timing,Times,Terse,3ms,
412156,8.243 s,Timing,Times,Terse,1ms,
412211,8.244 s,Timing,Times,Terse,1ms,
412271,8.245 s,Timing,Times,Terse,1ms,
412327,8.247 s,Timing,Times,Terse,3ms,
412473,8.249 s,Timing,Times,Terse,1ms,
412528,8.251 s,Timing,Times,Terse,3ms,
412675,8.254 s,Timing,Times,Terse,1ms,
412730,8.255 s,Timing,Times,Terse,1ms,
412790,8.256 s,Timing,Times,Terse,1ms,
412845,8.257 s,Timing,Times,Terse,57ms,
415712,8.314 s,Timing,Times,Terse,3ms,
415838,8.317 s,Timing,Times,Terse,3ms,
415970,8.319 s,Timing,Times,Terse,1ms,
416026,8.321 s,Timing,Times,Terse,3ms,
416172,8.323 s,Timing,Times,Terse,1ms,
416227,8.325 s,Timing,Times,Terse,1ms,
416287,8.326 s,Timing,Times,Terse,1ms,
416343,8.327 s,Timing,Times,Terse,1ms,
416402,8.328 s,Timing,Times,Terse,1ms,
416458,8.329 s,Timing,Times,Terse,3ms,
416604,8.332 s,Timing,Times,Terse,1ms,
416659,8.333 s,Timing,Times,Terse,3ms,
416806,8.336 s,Timing,Times,Terse,1ms,
416861,8.337 s,Timing,Times,Terse,1ms,
416921,8.338 s,Timing,Times,Terse,1ms,
416976,8.340 s,Timing,Times,Terse,1ms,
417036,8.341 s,Timing,Times,Terse,1ms,
417092,8.342 s,Timing,Times,Terse,1ms,
417152,8.343 s,Timing,Times,Terse,1ms,
417207,8.344 s,Timing,Times,Terse,1ms,
417267,8.345 s,Timing,Times,Terse,1ms,
417322,8.346 s,Timing,Times,Terse,1ms,
417382,8.348 s,Timing,Times,Terse,1ms,
417437,8.349 s,Timing,Times,Terse,1ms,
417497,8.350 s,Timing,Times,Terse,1ms,
417553,8.351 s,Timing,Times,Terse,3ms,
417699,8.354 s,Timing,Times,Terse,1ms,
417754,8.355 s,Timing,Times,Terse,1ms,
417814,8.356 s,Timing,Times,Terse,1ms,
417869,8.357 s,Timing,Times,Terse,3ms,
418016,8.360 s,Timing,Times,Terse,1ms,
418071,8.361 s,Timing,Times,Terse,3ms,
418218,8.364 s,Timing,Times,Terse,1ms,
418273,8.365 s,Timing,Times,Terse,1ms,
418333,8.367 s,Timing,Times,Terse,1ms,
418388,8.368 s,Timing,Times,Terse,57ms,
421255,8.425 s,Timing,Times,Terse,3ms,
421381,8.428 s,Timing,Times,Terse,3ms,
421513,8.430 s,Timing,Times,Terse,1ms,
421568,8.431 s,Timing,Times,Terse,3ms,
421715,8.434 s,Timing,Times,Terse,1ms,
421770,8.435 s,Timing,Times,Terse,1ms,
421830,8.437 s,Timing,Times,Terse,1ms,
421885,8.438 s,Timing,Times,Terse,1ms,
421945,8.439 s,Timing,Times,Terse,1ms,
422001,8.440 s,Timing,Times,Terse,3ms,
422147,8.443 s,Timing,Times,Terse,1ms,
422202,8.444 s,Timing,Times,Terse,3ms,
422349,8.447 s,Timing,Times,Terse,1ms,
422404,8.448 s,Timing,Times,Terse,1ms,
422464,8.449 s,Timing,Times,Terse,1ms,
422519,8.450 s,Timing,Times,Terse,1ms,
422579,8.452 s,Timing,Times,Terse,1ms,
422634,8.453 s,Timing,Times,Terse,1ms,
422694,8.454 s,Timing,Times,Terse,1ms,
422750,8.455 s,Timing,Times,Terse,1ms,
422810,8.456 s,Timing,Times,Terse,1ms,
422865,8.457 s,Timing,Times,Terse,1ms,
422925,8.459 s,Timing,Times,Terse,1ms,
422980,8.460 s,Timing,Times,Terse,1ms,
423040,8.461 s,Timing,Times,Terse,1ms,
423095,8.462 s,Timing,Times,Terse,3ms,
423242,8.465 s,Timing,Times,Terse,1ms,
423297,8.466 s,Timing,Times,Terse,1ms,
423357,8.467 s,Timing,Times,Terse,1ms,
423412,8.468 s,Timing,Times,Terse,3ms,
423559,8.471 s,Timing,Times,Terse,1ms,
423614,8.472 s,Timing,Times,Terse,3ms,
423760,8.475 s,Timing,Times,Terse,1ms,
423816,8.476 s,Timing,Times,Terse,1ms,
423876,8.478 s,Timing,Times,Terse,1ms,
423931,8.479 s,Timing,Times,Terse,57ms,
426798,8.536 s,Timing,Times,Terse,3ms,
426924,8.538 s,Timing,Times,Terse,3ms,
427056,8.541 s,Timing,Times,Terse,1ms,
427111,8.542 s,Timing,Times,Terse,3ms,
427258,8.545 s,Timing,Times,Terse,1ms,
427313,8.546 s,Timing,Times,Terse,1ms,
427373,8.547 s,Timing,Times,Terse,1ms,
427428,8.549 s,Timing,Times,Terse,1ms,
427488,8.550 s,Timing,Times,Terse,1ms,
427544,8.551 s,Timing,Times,Terse,3ms,
427690,8.554 s,Timing,Times,Terse,1ms,
427745,8.555 s,Timing,Times,Terse,3ms,
427892,8.558 s,Timing,Times,Terse,1ms,
427947,8.559 s,Timing,Times,Terse,1ms,
428007,8.560 s,Timing,Times,Terse,1ms,
428062,8.561 s,Timing,Times,Terse,1ms,
428122,8.562 s,Timing,Times,Terse,1ms,
428177,8.564 s,Timing,Times,Terse,1ms,
428237,8.565 s,Timing,Times,Terse,1ms,
428293,8.566 s,Timing,Times,Terse,1ms,
428353,8.567 s,Timing,Times,Terse,1ms,
428408,8.568 s,Timing,Times,Terse,1ms,
428468,8.569 s,Timing,Times,Terse,1ms,
428523,8.570 s,Timing,Times,Terse,1ms,
428583,8.572 s,Timing,Times,Terse,1ms,
428638,8.573 s,Timing,Times,Terse,3ms,
428785,8.576 s,Timing,Times,Terse,1ms,
428840,8.577 s,Timing,Times,Terse,1ms,
428900,8.578 s,Timing,Times,Terse,1ms,
428955,8.579 s,Timing,Times,Terse,3ms,
429102,8.582 s,Timing,Times,Terse,1ms,
429157,8.583 s,Timing,Times,Terse,3ms,
429303,8.586 s,Timing,Times,Terse,1ms,
429359,8.587 s,Timing,Times,Terse,1ms,
429419,8.588 s,Timing,Times,Terse,1ms,
429474,8.589 s,Timing,Times,Terse,57ms,
432341,8.647 s,Timing,Times,Terse,3ms,
432467,8.649 s,Timing,Times,Terse,3ms,
432599,8.652 s,Timing,Times,Terse,1ms,
432654,8.653 s,Timing,Times,Terse,3ms,
432801,8.656 s,Timing,Times,Terse,1ms,
432856,8.657 s,Timing,Times,Terse,1ms,
432916,8.658 s,Timing,Times,Terse,1ms,
432971,8.659 s,Timing,Times,Terse,1ms,
433031,8.661 s,Timing,Times,Terse,1ms,
433086,8.662 s,Timing,Times,Terse,3ms,
433233,8.665 s,Timing,Times,Terse,1ms,
433288,8.666 s,Timing,Times,Terse,3ms,
433434,8.669 s,Timing,Times,Terse,1ms,
433490,8.670 s,Timing,Times,Terse,1ms,
433550,8.671 s,Timing,Times,Terse,1ms,
433605,8.672 s,Timing,Times,Terse,1ms,
433665,8.673 s,Timing,Times,Terse,1ms,
433720,8.674 s,Timing,Times,Terse,1ms,
433780,8.676 s,Timing,Times,Terse,1ms,
433836,8.677 s,Timing,Times,Terse,1ms,
433895,8.678 s,Timing,Times,Terse,1ms,
433951,8.679 s,Timing,Times,Terse,1ms,
434011,8.680 s,Timing,Times,Terse,1ms,
434066,8.681 s,Timing,Times,Terse,1ms,
434126,8.683 s,Timing,Times,Terse,1ms,
434181,8.684 s,Timing,Times,Terse,3ms,
434328,8.687 s,Timing,Times,Terse,1ms,
434383,8.688 s,Timing,Times,Terse,1ms,
434443,8.689 s,Timing,Times,Terse,1ms,
434498,8.690 s,Timing,Times,Terse,3ms,
434645,8.693 s,Timing,Times,Terse,1ms,
434700,8.694 s,Timing,Times,Terse,3ms,
434846,8.697 s,Timing,Times,Terse,1ms,
434901,8.698 s,Timing,Times,Terse,1ms,
434962,8.699 s,Timing,Times,Terse,1ms,
435017,8.700 s,Timing,Times,Terse,57ms,
437884,8.758 s,Timing,Times,Terse,3ms,
438010,8.760 s,Timing,Times,Terse,3ms,
438142,8.763 s,Timing,Times,Terse,1ms,
438197,8.764 s,Timing,Times,Terse,3ms,
438344,8.767 s,Timing,Times,Terse,1ms,
438399,8.768 s,Timing,Times,Terse,1ms,
438459,8.769 s,Timing,Times,Terse,1ms,
438514,8.770 s,Timing,Times,Terse,1ms,
438574,8.771 s,Timing,Times,Terse,1ms,
438629,8.773 s,Timing,Times,Terse,3ms,
438776,8.776 s,Timing,Times,Terse,1ms,
438831,8.777 s,Timing,Times,Terse,3ms,
438977,8.780 s,Timing,Times,Terse,1ms,
439033,8.781 s,Timing,Times,Terse,1ms,
439093,8.782 s,Timing,Times,Terse,1ms,
439148,8.783 s,Timing,Times,Terse,1ms,
439208,8.784 s,Timing,Times,Terse,1ms,
439263,8.785 s,Timing,Times,Terse,1ms,
439323,8.786 s,Timing,Times,Terse,1ms,
439378,8.788 s,Timing,Times,Terse,1ms,
439438,8.789 s,Timing,Times,Terse,1ms,
439494,8.790 s,Timing,Times,Terse,1ms,
439554,8.791 s,Timing,Times,Terse,1ms,
439609,8.792 s,Timing,Times,Terse,1ms,
439669,8.793 s,Timing,Times,Terse,1ms,
439724,8.794 s,Timing,Times,Terse,3ms,
439871,8.797 s,Timing,Times,Terse,1ms,
439926,8.799 s,Timing,Times,Terse,1ms,
439986,8.800 s,Timing,Times,Terse,1ms,
440041,8.801 s,Timing,Times,Terse,3ms,
440188,8.804 s,Timing,Times,Terse,1ms,
440243,8.805 s,Timing,Times,Terse,3ms,
440389,8.808 s,Timing,Times,Terse,1ms,
440444,8.809 s,Timing,Times,Terse,1ms,
440504,8.810 s,Timing,Times,Terse,1ms,
440560,8.811 s,Timing,Times,Terse,57ms,
443427,8.869 s,Timing,Times,Terse,3ms,
443553,8.871 s,Timing,Times,Terse,3ms,
443685,8.874 s,Timing,Times,Terse,1ms,
443740,8.875 s,Timing,Times,Terse,3ms,
443886,8.878 s,Timing,Times,Terse,1ms,
443942,8.879 s,Timing,Times,Terse,1ms,
444002,8.880 s,Timing,Times,Terse,1ms,
444057,8.881 s,Timing,Times,Terse,1ms,
444117,8.882 s,Timing,Times,Terse,1ms,
444172,8.883 s,Timing,Times,Terse,3ms,
444319,8.886 s,Timing,Times,Terse,1ms,
444374,8.887 s,Timing,Times,Terse,3ms,
444520,8.890 s,Timing,Times,Terse,1ms,
444576,8.892 s,Timing,Times,Terse,1ms,
444636,8.893 s,Timing,Times,Terse,1ms,
444691,8.894 s,Timing,Times,Terse,1ms,
444751,8.895 s,Timing,Times,Terse,1ms,
444806,8.896 s,Timing,Times,Terse,1ms,
444866,8.897 s,Timing,Times,Terse,1ms,
444921,8.898 s,Timing,Times,Terse,1ms,
444981,8.900 s,Timing,Times,Terse,1ms,
445037,8.901 s,Timing,Times,Terse,1ms,
445097,8.902 s,Timing,Times,Terse,1ms,
445152,8.903 s,Timing,Times,Terse,1ms,
445212,8.904 s,Timing,Times,Terse,1ms,
445267,8.905 s,Timing,Times,Terse,3ms,
445413,8.908 s,Timing,Times,Terse,1ms,
445469,8.909 s,Timing,Times,Terse,1ms,
445529,8.911 s,Timing,Times,Terse,1ms,
445584,8.912 s,Timing,Times,Terse,3ms,
445730,8.915 s,Timing,Times,Terse,1ms,
445786,8.916 s,Timing,Times,Terse,3ms,
445932,8.919 s,Timing,Times,Terse,1ms,
445987,8.920 s,Timing,Times,Terse,1ms,
446047,8.921 s,Timing,Times,Terse,1ms,
446103,8.922 s,Timing,Times,Terse,57ms,
448970,8.979 s,Timing,Times,Terse,3ms,
449096,8.982 s,Timing,Times,Terse,3ms,
449228,8.985 s,Timing,Times,Terse,1ms,
449283,8.986 s,Timing,Times,Terse,3ms,
449429,8.989 s,Timing,Times,Terse,1ms,
449485,8.990 s,Timing,Times,Terse,1ms,
449545,8.991 s,Timing,Times,Terse,1ms,
449600,8.992 s,Timing,Times,Terse,1ms,
449660,8.993 s,Timing,Times,Terse,1ms,
449715,8.994 s,Timing,Times,Terse,3ms,
449862,8.997 s,Timing,Times,Terse,1ms,
449917,8.998 s,Timing,Times,Terse,3ms,
450063,9.001 s,Timing,Times,Terse,1ms,
450119,9.002 s,Timing,Times,Terse,1ms,
450178,9.004 s,Timing,Times,Terse,1ms,
450234,9.005 s,Timing,Times,Terse,1ms,
450294,9.006 s,Timing,Times,Terse,1ms,
450349,9.007 s,Timing,Times,Terse,1ms,
450409,9.008 s,Timing,Times,Terse,1ms,
450464,9.009 s,Timing,Times,Terse,1ms,
450524,9.010 s,Timing,Times,Terse,1ms,
450579,9.012 s,Timing,Times,Terse,1ms,
450639,9.013 s,Timing,Times,Terse,1ms,
450695,9.014 s,Timing,Times,Terse,1ms,
450755,9.015 s,Timing,Times,Terse,1ms,
450810,9.016 s,Timing,Times,Terse,3ms,
450956,9.019 s,Timing,Times,Terse,1ms,
451012,9.020 s,Timing,Times,Terse,1ms,
451072,9.021 s,Timing,Times,Terse,1ms,
451127,9.023 s,Timing,Times,Terse,3ms,
451273,9.025 s,Timing,Times,Terse,1ms,
451329,9.027 s,Timing,Times,Terse,3ms,
451475,9.030 s,Timing,Times,Terse,1ms,
451530,9.031 s,Timing,Times,Terse,1ms,
451590,9.032 s,Timing,Times,Terse,1ms,
451646,9.033 s,Timing,Times,Terse,57ms,
454513,9.090 s,Timing,Times,Terse,3ms,
454639,9.093 s,Timing,Times,Terse,3ms,
454771,9.095 s,Timing,Times,Terse,1ms,
454826,9.097 s,Timing,Times,Terse,3ms,
454972,9.099 s,Timing,Times,Terse,1ms,
455028,9.101 s,Timing,Times,Terse,1ms,
455088,9.102 s,Timing,Times,Terse,1ms,
455143,9.103 s,Timing,Times,Terse,1ms,
455203,9.104 s,Timing,Times,Terse,1ms,
455258,9.105 s,Timing,Times,Terse,3ms,
455404,9.108 s,Timing,Times,Terse,1ms,
455460,9.109 s,Timing,Times,Terse,3ms,
455606,9.112 s,Timing,Times,Terse,1ms,
455661,9.113 s,Timing,Times,Terse,1ms,
455721,9.114 s,Timing,Times,Terse,1ms,
455777,9.116 s,Timing,Times,Terse,1ms,
455837,9.117 s,Timing,Times,Terse,1ms,
455892,9.118 s,Timing,Times,Terse,1ms,
455952,9.119 s,Timing,Times,Terse,1ms,
456007,9.120 s,Timing,Times,Terse,1ms,
456067,9.121 s,Timing,Times,Terse,1ms,
456122,9.122 s,Timing,Times,Terse,1ms,
456182,9.124 s,Timing,Times,Terse,1ms,
456238,9.125 s,Timing,Times,Terse,1ms,
456298,9.126 s,Timing,Times,Terse,1ms,
456353,9.127 s,Timing,Times,Terse,3ms,
456499,9.130 s,Timing,Times,Terse,1ms,
456555,9.131 s,Timing,Times,Terse,1ms,
456615,9.132 s,Timing,Times,Terse,1ms,
456670,9.133 s,Timing,Times,Terse,3ms,
456816,9.136 s,Timing,Times,Terse,1ms,
456871,9.137 s,Timing,Times,Terse,3ms,
457018,9.140 s,Timing,Times,Terse,1ms,
457073,9.141 s,Timing,Times,Terse,1ms,
457133,9.143 s,Timing,Times,Terse,1ms,
457188,9.144 s,Timing,Times,Terse,57ms,
460055,9.201 s,Timing,Times,Terse,3ms,
460182,9.204 s,Timing,Times,Terse,3ms,
460313,9.206 s,Timing,Times,Terse,1ms,
460369,9.207 s,Timing,Times,Terse,3ms,
460515,9.210 s,Timing,Times,Terse,1ms,
460571,9.211 s,Timing,Times,Terse,1ms,
460630,9.213 s,Timing,Times,Terse,1ms,
460686,9.214 s,Timing,Times,Terse,1ms,
460746,9.215 s,Timing,Times,Terse,1ms,
460801,9.216 s,Timing,Times,Terse,3ms,
460947,9.219 s,Timing,Times,Terse,1ms,
461003,9.220 s,Timing,Times,Terse,3ms,
461149,9.223 s,Timing,Times,Terse,1ms,
461204,9.224 s,Timing,Times,Terse,1ms,
461264,9.225 s,Timing,Times,Terse,1ms,
461320,9.226 s,Timing,Times,Terse,1ms,
461380,9.228 s,Timing,Times,Terse,1ms,
461435,9.229 s,Timing,Times,Terse,1ms,
461495,9.230 s,Timing,Times,Terse,1ms,
461550,9.231 s,Timing,Times,Terse,1ms,
461610,9.232 s,Timing,Times,Terse,1ms,
461665,9.233 s,Timing,Times,Terse,1ms,
461725,9.235 s,Timing,Times,Terse,1ms,
461781,9.236 s,Timing,Times,Terse,1ms,
461841,9.237 s,Timing,Times,Terse,1ms,
461896,9.238 s,Timing,Times,Terse,3ms,
462042,9.241 s,Timing,Times,Terse,1ms,
462097,9.242 s,Timing,Times,Terse,1ms,
462157,9.243 s,Timing,Times,Terse,1ms,
462213,9.244 s,Timing,Times,Terse,3ms,
462359,9.247 s,Timing,Times,Terse,1ms,
462414,9.248 s,Timing,Times,Terse,3ms,
462561,9.251 s,Timing,Times,Terse,1ms,
462616,9.252 s,Timing,Times,Terse,1ms,
462676,9.254 s,Timing,Times,Terse,1ms,
462731,9.255 s,Timing,Times,Terse,57ms,
465598,9.312 s,Timing,Times,Terse,3ms,
465724,9.314 s,Timing,Times,Terse,3ms,
465856,9.317 s,Timing,Times,Terse,1ms,
465912,9.318 s,Timing,Times,Terse,3ms,
466058,9.321 s,Timing,Times,Terse,1ms,
466113,9.322 s,Timing,Times,Terse,1ms,
466173,9.323 s,Timing,Times,Terse,1ms,
466229,9.325 s,Timing,Times,Terse,1ms,
466289,9.326 s,Timing,Times,Terse,1ms,
466344,9.327 s,Timing,Times,Terse,3ms,
466490,9.330 s,Timing,Times,Terse,1ms,
466546,9.331 s,Timing,Times,Terse,3ms,
466692,9.334 s,Timing,Times,Terse,1ms,
466747,9.335 s,Timing,Times,Terse,1ms,
466807,9.336 s,Timing,Times,Terse,1ms,
466863,9.337 s,Timing,Times,Terse,1ms,
466922,9.338 s,Timing,Times,Terse,1ms,
466978,9.340 s,Timing,Times,Terse,1ms,
467038,9.341 s,Timing,Times,Terse,1ms,
467093,9.342 s,Timing,Times,Terse,1ms,
467153,9.343 s,Timing,Times,Terse,1ms,
467208,9.344 s,Timing,Times,Terse,1ms,
467268,9.345 s,Timing,Times,Terse,1ms,
467323,9.346 s,Timing,Times,Terse,1ms,
467383,9.348 s,Timing,Times,Terse,1ms,
467439,9.349 s,Timing,Times,Terse,3ms,
467585,9.352 s,Timing,Times,Terse,1ms,
467640,9.353 s,Timing,Times,Terse,1ms,
467700,9.354 s,Timing,Times,Terse,1ms,
467756,9.355 s,Timing,Times,Terse,3ms,
467902,9.358 s,Timing,Times,Terse,1ms,
467957,9.359 s,Timing,Times,Terse,3ms,
468104,9.362 s,Timing,Times,Terse,1ms,
468159,9.363 s,Timing,Times,Terse,1ms,
468219,9.364 s,Timing,Times,Terse,1ms,
