Sample,Time,Decoder,Ann Row,Ann Class,Value,
38385,1.919 s,Timing,Times,Time,2.650 ms (377.358 Hz),
38438,1.922 s,Timing,Times,Time,2.600 ms (384.615 Hz),
38490,1.925 s,Timing,Times,Time,1.300 ms (769.231 Hz),
38516,1.926 s,Timing,Times,Time,2.950 ms (338.983 Hz),
38575,1.929 s,Timing,Times,Time,1.300 ms (769.231 Hz),
38601,1.930 s,Timing,Times,Time,1.100 ms (909.091 Hz),
38623,1.931 s,Timing,Times,Time,1.300 ms (769.231 Hz),
38649,1.932 s,Timing,Times,Time,1.150 ms (869.565 Hz),
38672,1.934 s,Timing,Times,Time,1.350 ms (740.741 Hz),
38699,1.935 s,Timing,Times,Time,2.900 ms (344.828 Hz),
38757,1.938 s,Timing,Times,Time,1.250 ms (800.000 Hz),
38782,1.939 s,Timing,Times,Time,2.950 ms (338.983 Hz),
38841,1.942 s,Timing,Times,Time,1.250 ms (800.000 Hz),
38866,1.943 s,Timing,Times,Time,1.200 ms (833.333 Hz),
38890,1.944 s,Timing,Times,Time,1.250 ms (800.000 Hz),
38915,1.946 s,Timing,Times,Time,1.150 ms (869.565 Hz),
38938,1.947 s,Timing,Times,Time,1.300 ms (769.231 Hz),
38964,1.948 s,Timing,Times,Time,1.150 ms (869.565 Hz),
38987,1.949 s,Timing,Times,Time,1.300 ms (769.231 Hz),
39013,1.951 s,Timing,Times,Time,1.150 ms (869.565 Hz),
39036,1.952 s,Timing,Times,Time,1.250 ms (800.000 Hz),
39061,1.953 s,Timing,Times,Time,1.150 ms (869.565 Hz),
39084,1.954 s,Timing,Times,Time,1.300 ms (769.231 Hz),
39110,1.956 s,Timing,Times,Time,1.150 ms (869.565 Hz),
39133,1.957 s,Timing,Times,Time,1.300 ms (769.231 Hz),
39159,1.958 s,Timing,Times,Time,2.950 ms (338.983 Hz),
39218,1.961 s,Timing,Times,Time,1.250 ms (800.000 Hz),
39243,1.962 s,Timing,Times,Time,1.150 ms (869.565 Hz),
39266,1.963 s,Timing,Times,Time,1.300 ms (769.231 Hz),
39292,1.965 s,Timing,Times,Time,2.900 ms (344.828 Hz),
39350,1.968 s,Timing,Times,Time,1.300 ms (769.231 Hz),
39376,1.969 s,Timing,Times,Time,1.150 ms (869.565 Hz),
39399,1.970 s,Timing,Times,Time,1.300 ms (769.231 Hz),
39425,1.971 s,Timing,Times,Time,2.950 ms (338.983 Hz),
39484,1.974 s,Timing,Times,Time,1.350 ms (740.741 Hz),
39511,1.976 s,Timing,Times,Time,15.900 ms (62.893 Hz),
39829,1.991 s,Timing,Times,Time,2.700 ms (370.370 Hz),
39883,1.994 s,Timing,Times,Time,2.550 ms (392.157 Hz),
39934,1.997 s,Timing,Times,Time,1.350 ms (740.741 Hz),
39961,1.998 s,Timing,Times,Time,2.850 ms (350.877 Hz),
40018,2.001 s,Timing,Times,Time,1.350 ms (740.741 Hz),
40045,2.002 s,Timing,Times,Time,1.100 ms (909.091 Hz),
40067,2.003 s,Timing,Times,Time,1.300 ms (769.231 Hz),
40093,2.005 s,Timing,Times,Time,1.150 ms (869.565 Hz),
40116,2.006 s,Timing,Times,Time,1.300 ms (769.231 Hz),
40142,2.007 s,Timing,Times,Time,2.950 ms (338.983 Hz),
40201,2.010 s,Timing,Times,Time,1.250 ms (800.000 Hz),
40226,2.011 s,Timing,Times,Time,2.950 ms (338.983 Hz),
40285,2.014 s,Timing,Times,Time,1.300 ms (769.231 Hz),
40311,2.016 s,Timing,Times,Time,1.100 ms (909.091 Hz),
40333,2.017 s,Timing,Times,Time,1.350 ms (740.741 Hz),
40360,2.018 s,Timing,Times,Time,1.100 ms (909.091 Hz),
40382,2.019 s,Timing,Times,Time,1.300 ms (769.231 Hz),
40408,2.020 s,Timing,Times,Time,1.150 ms (869.565 Hz),
40431,2.022 s,Timing,Times,Time,1.300 ms (769.231 Hz),
40457,2.023 s,Timing,Times,Time,1.100 ms (909.091 Hz),
40479,2.024 s,Timing,Times,Time,1.300 ms (769.231 Hz),
40505,2.025 s,Timing,Times,Time,1.150 ms (869.565 Hz),
40528,2.026 s,Timing,Times,Time,1.300 ms (769.231 Hz),
40554,2.028 s,Timing,Times,Time,1.150 ms (869.565 Hz),
40577,2.029 s,Timing,Times,Time,1.300 ms (769.231 Hz),
40603,2.030 s,Timing,Times,Time,2.900 ms (344.828 Hz),
40661,2.033 s,Timing,Times,Time,1.300 ms (769.231 Hz),
40687,2.034 s,Timing,Times,Time,1.200 ms (833.333 Hz),
40711,2.036 s,Timing,Times,Time,1.350 ms (740.741 Hz),
40738,2.037 s,Timing,Times,Time,2.900 ms (344.828 Hz),
40796,2.040 s,Timing,Times,Time,1.300 ms (769.231 Hz),
40822,2.041 s,Timing,Times,Time,1.150 ms (869.565 Hz),
40845,2.042 s,Timing,Times,Time,1.300 ms (769.231 Hz),
40871,2.044 s,Timing,Times,Time,2.900 ms (344.828 Hz),
40929,2.046 s,Timing,Times,Time,1.300 ms (769.231 Hz),
40955,2.048 s,Timing,Times,Time,64.200 ms (15.576 Hz),
42239,2.112 s,Timing,Times,Time,2.700 ms (370.370 Hz),
42293,2.115 s,Timing,Times,Time,2.550 ms (392.157 Hz),
42344,2.117 s,Timing,Times,Time,1.350 ms (740.741 Hz),
42371,2.119 s,Timing,Times,Time,2.900 ms (344.828 Hz),
42429,2.121 s,Timing,Times,Time,1.300 ms (769.231 Hz),
42455,2.123 s,Timing,Times,Time,1.150 ms (869.565 Hz),
42478,2.124 s,Timing,Times,Time,1.300 ms (769.231 Hz),
42504,2.125 s,Timing,Times,Time,1.150 ms (869.565 Hz),
42527,2.126 s,Timing,Times,Time,1.250 ms (800.000 Hz),
42552,2.128 s,Timing,Times,Time,2.950 ms (338.983 Hz),
42611,2.131 s,Timing,Times,Time,1.300 ms (769.231 Hz),
42637,2.132 s,Timing,Times,Time,2.900 ms (344.828 Hz),
42695,2.135 s,Timing,Times,Time,1.300 ms (769.231 Hz),
42721,2.136 s,Timing,Times,Time,1.100 ms (909.091 Hz),
42743,2.137 s,Timing,Times,Time,1.350 ms (740.741 Hz),
42770,2.139 s,Timing,Times,Time,1.100 ms (909.091 Hz),
42792,2.140 s,Timing,Times,Time,1.300 ms (769.231 Hz),
42818,2.141 s,Timing,Times,Time,1.150 ms (869.565 Hz),
42841,2.142 s,Timing,Times,Time,1.300 ms (769.231 Hz),
42867,2.143 s,Timing,Times,Time,1.150 ms (869.565 Hz),
42890,2.144 s,Timing,Times,Time,1.300 ms (769.231 Hz),
42916,2.146 s,Timing,Times,Time,1.150 ms (869.565 Hz),
42939,2.147 s,Timing,Times,Time,1.300 ms (769.231 Hz),
42965,2.148 s,Timing,Times,Time,1.100 ms (909.091 Hz),
42987,2.149 s,Timing,Times,Time,1.300 ms (769.231 Hz),
43013,2.151 s,Timing,Times,Time,2.900 ms (344.828 Hz),
43071,2.154 s,Timing,Times,Time,1.350 ms (740.741 Hz),
43098,2.155 s,Timing,Times,Time,1.100 ms (909.091 Hz),
43120,2.156 s,Timing,Times,Time,1.350 ms (740.741 Hz),
43147,2.157 s,Timing,Times,Time,2.850 ms (350.877 Hz),
43204,2.160 s,Timing,Times,Time,1.350 ms (740.741 Hz),
43231,2.162 s,Timing,Times,Time,1.100 ms (909.091 Hz),
43253,2.163 s,Timing,Times,Time,1.350 ms (740.741 Hz),
43280,2.164 s,Timing,Times,Time,2.950 ms (338.983 Hz),
43339,2.167 s,Timing,Times,Time,1.300 ms (769.231 Hz),
43365,2.168 s,Timing,Times,Time,15.700 ms (63.694 Hz),
43679,2.184 s,Timing,Times,Time,2.700 ms (370.370 Hz),
43733,2.187 s,Timing,Times,Time,2.600 ms (384.615 Hz),
43785,2.189 s,Timing,Times,Time,1.300 ms (769.231 Hz),
43811,2.191 s,Timing,Times,Time,2.950 ms (338.983 Hz),
43870,2.193 s,Timing,Times,Time,1.300 ms (769.231 Hz),
43896,2.195 s,Timing,Times,Time,1.100 ms (909.091 Hz),
43918,2.196 s,Timing,Times,Time,1.300 ms (769.231 Hz),
43944,2.197 s,Timing,Times,Time,1.150 ms (869.565 Hz),
43967,2.198 s,Timing,Times,Time,1.300 ms (769.231 Hz),
43993,2.200 s,Timing,Times,Time,2.900 ms (344.828 Hz),
44051,2.203 s,Timing,Times,Time,1.300 ms (769.231 Hz),
44077,2.204 s,Timing,Times,Time,2.900 ms (344.828 Hz),
44135,2.207 s,Timing,Times,Time,1.350 ms (740.741 Hz),
44162,2.208 s,Timing,Times,Time,1.100 ms (909.091 Hz),
44184,2.209 s,Timing,Times,Time,1.350 ms (740.741 Hz),
44211,2.211 s,Timing,Times,Time,1.100 ms (909.091 Hz),
44233,2.212 s,Timing,Times,Time,1.350 ms (740.741 Hz),
44260,2.213 s,Timing,Times,Time,1.100 ms (909.091 Hz),
44282,2.214 s,Timing,Times,Time,1.300 ms (769.231 Hz),
44308,2.215 s,Timing,Times,Time,1.150 ms (869.565 Hz),
44331,2.217 s,Timing,Times,Time,1.300 ms (769.231 Hz),
44357,2.218 s,Timing,Times,Time,1.100 ms (909.091 Hz),
44379,2.219 s,Timing,Times,Time,1.350 ms (740.741 Hz),
44406,2.220 s,Timing,Times,Time,1.100 ms (909.091 Hz),
44428,2.221 s,Timing,Times,Time,1.350 ms (740.741 Hz),
44455,2.223 s,Timing,Times,Time,2.900 ms (344.828 Hz),
44513,2.226 s,Timing,Times,Time,1.300 ms (769.231 Hz),
44539,2.227 s,Timing,Times,Time,1.200 ms (833.333 Hz),
44563,2.228 s,Timing,Times,Time,1.300 ms (769.231 Hz),
44589,2.229 s,Timing,Times,Time,2.900 ms (344.828 Hz),
44647,2.232 s,Timing,Times,Time,1.350 ms (740.741 Hz),
44674,2.234 s,Timing,Times,Time,1.100 ms (909.091 Hz),
44696,2.235 s,Timing,Times,Time,1.350 ms (740.741 Hz),
44723,2.236 s,Timing,Times,Time,2.850 ms (350.877 Hz),
44780,2.239 s,Timing,Times,Time,1.350 ms (740.741 Hz),
44807,2.240 s,Timing,Times,Time,63.100 ms (15.848 Hz),
46069,2.303 s,Timing,Times,Time,2.700 ms (370.370 Hz),
46123,2.306 s,Timing,Times,Time,2.600 ms (384.615 Hz),
46175,2.309 s,Timing,Times,Time,1.300 ms (769.231 Hz),
46201,2.310 s,Timing,Times,Time,2.950 ms (338.983 Hz),
46260,2.313 s,Timing,Times,Time,1.300 ms (769.231 Hz),
46286,2.314 s,Timing,Times,Time,1.150 ms (869.565 Hz),
46309,2.315 s,Timing,Times,Time,1.250 ms (800.000 Hz),
46334,2.317 s,Timing,Times,Time,1.150 ms (869.565 Hz),
46357,2.318 s,Timing,Times,Time,1.300 ms (769.231 Hz),
46383,2.319 s,Timing,Times,Time,2.900 ms (344.828 Hz),
46441,2.322 s,Timing,Times,Time,1.350 ms (740.741 Hz),
46468,2.323 s,Timing,Times,Time,2.850 ms (350.877 Hz),
46525,2.326 s,Timing,Times,Time,1.350 ms (740.741 Hz),
46552,2.328 s,Timing,Times,Time,1.100 ms (909.091 Hz),
46574,2.329 s,Timing,Times,Time,1.300 ms (769.231 Hz),
46600,2.330 s,Timing,Times,Time,1.150 ms (869.565 Hz),
46623,2.331 s,Timing,Times,Time,1.300 ms (769.231 Hz),
46649,2.332 s,Timing,Times,Time,1.150 ms (869.565 Hz),
46672,2.334 s,Timing,Times,Time,1.300 ms (769.231 Hz),
46698,2.335 s,Timing,Times,Time,1.150 ms (869.565 Hz),
46721,2.336 s,Timing,Times,Time,1.250 ms (800.000 Hz),
46746,2.337 s,Timing,Times,Time,1.150 ms (869.565 Hz),
46769,2.338 s,Timing,Times,Time,1.300 ms (769.231 Hz),
46795,2.340 s,Timing,Times,Time,1.150 ms (869.565 Hz),
46818,2.341 s,Timing,Times,Time,1.300 ms (769.231 Hz),
46844,2.342 s,Timing,Times,Time,2.900 ms (344.828 Hz),
46902,2.345 s,Timing,Times,Time,1.300 ms (769.231 Hz),
46928,2.346 s,Timing,Times,Time,1.150 ms (869.565 Hz),
46951,2.348 s,Timing,Times,Time,1.300 ms (769.231 Hz),
46977,2.349 s,Timing,Times,Time,2.900 ms (344.828 Hz),
47035,2.352 s,Timing,Times,Time,1.300 ms (769.231 Hz),
47061,2.353 s,Timing,Times,Time,1.150 ms (869.565 Hz),
47084,2.354 s,Timing,Times,Time,1.300 ms (769.231 Hz),
47110,2.356 s,Timing,Times,Time,3.000 ms (333.333 Hz),
47170,2.358 s,Timing,Times,Time,1.300 ms (769.231 Hz),
47196,2.360 s,Timing,Times,Time,72.200 ms (13.850 Hz),
48640,2.432 s,Timing,Times,Time,2.700 ms (370.370 Hz),
48694,2.435 s,Timing,Times,Time,2.600 ms (384.615 Hz),
48746,2.437 s,Timing,Times,Time,1.300 ms (769.231 Hz),
48772,2.439 s,Timing,Times,Time,2.900 ms (344.828 Hz),
48830,2.442 s,Timing,Times,Time,1.300 ms (769.231 Hz),
48856,2.443 s,Timing,Times,Time,1.150 ms (869.565 Hz),
48879,2.444 s,Timing,Times,Time,1.300 ms (769.231 Hz),
48905,2.445 s,Timing,Times,Time,1.150 ms (869.565 Hz),
48928,2.446 s,Timing,Times,Time,1.300 ms (769.231 Hz),
48954,2.448 s,Timing,Times,Time,2.900 ms (344.828 Hz),
49012,2.451 s,Timing,Times,Time,1.300 ms (769.231 Hz),
49038,2.452 s,Timing,Times,Time,2.900 ms (344.828 Hz),
49096,2.455 s,Timing,Times,Time,1.300 ms (769.231 Hz),
49122,2.456 s,Timing,Times,Time,1.150 ms (869.565 Hz),
49145,2.457 s,Timing,Times,Time,1.300 ms (769.231 Hz),
49171,2.459 s,Timing,Times,Time,1.150 ms (869.565 Hz),
49194,2.460 s,Timing,Times,Time,1.300 ms (769.231 Hz),
49220,2.461 s,Timing,Times,Time,1.100 ms (909.091 Hz),
49242,2.462 s,Timing,Times,Time,1.350 ms (740.741 Hz),
49269,2.463 s,Timing,Times,Time,1.100 ms (909.091 Hz),
49291,2.465 s,Timing,Times,Time,1.300 ms (769.231 Hz),
49317,2.466 s,Timing,Times,Time,1.150 ms (869.565 Hz),
49340,2.467 s,Timing,Times,Time,1.300 ms (769.231 Hz),
49366,2.468 s,Timing,Times,Time,1.150 ms (869.565 Hz),
49389,2.469 s,Timing,Times,Time,1.250 ms (800.000 Hz),
49414,2.471 s,Timing,Times,Time,2.950 ms (338.983 Hz),
49473,2.474 s,Timing,Times,Time,1.300 ms (769.231 Hz),
49499,2.475 s,Timing,Times,Time,1.100 ms (909.091 Hz),
49521,2.476 s,Timing,Times,Time,1.350 ms (740.741 Hz),
49548,2.477 s,Timing,Times,Time,2.900 ms (344.828 Hz),
49606,2.480 s,Timing,Times,Time,1.300 ms (769.231 Hz),
49632,2.482 s,Timing,Times,Time,1.150 ms (869.565 Hz),
49655,2.483 s,Timing,Times,Time,1.400 ms (714.286 Hz),
49683,2.484 s,Timing,Times,Time,2.900 ms (344.828 Hz),
49741,2.487 s,Timing,Times,Time,1.300 ms (769.231 Hz),
49767,2.488 s,Timing,Times,Time,15.700 ms (63.694 Hz),
50081,2.504 s,Timing,Times,Time,2.700 ms (370.370 Hz),
50135,2.507 s,Timing,Times,Time,2.600 ms (384.615 Hz),
50187,2.509 s,Timing,Times,Time,1.300 ms (769.231 Hz),
50213,2.511 s,Timing,Times,Time,2.900 ms (344.828 Hz),
50271,2.514 s,Timing,Times,Time,1.300 ms (769.231 Hz),
50297,2.515 s,Timing,Times,Time,1.150 ms (869.565 Hz),
50320,2.516 s,Timing,Times,Time,1.300 ms (769.231 Hz),
50346,2.517 s,Timing,Times,Time,1.150 ms (869.565 Hz),
50369,2.518 s,Timing,Times,Time,1.300 ms (769.231 Hz),
50395,2.520 s,Timing,Times,Time,2.900 ms (344.828 Hz),
50453,2.523 s,Timing,Times,Time,1.300 ms (769.231 Hz),
50479,2.524 s,Timing,Times,Time,2.950 ms (338.983 Hz),
50538,2.527 s,Timing,Times,Time,1.300 ms (769.231 Hz),
50564,2.528 s,Timing,Times,Time,1.150 ms (869.565 Hz),
50587,2.529 s,Timing,Times,Time,1.250 ms (800.000 Hz),
50612,2.531 s,Timing,Times,Time,1.150 ms (869.565 Hz),
50635,2.532 s,Timing,Times,Time,1.300 ms (769.231 Hz),
50661,2.533 s,Timing,Times,Time,1.150 ms (869.565 Hz),
50684,2.534 s,Timing,Times,Time,1.300 ms (769.231 Hz),
50710,2.535 s,Timing,Times,Time,1.150 ms (869.565 Hz),
50733,2.537 s,Timing,Times,Time,1.300 ms (769.231 Hz),
50759,2.538 s,Timing,Times,Time,1.100 ms (909.091 Hz),
50781,2.539 s,Timing,Times,Time,1.300 ms (769.231 Hz),
50807,2.540 s,Timing,Times,Time,1.150 ms (869.565 Hz),
50830,2.542 s,Timing,Times,Time,1.300 ms (769.231 Hz),
50856,2.543 s,Timing,Times,Time,2.900 ms (344.828 Hz),
50914,2.546 s,Timing,Times,Time,1.550 ms (645.161 Hz),
50945,2.547 s,Timing,Times,Time,1.150 ms (869.565 Hz),
50968,2.548 s,Timing,Times,Time,1.300 ms (769.231 Hz),
50994,2.550 s,Timing,Times,Time,2.900 ms (344.828 Hz),
51052,2.553 s,Timing,Times,Time,1.300 ms (769.231 Hz),
51078,2.554 s,Timing,Times,Time,1.150 ms (869.565 Hz),
51101,2.555 s,Timing,Times,Time,1.250 ms (800.000 Hz),
51126,2.556 s,Timing,Times,Time,2.950 ms (338.983 Hz),
51185,2.559 s,Timing,Times,Time,1.250 ms (800.000 Hz),
51210,2.561 s,Timing,Times,Time,63.250 ms (15.810 Hz),
52475,2.624 s,Timing,Times,Time,2.700 ms (370.370 Hz),
52529,2.626 s,Timing,Times,Time,2.550 ms (392.157 Hz),
52580,2.629 s,Timing,Times,Time,1.300 ms (769.231 Hz),
52606,2.630 s,Timing,Times,Time,2.950 ms (338.983 Hz),
52665,2.633 s,Timing,Times,Time,1.250 ms (800.000 Hz),
52690,2.635 s,Timing,Times,Time,1.200 ms (833.333 Hz),
52714,2.636 s,Timing,Times,Time,1.300 ms (769.231 Hz),
52740,2.637 s,Timing,Times,Time,1.150 ms (869.565 Hz),
52763,2.638 s,Timing,Times,Time,1.250 ms (800.000 Hz),
52788,2.639 s,Timing,Times,Time,2.950 ms (338.983 Hz),
52847,2.642 s,Timing,Times,Time,1.250 ms (800.000 Hz),
52872,2.644 s,Timing,Times,Time,3.000 ms (333.333 Hz),
52932,2.647 s,Timing,Times,Time,1.200 ms (833.333 Hz),
52956,2.648 s,Timing,Times,Time,1.200 ms (833.333 Hz),
52980,2.649 s,Timing,Times,Time,1.250 ms (800.000 Hz),
53005,2.650 s,Timing,Times,Time,1.200 ms (833.333 Hz),
53029,2.651 s,Timing,Times,Time,1.250 ms (800.000 Hz),
53054,2.653 s,Timing,Times,Time,1.200 ms (833.333 Hz),
53078,2.654 s,Timing,Times,Time,1.250 ms (800.000 Hz),
53103,2.655 s,Timing,Times,Time,1.200 ms (833.333 Hz),
53127,2.656 s,Timing,Times,Time,1.250 ms (800.000 Hz),
53152,2.658 s,Timing,Times,Time,1.200 ms (833.333 Hz),
53176,2.659 s,Timing,Times,Time,1.200 ms (833.333 Hz),
53200,2.660 s,Timing,Times,Time,1.200 ms (833.333 Hz),
53224,2.661 s,Timing,Times,Time,1.250 ms (800.000 Hz),
53249,2.662 s,Timing,Times,Time,2.950 ms (338.983 Hz),
53308,2.665 s,Timing,Times,Time,1.250 ms (800.000 Hz),
53333,2.667 s,Timing,Times,Time,1.200 ms (833.333 Hz),
53357,2.668 s,Timing,Times,Time,1.250 ms (800.000 Hz),
53382,2.669 s,Timing,Times,Time,2.950 ms (338.983 Hz),
53441,2.672 s,Timing,Times,Time,1.250 ms (800.000 Hz),
53466,2.673 s,Timing,Times,Time,1.200 ms (833.333 Hz),
53490,2.675 s,Timing,Times,Time,1.250 ms (800.000 Hz),
53515,2.676 s,Timing,Times,Time,3.000 ms (333.333 Hz),
53575,2.679 s,Timing,Times,Time,1.200 ms (833.333 Hz),
53599,2.680 s,Timing,Times,Time,71.750 ms (13.937 Hz),
55034,2.752 s,Timing,Times,Time,2.650 ms (377.358 Hz),
55087,2.754 s,Timing,Times,Time,2.700 ms (370.370 Hz),
55141,2.757 s,Timing,Times,Time,1.200 ms (833.333 Hz),
55165,2.758 s,Timing,Times,Time,3.000 ms (333.333 Hz),
55225,2.761 s,Timing,Times,Time,1.250 ms (800.000 Hz),
55250,2.763 s,Timing,Times,Time,1.200 ms (833.333 Hz),
55274,2.764 s,Timing,Times,Time,1.250 ms (800.000 Hz),
55299,2.765 s,Timing,Times,Time,1.200 ms (833.333 Hz),
55323,2.766 s,Timing,Times,Time,1.200 ms (833.333 Hz),
55347,2.767 s,Timing,Times,Time,3.000 ms (333.333 Hz),
55407,2.770 s,Timing,Times,Time,1.200 ms (833.333 Hz),
55431,2.772 s,Timing,Times,Time,3.000 ms (333.333 Hz),
55491,2.775 s,Timing,Times,Time,1.250 ms (800.000 Hz),
55516,2.776 s,Timing,Times,Time,1.200 ms (833.333 Hz),
55540,2.777 s,Timing,Times,Time,1.200 ms (833.333 Hz),
55564,2.778 s,Timing,Times,Time,1.200 ms (833.333 Hz),
55588,2.779 s,Timing,Times,Time,1.250 ms (800.000 Hz),
55613,2.781 s,Timing,Times,Time,1.200 ms (833.333 Hz),
55637,2.782 s,Timing,Times,Time,1.250 ms (800.000 Hz),
55662,2.783 s,Timing,Times,Time,1.200 ms (833.333 Hz),
55686,2.784 s,Timing,Times,Time,1.250 ms (800.000 Hz),
55711,2.786 s,Timing,Times,Time,1.200 ms (833.333 Hz),
55735,2.787 s,Timing,Times,Time,1.250 ms (800.000 Hz),
55760,2.788 s,Timing,Times,Time,1.200 ms (833.333 Hz),
55784,2.789 s,Timing,Times,Time,1.200 ms (833.333 Hz),
55808,2.790 s,Timing,Times,Time,3.000 ms (333.333 Hz),
55868,2.793 s,Timing,Times,Time,1.200 ms (833.333 Hz),
55892,2.795 s,Timing,Times,Time,1.200 ms (833.333 Hz),
55916,2.796 s,Timing,Times,Time,1.250 ms (800.000 Hz),
55941,2.797 s,Timing,Times,Time,3.000 ms (333.333 Hz),
56001,2.800 s,Timing,Times,Time,1.200 ms (833.333 Hz),
56025,2.801 s,Timing,Times,Time,1.200 ms (833.333 Hz),
56049,2.802 s,Timing,Times,Time,1.250 ms (800.000 Hz),
56074,2.804 s,Timing,Times,Time,3.050 ms (327.869 Hz),
56135,2.807 s,Timing,Times,Time,1.250 ms (800.000 Hz),
56160,2.808 s,Timing,Times,Time,16.250 ms (61.538 Hz),
56485,2.824 s,Timing,Times,Time,2.600 ms (384.615 Hz),
56537,2.827 s,Timing,Times,Time,2.650 ms (377.358 Hz),
56590,2.829 s,Timing,Times,Time,1.250 ms (800.000 Hz),
56615,2.831 s,Timing,Times,Time,3.000 ms (333.333 Hz),
56675,2.834 s,Timing,Times,Time,1.200 ms (833.333 Hz),
56699,2.835 s,Timing,Times,Time,1.250 ms (800.000 Hz),
56724,2.836 s,Timing,Times,Time,1.200 ms (833.333 Hz),
56748,2.837 s,Timing,Times,Time,1.200 ms (833.333 Hz),
56772,2.839 s,Timing,Times,Time,1.250 ms (800.000 Hz),
56797,2.840 s,Timing,Times,Time,2.950 ms (338.983 Hz),
56856,2.843 s,Timing,Times,Time,1.250 ms (800.000 Hz),
56881,2.844 s,Timing,Times,Time,3.000 ms (333.333 Hz),
56941,2.847 s,Timing,Times,Time,1.200 ms (833.333 Hz),
56965,2.848 s,Timing,Times,Time,1.200 ms (833.333 Hz),
56989,2.849 s,Timing,Times,Time,1.250 ms (800.000 Hz),
57014,2.851 s,Timing,Times,Time,1.200 ms (833.333 Hz),
57038,2.852 s,Timing,Times,Time,1.250 ms (800.000 Hz),
57063,2.853 s,Timing,Times,Time,1.200 ms (833.333 Hz),
57087,2.854 s,Timing,Times,Time,1.250 ms (800.000 Hz),
57112,2.856 s,Timing,Times,Time,1.200 ms (833.333 Hz),
57136,2.857 s,Timing,Times,Time,1.200 ms (833.333 Hz),
57160,2.858 s,Timing,Times,Time,1.250 ms (800.000 Hz),
57185,2.859 s,Timing,Times,Time,1.200 ms (833.333 Hz),
57209,2.860 s,Timing,Times,Time,1.200 ms (833.333 Hz),
57233,2.862 s,Timing,Times,Time,1.250 ms (800.000 Hz),
57258,2.863 s,Timing,Times,Time,2.950 ms (338.983 Hz),
57317,2.866 s,Timing,Times,Time,1.250 ms (800.000 Hz),
57342,2.867 s,Timing,Times,Time,1.250 ms (800.000 Hz),
57367,2.868 s,Timing,Times,Time,1.200 ms (833.333 Hz),
57391,2.870 s,Timing,Times,Time,3.000 ms (333.333 Hz),
57451,2.873 s,Timing,Times,Time,1.250 ms (800.000 Hz),
57476,2.874 s,Timing,Times,Time,1.200 ms (833.333 Hz),
57500,2.875 s,Timing,Times,Time,1.250 ms (800.000 Hz),
57525,2.876 s,Timing,Times,Time,2.950 ms (338.983 Hz),
57584,2.879 s,Timing,Times,Time,1.250 ms (800.000 Hz),
57609,2.880 s,Timing,Times,Time,63.850 ms (15.662 Hz),
58886,2.944 s,Timing,Times,Time,2.650 ms (377.358 Hz),
58939,2.947 s,Timing,Times,Time,2.650 ms (377.358 Hz),
58992,2.950 s,Timing,Times,Time,1.250 ms (800.000 Hz),
59017,2.951 s,Timing,Times,Time,2.950 ms (338.983 Hz),
59076,2.954 s,Timing,Times,Time,1.250 ms (800.000 Hz),
59101,2.955 s,Timing,Times,Time,1.200 ms (833.333 Hz),
59125,2.956 s,Timing,Times,Time,1.250 ms (800.000 Hz),
59150,2.958 s,Timing,Times,Time,1.200 ms (833.333 Hz),
59174,2.959 s,Timing,Times,Time,1.250 ms (800.000 Hz),
59199,2.960 s,Timing,Times,Time,2.950 ms (338.983 Hz),
59258,2.963 s,Timing,Times,Time,1.250 ms (800.000 Hz),
59283,2.964 s,Timing,Times,Time,2.950 ms (338.983 Hz),
59342,2.967 s,Timing,Times,Time,1.250 ms (800.000 Hz),
59367,2.968 s,Timing,Times,Time,1.200 ms (833.333 Hz),
59391,2.970 s,Timing,Times,Time,1.250 ms (800.000 Hz),
59416,2.971 s,Timing,Times,Time,1.200 ms (833.333 Hz),
59440,2.972 s,Timing,Times,Time,1.200 ms (833.333 Hz),
59464,2.973 s,Timing,Times,Time,1.200 ms (833.333 Hz),
59488,2.974 s,Timing,Times,Time,1.250 ms (800.000 Hz),
59513,2.976 s,Timing,Times,Time,1.200 ms (833.333 Hz),
59537,2.977 s,Timing,Times,Time,1.250 ms (800.000 Hz),
59562,2.978 s,Timing,Times,Time,1.200 ms (833.333 Hz),
59586,2.979 s,Timing,Times,Time,1.250 ms (800.000 Hz),
59611,2.981 s,Timing,Times,Time,1.200 ms (833.333 Hz),
59635,2.982 s,Timing,Times,Time,1.250 ms (800.000 Hz),
59660,2.983 s,Timing,Times,Time,2.950 ms (338.983 Hz),
59719,2.986 s,Timing,Times,Time,1.250 ms (800.000 Hz),
59744,2.987 s,Timing,Times,Time,1.200 ms (833.333 Hz),
59768,2.988 s,Timing,Times,Time,1.200 ms (833.333 Hz),
59792,2.990 s,Timing,Times,Time,3.000 ms (333.333 Hz),
59852,2.993 s,Timing,Times,Time,1.200 ms (833.333 Hz),
59876,2.994 s,Timing,Times,Time,1.250 ms (800.000 Hz),
59901,2.995 s,Timing,Times,Time,1.250 ms (800.000 Hz),
59926,2.996 s,Timing,Times,Time,3.000 ms (333.333 Hz),
59986,2.999 s,Timing,Times,Time,1.250 ms (800.000 Hz),
60011,3.001 s,Timing,Times,Time,73.100 ms (13.680 Hz),
61473,3.074 s,Timing,Times,Time,2.600 ms (384.615 Hz),
61525,3.076 s,Timing,Times,Time,2.700 ms (370.370 Hz),
61579,3.079 s,Timing,Times,Time,1.250 ms (800.000 Hz),
61604,3.080 s,Timing,Times,Time,2.950 ms (338.983 Hz),
61663,3.083 s,Timing,Times,Time,1.250 ms (800.000 Hz),
61688,3.084 s,Timing,Times,Time,1.200 ms (833.333 Hz),
61712,3.086 s,Timing,Times,Time,1.250 ms (800.000 Hz),
61737,3.087 s,Timing,Times,Time,1.200 ms (833.333 Hz),
61761,3.088 s,Timing,Times,Time,1.200 ms (833.333 Hz),
61785,3.089 s,Timing,Times,Time,3.000 ms (333.333 Hz),
61845,3.092 s,Timing,Times,Time,1.200 ms (833.333 Hz),
61869,3.093 s,Timing,Times,Time,3.000 ms (333.333 Hz),
61929,3.096 s,Timing,Times,Time,1.250 ms (800.000 Hz),
61954,3.098 s,Timing,Times,Time,1.200 ms (833.333 Hz),
61978,3.099 s,Timing,Times,Time,1.200 ms (833.333 Hz),
62002,3.100 s,Timing,Times,Time,1.250 ms (800.000 Hz),
62027,3.101 s,Timing,Times,Time,1.200 ms (833.333 Hz),
62051,3.103 s,Timing,Times,Time,1.200 ms (833.333 Hz),
62075,3.104 s,Timing,Times,Time,1.250 ms (800.000 Hz),
62100,3.105 s,Timing,Times,Time,1.200 ms (833.333 Hz),
62124,3.106 s,Timing,Times,Time,1.250 ms (800.000 Hz),
62149,3.107 s,Timing,Times,Time,1.200 ms (833.333 Hz),
62173,3.109 s,Timing,Times,Time,1.200 ms (833.333 Hz),
62197,3.110 s,Timing,Times,Time,1.250 ms (800.000 Hz),
62222,3.111 s,Timing,Times,Time,1.200 ms (833.333 Hz),
62246,3.112 s,Timing,Times,Time,3.000 ms (333.333 Hz),
62306,3.115 s,Timing,Times,Time,1.200 ms (833.333 Hz),
62330,3.116 s,Timing,Times,Time,1.250 ms (800.000 Hz),
62355,3.118 s,Timing,Times,Time,1.200 ms (833.333 Hz),
62379,3.119 s,Timing,Times,Time,3.000 ms (333.333 Hz),
62439,3.122 s,Timing,Times,Time,1.200 ms (833.333 Hz),
62463,3.123 s,Timing,Times,Time,1.350 ms (740.741 Hz),
62490,3.124 s,Timing,Times,Time,1.250 ms (800.000 Hz),
62515,3.126 s,Timing,Times,Time,2.950 ms (338.983 Hz),
62574,3.129 s,Timing,Times,Time,1.250 ms (800.000 Hz),
62599,3.130 s,Timing,Times,Time,16.400 ms (60.976 Hz),
62927,3.146 s,Timing,Times,Time,2.600 ms (384.615 Hz),
62979,3.149 s,Timing,Times,Time,2.700 ms (370.370 Hz),
63033,3.152 s,Timing,Times,Time,1.250 ms (800.000 Hz),
63058,3.153 s,Timing,Times,Time,2.950 ms (338.983 Hz),
63117,3.156 s,Timing,Times,Time,1.250 ms (800.000 Hz),
63142,3.157 s,Timing,Times,Time,1.200 ms (833.333 Hz),
63166,3.158 s,Timing,Times,Time,1.200 ms (833.333 Hz),
63190,3.159 s,Timing,Times,Time,1.200 ms (833.333 Hz),
63214,3.161 s,Timing,Times,Time,1.250 ms (800.000 Hz),
63239,3.162 s,Timing,Times,Time,2.950 ms (338.983 Hz),
63298,3.165 s,Timing,Times,Time,1.250 ms (800.000 Hz),
63323,3.166 s,Timing,Times,Time,3.000 ms (333.333 Hz),
63383,3.169 s,Timing,Times,Time,1.250 ms (800.000 Hz),
63408,3.170 s,Timing,Times,Time,1.200 ms (833.333 Hz),
63432,3.172 s,Timing,Times,Time,1.200 ms (833.333 Hz),
63456,3.173 s,Timing,Times,Time,1.250 ms (800.000 Hz),
63481,3.174 s,Timing,Times,Time,1.200 ms (833.333 Hz),
63505,3.175 s,Timing,Times,Time,1.200 ms (833.333 Hz),
63529,3.176 s,Timing,Times,Time,1.250 ms (800.000 Hz),
63554,3.178 s,Timing,Times,Time,1.200 ms (833.333 Hz),
63578,3.179 s,Timing,Times,Time,1.250 ms (800.000 Hz),
63603,3.180 s,Timing,Times,Time,1.200 ms (833.333 Hz),
63627,3.181 s,Timing,Times,Time,1.200 ms (833.333 Hz),
63651,3.183 s,Timing,Times,Time,1.200 ms (833.333 Hz),
63675,3.184 s,Timing,Times,Time,1.250 ms (800.000 Hz),
63700,3.185 s,Timing,Times,Time,3.200 ms (312.500 Hz),
63764,3.188 s,Timing,Times,Time,1.250 ms (800.000 Hz),
63789,3.189 s,Timing,Times,Time,1.200 ms (833.333 Hz),
63813,3.191 s,Timing,Times,Time,1.200 ms (833.333 Hz),
63837,3.192 s,Timing,Times,Time,3.000 ms (333.333 Hz),
63897,3.195 s,Timing,Times,Time,1.250 ms (800.000 Hz),
63922,3.196 s,Timing,Times,Time,1.200 ms (833.333 Hz),
63946,3.197 s,Timing,Times,Time,1.250 ms (800.000 Hz),
63971,3.199 s,Timing,Times,Time,2.950 ms (338.983 Hz),
64030,3.201 s,Timing,Times,Time,1.250 ms (800.000 Hz),
64055,3.203 s,Timing,Times,Time,1.597 s  (0.626 Hz),
95999,4.800 s,Timing,Times,Time,2.650 ms (377.358 Hz),
96052,4.803 s,Timing,Times,Time,2.600 ms (384.615 Hz),
96104,4.805 s,Timing,Times,Time,1.300 ms (769.231 Hz),
96130,4.806 s,Timing,Times,Time,2.950 ms (338.983 Hz),
96189,4.809 s,Timing,Times,Time,1.250 ms (800.000 Hz),
96214,4.811 s,Timing,Times,Time,1.200 ms (833.333 Hz),
96238,4.812 s,Timing,Times,Time,1.250 ms (800.000 Hz),
96263,4.813 s,Timing,Times,Time,1.150 ms (869.565 Hz),
96286,4.814 s,Timing,Times,Time,1.300 ms (769.231 Hz),
96312,4.816 s,Timing,Times,Time,2.900 ms (344.828 Hz),
96370,4.819 s,Timing,Times,Time,1.300 ms (769.231 Hz),
96396,4.820 s,Timing,Times,Time,2.950 ms (338.983 Hz),
96455,4.823 s,Timing,Times,Time,1.250 ms (800.000 Hz),
96480,4.824 s,Timing,Times,Time,1.150 ms (869.565 Hz),
96503,4.825 s,Timing,Times,Time,1.350 ms (740.741 Hz),
96530,4.827 s,Timing,Times,Time,1.100 ms (909.091 Hz),
96552,4.828 s,Timing,Times,Time,1.300 ms (769.231 Hz),
96578,4.829 s,Timing,Times,Time,1.150 ms (869.565 Hz),
96601,4.830 s,Timing,Times,Time,1.300 ms (769.231 Hz),
96627,4.831 s,Timing,Times,Time,1.150 ms (869.565 Hz),
96650,4.832 s,Timing,Times,Time,1.250 ms (800.000 Hz),
96675,4.834 s,Timing,Times,Time,1.200 ms (833.333 Hz),
96699,4.835 s,Timing,Times,Time,1.250 ms (800.000 Hz),
96724,4.836 s,Timing,Times,Time,1.200 ms (833.333 Hz),
96748,4.837 s,Timing,Times,Time,1.250 ms (800.000 Hz),
96773,4.839 s,Timing,Times,Time,2.950 ms (338.983 Hz),
96832,4.842 s,Timing,Times,Time,1.300 ms (769.231 Hz),
96858,4.843 s,Timing,Times,Time,2.900 ms (344.828 Hz),
96916,4.846 s,Timing,Times,Time,1.250 ms (800.000 Hz),
96941,4.847 s,Timing,Times,Time,1.150 ms (869.565 Hz),
96964,4.848 s,Timing,Times,Time,1.350 ms (740.741 Hz),
96991,4.850 s,Timing,Times,Time,3.150 ms (317.460 Hz),
97054,4.853 s,Timing,Times,Time,1.350 ms (740.741 Hz),
97081,4.854 s,Timing,Times,Time,1.100 ms (909.091 Hz),
97103,4.855 s,Timing,Times,Time,1.350 ms (740.741 Hz),
97130,4.856 s,Timing,Times,Time,16.750 ms (59.701 Hz),
97465,4.873 s,Timing,Times,Time,2.700 ms (370.370 Hz),
97519,4.876 s,Timing,Times,Time,2.600 ms (384.615 Hz),
97571,4.879 s,Timing,Times,Time,1.300 ms (769.231 Hz),
97597,4.880 s,Timing,Times,Time,2.900 ms (344.828 Hz),
97655,4.883 s,Timing,Times,Time,1.300 ms (769.231 Hz),
97681,4.884 s,Timing,Times,Time,1.150 ms (869.565 Hz),
97704,4.885 s,Timing,Times,Time,1.300 ms (769.231 Hz),
97730,4.886 s,Timing,Times,Time,1.150 ms (869.565 Hz),
97753,4.888 s,Timing,Times,Time,1.300 ms (769.231 Hz),
97779,4.889 s,Timing,Times,Time,2.900 ms (344.828 Hz),
97837,4.892 s,Timing,Times,Time,1.300 ms (769.231 Hz),
97863,4.893 s,Timing,Times,Time,2.900 ms (344.828 Hz),
97921,4.896 s,Timing,Times,Time,1.300 ms (769.231 Hz),
97947,4.897 s,Timing,Times,Time,1.150 ms (869.565 Hz),
97970,4.899 s,Timing,Times,Time,1.350 ms (740.741 Hz),
97997,4.900 s,Timing,Times,Time,1.100 ms (909.091 Hz),
98019,4.901 s,Timing,Times,Time,1.300 ms (769.231 Hz),
98045,4.902 s,Timing,Times,Time,1.100 ms (909.091 Hz),
98067,4.903 s,Timing,Times,Time,1.350 ms (740.741 Hz),
98094,4.905 s,Timing,Times,Time,1.100 ms (909.091 Hz),
98116,4.906 s,Timing,Times,Time,1.350 ms (740.741 Hz),
98143,4.907 s,Timing,Times,Time,1.100 ms (909.091 Hz),
98165,4.908 s,Timing,Times,Time,1.300 ms (769.231 Hz),
98191,4.910 s,Timing,Times,Time,1.150 ms (869.565 Hz),
98214,4.911 s,Timing,Times,Time,1.350 ms (740.741 Hz),
98241,4.912 s,Timing,Times,Time,2.850 ms (350.877 Hz),
98298,4.915 s,Timing,Times,Time,1.350 ms (740.741 Hz),
98325,4.916 s,Timing,Times,Time,2.900 ms (344.828 Hz),
98383,4.919 s,Timing,Times,Time,1.350 ms (740.741 Hz),
98410,4.920 s,Timing,Times,Time,1.100 ms (909.091 Hz),
98432,4.922 s,Timing,Times,Time,1.300 ms (769.231 Hz),
98458,4.923 s,Timing,Times,Time,2.900 ms (344.828 Hz),
98516,4.926 s,Timing,Times,Time,1.300 ms (769.231 Hz),
98542,4.927 s,Timing,Times,Time,1.150 ms (869.565 Hz),
98565,4.928 s,Timing,Times,Time,1.300 ms (769.231 Hz),
98591,4.930 s,Timing,Times,Time,62.600 ms (15.974 Hz),
99843,4.992 s,Timing,Times,Time,2.700 ms (370.370 Hz),
99897,4.995 s,Timing,Times,Time,2.600 ms (384.615 Hz),
99949,4.997 s,Timing,Times,Time,1.350 ms (740.741 Hz),
99976,4.999 s,Timing,Times,Time,2.850 ms (350.877 Hz),
100033,5.002 s,Timing,Times,Time,1.350 ms (740.741 Hz),
100060,5.003 s,Timing,Times,Time,1.100 ms (909.091 Hz),
100082,5.004 s,Timing,Times,Time,1.300 ms (769.231 Hz),
100108,5.005 s,Timing,Times,Time,1.150 ms (869.565 Hz),
100131,5.007 s,Timing,Times,Time,1.300 ms (769.231 Hz),
100157,5.008 s,Timing,Times,Time,2.900 ms (344.828 Hz),
100215,5.011 s,Timing,Times,Time,1.300 ms (769.231 Hz),
100241,5.012 s,Timing,Times,Time,2.900 ms (344.828 Hz),
100299,5.015 s,Timing,Times,Time,1.350 ms (740.741 Hz),
100326,5.016 s,Timing,Times,Time,1.100 ms (909.091 Hz),
100348,5.017 s,Timing,Times,Time,1.300 ms (769.231 Hz),
100374,5.019 s,Timing,Times,Time,1.150 ms (869.565 Hz),
100397,5.020 s,Timing,Times,Time,1.300 ms (769.231 Hz),
100423,5.021 s,Timing,Times,Time,1.100 ms (909.091 Hz),
100445,5.022 s,Timing,Times,Time,1.350 ms (740.741 Hz),
100472,5.024 s,Timing,Times,Time,1.100 ms (909.091 Hz),
100494,5.025 s,Timing,Times,Time,1.350 ms (740.741 Hz),
100521,5.026 s,Timing,Times,Time,1.100 ms (909.091 Hz),
100543,5.027 s,Timing,Times,Time,1.300 ms (769.231 Hz),
100569,5.028 s,Timing,Times,Time,1.150 ms (869.565 Hz),
100592,5.030 s,Timing,Times,Time,1.300 ms (769.231 Hz),
100618,5.031 s,Timing,Times,Time,2.900 ms (344.828 Hz),
100676,5.034 s,Timing,Times,Time,1.300 ms (769.231 Hz),
100702,5.035 s,Timing,Times,Time,2.900 ms (344.828 Hz),
100760,5.038 s,Timing,Times,Time,1.300 ms (769.231 Hz),
100786,5.039 s,Timing,Times,Time,1.150 ms (869.565 Hz),
100809,5.040 s,Timing,Times,Time,1.300 ms (769.231 Hz),
100835,5.042 s,Timing,Times,Time,2.950 ms (338.983 Hz),
100894,5.045 s,Timing,Times,Time,1.300 ms (769.231 Hz),
100920,5.046 s,Timing,Times,Time,1.150 ms (869.565 Hz),
100943,5.047 s,Timing,Times,Time,1.300 ms (769.231 Hz),
100969,5.048 s,Timing,Times,Time,71.600 ms (13.966 Hz),
102401,5.120 s,Timing,Times,Time,2.700 ms (370.370 Hz),
102455,5.123 s,Timing,Times,Time,2.600 ms (384.615 Hz),
102507,5.125 s,Timing,Times,Time,1.300 ms (769.231 Hz),
102533,5.127 s,Timing,Times,Time,2.950 ms (338.983 Hz),
102592,5.130 s,Timing,Times,Time,1.300 ms (769.231 Hz),
102618,5.131 s,Timing,Times,Time,1.100 ms (909.091 Hz),
102640,5.132 s,Timing,Times,Time,1.300 ms (769.231 Hz),
102666,5.133 s,Timing,Times,Time,1.150 ms (869.565 Hz),
102689,5.134 s,Timing,Times,Time,1.350 ms (740.741 Hz),
102716,5.136 s,Timing,Times,Time,2.850 ms (350.877 Hz),
102773,5.139 s,Timing,Times,Time,1.300 ms (769.231 Hz),
102799,5.140 s,Timing,Times,Time,2.900 ms (344.828 Hz),
102857,5.143 s,Timing,Times,Time,1.350 ms (740.741 Hz),
102884,5.144 s,Timing,Times,Time,1.100 ms (909.091 Hz),
102906,5.145 s,Timing,Times,Time,1.300 ms (769.231 Hz),
102932,5.147 s,Timing,Times,Time,1.150 ms (869.565 Hz),
102955,5.148 s,Timing,Times,Time,1.300 ms (769.231 Hz),
102981,5.149 s,Timing,Times,Time,1.150 ms (869.565 Hz),
103004,5.150 s,Timing,Times,Time,1.250 ms (800.000 Hz),
103029,5.151 s,Timing,Times,Time,1.150 ms (869.565 Hz),
103052,5.153 s,Timing,Times,Time,1.300 ms (769.231 Hz),
103078,5.154 s,Timing,Times,Time,1.150 ms (869.565 Hz),
103101,5.155 s,Timing,Times,Time,1.300 ms (769.231 Hz),
103127,5.156 s,Timing,Times,Time,1.100 ms (909.091 Hz),
103149,5.157 s,Timing,Times,Time,1.350 ms (740.741 Hz),
103176,5.159 s,Timing,Times,Time,2.900 ms (344.828 Hz),
103234,5.162 s,Timing,Times,Time,1.300 ms (769.231 Hz),
103260,5.163 s,Timing,Times,Time,2.900 ms (344.828 Hz),
103318,5.166 s,Timing,Times,Time,1.300 ms (769.231 Hz),
103344,5.167 s,Timing,Times,Time,1.150 ms (869.565 Hz),
103367,5.168 s,Timing,Times,Time,1.300 ms (769.231 Hz),
103393,5.170 s,Timing,Times,Time,2.950 ms (338.983 Hz),
103452,5.173 s,Timing,Times,Time,1.350 ms (740.741 Hz),
103479,5.174 s,Timing,Times,Time,1.100 ms (909.091 Hz),
103501,5.175 s,Timing,Times,Time,1.300 ms (769.231 Hz),
103527,5.176 s,Timing,Times,Time,15.750 ms (63.492 Hz),
103842,5.192 s,Timing,Times,Time,2.700 ms (370.370 Hz),
103896,5.195 s,Timing,Times,Time,2.600 ms (384.615 Hz),
103948,5.197 s,Timing,Times,Time,1.300 ms (769.231 Hz),
103974,5.199 s,Timing,Times,Time,2.900 ms (344.828 Hz),
104032,5.202 s,Timing,Times,Time,1.350 ms (740.741 Hz),
104059,5.203 s,Timing,Times,Time,1.100 ms (909.091 Hz),
104081,5.204 s,Timing,Times,Time,1.300 ms (769.231 Hz),
104107,5.205 s,Timing,Times,Time,1.150 ms (869.565 Hz),
104130,5.207 s,Timing,Times,Time,1.300 ms (769.231 Hz),
104156,5.208 s,Timing,Times,Time,2.900 ms (344.828 Hz),
104214,5.211 s,Timing,Times,Time,1.300 ms (769.231 Hz),
104240,5.212 s,Timing,Times,Time,2.950 ms (338.983 Hz),
104299,5.215 s,Timing,Times,Time,1.250 ms (800.000 Hz),
104324,5.216 s,Timing,Times,Time,1.150 ms (869.565 Hz),
104347,5.217 s,Timing,Times,Time,1.300 ms (769.231 Hz),
104373,5.219 s,Timing,Times,Time,1.150 ms (869.565 Hz),
104396,5.220 s,Timing,Times,Time,1.300 ms (769.231 Hz),
104422,5.221 s,Timing,Times,Time,1.100 ms (909.091 Hz),
104444,5.222 s,Timing,Times,Time,1.350 ms (740.741 Hz),
104471,5.224 s,Timing,Times,Time,1.100 ms (909.091 Hz),
104493,5.225 s,Timing,Times,Time,1.300 ms (769.231 Hz),
104519,5.226 s,Timing,Times,Time,1.150 ms (869.565 Hz),
104542,5.227 s,Timing,Times,Time,1.300 ms (769.231 Hz),
104568,5.228 s,Timing,Times,Time,1.150 ms (869.565 Hz),
104591,5.230 s,Timing,Times,Time,1.300 ms (769.231 Hz),
104617,5.231 s,Timing,Times,Time,2.900 ms (344.828 Hz),
104675,5.234 s,Timing,Times,Time,1.500 ms (666.667 Hz),
104705,5.235 s,Timing,Times,Time,2.950 ms (338.983 Hz),
104764,5.238 s,Timing,Times,Time,1.300 ms (769.231 Hz),
104790,5.239 s,Timing,Times,Time,1.150 ms (869.565 Hz),
104813,5.241 s,Timing,Times,Time,1.300 ms (769.231 Hz),
104839,5.242 s,Timing,Times,Time,2.900 ms (344.828 Hz),
104897,5.245 s,Timing,Times,Time,1.300 ms (769.231 Hz),
104923,5.246 s,Timing,Times,Time,1.150 ms (869.565 Hz),
104946,5.247 s,Timing,Times,Time,1.250 ms (800.000 Hz),
104971,5.249 s,Timing,Times,Time,63.050 ms (15.860 Hz),
106232,5.312 s,Timing,Times,Time,2.700 ms (370.370 Hz),
106286,5.314 s,Timing,Times,Time,2.600 ms (384.615 Hz),
106338,5.317 s,Timing,Times,Time,1.300 ms (769.231 Hz),
106364,5.318 s,Timing,Times,Time,2.950 ms (338.983 Hz),
106423,5.321 s,Timing,Times,Time,1.300 ms (769.231 Hz),
106449,5.322 s,Timing,Times,Time,1.150 ms (869.565 Hz),
106472,5.324 s,Timing,Times,Time,1.300 ms (769.231 Hz),
106498,5.325 s,Timing,Times,Time,1.100 ms (909.091 Hz),
106520,5.326 s,Timing,Times,Time,1.300 ms (769.231 Hz),
106546,5.327 s,Timing,Times,Time,2.950 ms (338.983 Hz),
106605,5.330 s,Timing,Times,Time,1.250 ms (800.000 Hz),
106630,5.332 s,Timing,Times,Time,2.900 ms (344.828 Hz),
106688,5.334 s,Timing,Times,Time,1.300 ms (769.231 Hz),
106714,5.336 s,Timing,Times,Time,1.150 ms (869.565 Hz),
106737,5.337 s,Timing,Times,Time,1.300 ms (769.231 Hz),
106763,5.338 s,Timing,Times,Time,1.150 ms (869.565 Hz),
106786,5.339 s,Timing,Times,Time,1.300 ms (769.231 Hz),
106812,5.341 s,Timing,Times,Time,1.150 ms (869.565 Hz),
106835,5.342 s,Timing,Times,Time,1.300 ms (769.231 Hz),
106861,5.343 s,Timing,Times,Time,1.150 ms (869.565 Hz),
106884,5.344 s,Timing,Times,Time,1.250 ms (800.000 Hz),
106909,5.345 s,Timing,Times,Time,1.200 ms (833.333 Hz),
106933,5.347 s,Timing,Times,Time,1.200 ms (833.333 Hz),
106957,5.348 s,Timing,Times,Time,1.200 ms (833.333 Hz),
106981,5.349 s,Timing,Times,Time,1.250 ms (800.000 Hz),
107006,5.350 s,Timing,Times,Time,2.950 ms (338.983 Hz),
107065,5.353 s,Timing,Times,Time,1.300 ms (769.231 Hz),
107091,5.355 s,Timing,Times,Time,2.900 ms (344.828 Hz),
107149,5.357 s,Timing,Times,Time,1.300 ms (769.231 Hz),
107175,5.359 s,Timing,Times,Time,1.150 ms (869.565 Hz),
107198,5.360 s,Timing,Times,Time,1.250 ms (800.000 Hz),
107223,5.361 s,Timing,Times,Time,3.700 ms (270.270 Hz),
107297,5.365 s,Timing,Times,Time,1.300 ms (769.231 Hz),
107323,5.366 s,Timing,Times,Time,1.200 ms (833.333 Hz),
107347,5.367 s,Timing,Times,Time,1.250 ms (800.000 Hz),
107372,5.369 s,Timing,Times,Time,71.300 ms (14.025 Hz),
108798,5.440 s,Timing,Times,Time,2.650 ms (377.358 Hz),
108851,5.443 s,Timing,Times,Time,2.600 ms (384.615 Hz),
108903,5.445 s,Timing,Times,Time,1.300 ms (769.231 Hz),
108929,5.446 s,Timing,Times,Time,2.950 ms (338.983 Hz),
108988,5.449 s,Timing,Times,Time,1.250 ms (800.000 Hz),
109013,5.451 s,Timing,Times,Time,1.150 ms (869.565 Hz),
109036,5.452 s,Timing,Times,Time,1.300 ms (769.231 Hz),
109062,5.453 s,Timing,Times,Time,1.150 ms (869.565 Hz),
109085,5.454 s,Timing,Times,Time,1.250 ms (800.000 Hz),
109110,5.455 s,Timing,Times,Time,3.000 ms (333.333 Hz),
109170,5.458 s,Timing,Times,Time,1.250 ms (800.000 Hz),
109195,5.460 s,Timing,Times,Time,2.950 ms (338.983 Hz),
109254,5.463 s,Timing,Times,Time,1.250 ms (800.000 Hz),
109279,5.464 s,Timing,Times,Time,1.150 ms (869.565 Hz),
109302,5.465 s,Timing,Times,Time,1.300 ms (769.231 Hz),
109328,5.466 s,Timing,Times,Time,1.200 ms (833.333 Hz),
109352,5.468 s,Timing,Times,Time,1.250 ms (800.000 Hz),
109377,5.469 s,Timing,Times,Time,1.150 ms (869.565 Hz),
109400,5.470 s,Timing,Times,Time,1.250 ms (800.000 Hz),
109425,5.471 s,Timing,Times,Time,1.200 ms (833.333 Hz),
109449,5.472 s,Timing,Times,Time,1.250 ms (800.000 Hz),
109474,5.474 s,Timing,Times,Time,1.200 ms (833.333 Hz),
109498,5.475 s,Timing,Times,Time,1.250 ms (800.000 Hz),
109523,5.476 s,Timing,Times,Time,1.200 ms (833.333 Hz),
109547,5.477 s,Timing,Times,Time,1.200 ms (833.333 Hz),
109571,5.479 s,Timing,Times,Time,3.000 ms (333.333 Hz),
109631,5.482 s,Timing,Times,Time,1.200 ms (833.333 Hz),
109655,5.483 s,Timing,Times,Time,3.000 ms (333.333 Hz),
109715,5.486 s,Timing,Times,Time,1.250 ms (800.000 Hz),
109740,5.487 s,Timing,Times,Time,1.200 ms (833.333 Hz),
109764,5.488 s,Timing,Times,Time,1.250 ms (800.000 Hz),
109789,5.489 s,Timing,Times,Time,3.000 ms (333.333 Hz),
109849,5.492 s,Timing,Times,Time,1.250 ms (800.000 Hz),
109874,5.494 s,Timing,Times,Time,1.200 ms (833.333 Hz),
109898,5.495 s,Timing,Times,Time,1.250 ms (800.000 Hz),
109923,5.496 s,Timing,Times,Time,16.000 ms (62.500 Hz),
110243,5.512 s,Timing,Times,Time,2.600 ms (384.615 Hz),
110295,5.515 s,Timing,Times,Time,2.650 ms (377.358 Hz),
110348,5.517 s,Timing,Times,Time,1.250 ms (800.000 Hz),
110373,5.519 s,Timing,Times,Time,3.000 ms (333.333 Hz),
110433,5.522 s,Timing,Times,Time,1.200 ms (833.333 Hz),
110457,5.523 s,Timing,Times,Time,1.200 ms (833.333 Hz),
110481,5.524 s,Timing,Times,Time,1.250 ms (800.000 Hz),
110506,5.525 s,Timing,Times,Time,1.200 ms (833.333 Hz),
110530,5.527 s,Timing,Times,Time,1.250 ms (800.000 Hz),
110555,5.528 s,Timing,Times,Time,3.000 ms (333.333 Hz),
110615,5.531 s,Timing,Times,Time,1.250 ms (800.000 Hz),
110640,5.532 s,Timing,Times,Time,2.950 ms (338.983 Hz),
110699,5.535 s,Timing,Times,Time,1.250 ms (800.000 Hz),
110724,5.536 s,Timing,Times,Time,1.200 ms (833.333 Hz),
110748,5.537 s,Timing,Times,Time,1.200 ms (833.333 Hz),
110772,5.539 s,Timing,Times,Time,1.200 ms (833.333 Hz),
110796,5.540 s,Timing,Times,Time,1.250 ms (800.000 Hz),
110821,5.541 s,Timing,Times,Time,1.200 ms (833.333 Hz),
110845,5.542 s,Timing,Times,Time,1.200 ms (833.333 Hz),
110869,5.543 s,Timing,Times,Time,1.250 ms (800.000 Hz),
110894,5.545 s,Timing,Times,Time,1.200 ms (833.333 Hz),
110918,5.546 s,Timing,Times,Time,1.200 ms (833.333 Hz),
110942,5.547 s,Timing,Times,Time,1.250 ms (800.000 Hz),
110967,5.548 s,Timing,Times,Time,1.200 ms (833.333 Hz),
110991,5.550 s,Timing,Times,Time,1.250 ms (800.000 Hz),
111016,5.551 s,Timing,Times,Time,2.950 ms (338.983 Hz),
111075,5.554 s,Timing,Times,Time,1.250 ms (800.000 Hz),
111100,5.555 s,Timing,Times,Time,3.000 ms (333.333 Hz),
111160,5.558 s,Timing,Times,Time,1.250 ms (800.000 Hz),
111185,5.559 s,Timing,Times,Time,1.200 ms (833.333 Hz),
111209,5.560 s,Timing,Times,Time,1.250 ms (800.000 Hz),
111234,5.562 s,Timing,Times,Time,3.000 ms (333.333 Hz),
111294,5.565 s,Timing,Times,Time,1.200 ms (833.333 Hz),
111318,5.566 s,Timing,Times,Time,1.200 ms (833.333 Hz),
111342,5.567 s,Timing,Times,Time,1.250 ms (800.000 Hz),
111367,5.568 s,Timing,Times,Time,63.550 ms (15.736 Hz),
112638,5.632 s,Timing,Times,Time,2.650 ms (377.358 Hz),
112691,5.635 s,Timing,Times,Time,2.650 ms (377.358 Hz),
112744,5.637 s,Timing,Times,Time,1.250 ms (800.000 Hz),
112769,5.638 s,Timing,Times,Time,3.000 ms (333.333 Hz),
112829,5.641 s,Timing,Times,Time,1.200 ms (833.333 Hz),
112853,5.643 s,Timing,Times,Time,1.200 ms (833.333 Hz),
112877,5.644 s,Timing,Times,Time,1.250 ms (800.000 Hz),
112902,5.645 s,Timing,Times,Time,1.200 ms (833.333 Hz),
112926,5.646 s,Timing,Times,Time,1.250 ms (800.000 Hz),
112951,5.648 s,Timing,Times,Time,2.950 ms (338.983 Hz),
113010,5.651 s,Timing,Times,Time,1.250 ms (800.000 Hz),
113035,5.652 s,Timing,Times,Time,2.950 ms (338.983 Hz),
113094,5.655 s,Timing,Times,Time,1.250 ms (800.000 Hz),
113119,5.656 s,Timing,Times,Time,1.200 ms (833.333 Hz),
113143,5.657 s,Timing,Times,Time,1.250 ms (800.000 Hz),
113168,5.658 s,Timing,Times,Time,1.200 ms (833.333 Hz),
113192,5.660 s,Timing,Times,Time,1.250 ms (800.000 Hz),
113217,5.661 s,Timing,Times,Time,1.200 ms (833.333 Hz),
113241,5.662 s,Timing,Times,Time,1.200 ms (833.333 Hz),
113265,5.663 s,Timing,Times,Time,1.250 ms (800.000 Hz),
113290,5.665 s,Timing,Times,Time,1.200 ms (833.333 Hz),
113314,5.666 s,Timing,Times,Time,1.200 ms (833.333 Hz),
113338,5.667 s,Timing,Times,Time,1.250 ms (800.000 Hz),
113363,5.668 s,Timing,Times,Time,1.200 ms (833.333 Hz),
113387,5.669 s,Timing,Times,Time,1.250 ms (800.000 Hz),
113412,5.671 s,Timing,Times,Time,2.950 ms (338.983 Hz),
113471,5.674 s,Timing,Times,Time,1.200 ms (833.333 Hz),
113495,5.675 s,Timing,Times,Time,3.000 ms (333.333 Hz),
113555,5.678 s,Timing,Times,Time,1.250 ms (800.000 Hz),
113580,5.679 s,Timing,Times,Time,1.200 ms (833.333 Hz),
113604,5.680 s,Timing,Times,Time,1.250 ms (800.000 Hz),
113629,5.681 s,Timing,Times,Time,3.000 ms (333.333 Hz),
113689,5.684 s,Timing,Times,Time,1.200 ms (833.333 Hz),
113713,5.686 s,Timing,Times,Time,1.200 ms (833.333 Hz),
113737,5.687 s,Timing,Times,Time,1.250 ms (800.000 Hz),
113762,5.688 s,Timing,Times,Time,71.300 ms (14.025 Hz),
115188,5.759 s,Timing,Times,Time,2.600 ms (384.615 Hz),
115240,5.762 s,Timing,Times,Time,2.650 ms (377.358 Hz),
115293,5.765 s,Timing,Times,Time,1.250 ms (800.000 Hz),
115318,5.766 s,Timing,Times,Time,3.000 ms (333.333 Hz),
115378,5.769 s,Timing,Times,Time,1.250 ms (800.000 Hz),
115403,5.770 s,Timing,Times,Time,1.200 ms (833.333 Hz),
115427,5.771 s,Timing,Times,Time,1.200 ms (833.333 Hz),
115451,5.773 s,Timing,Times,Time,1.200 ms (833.333 Hz),
115475,5.774 s,Timing,Times,Time,1.250 ms (800.000 Hz),
115500,5.775 s,Timing,Times,Time,2.950 ms (338.983 Hz),
115559,5.778 s,Timing,Times,Time,1.250 ms (800.000 Hz),
115584,5.779 s,Timing,Times,Time,2.950 ms (338.983 Hz),
115643,5.782 s,Timing,Times,Time,1.250 ms (800.000 Hz),
115668,5.783 s,Timing,Times,Time,1.200 ms (833.333 Hz),
115692,5.785 s,Timing,Times,Time,1.250 ms (800.000 Hz),
115717,5.786 s,Timing,Times,Time,1.200 ms (833.333 Hz),
115741,5.787 s,Timing,Times,Time,1.250 ms (800.000 Hz),
115766,5.788 s,Timing,Times,Time,1.200 ms (833.333 Hz),
115790,5.790 s,Timing,Times,Time,1.250 ms (800.000 Hz),
115815,5.791 s,Timing,Times,Time,1.200 ms (833.333 Hz),
115839,5.792 s,Timing,Times,Time,1.250 ms (800.000 Hz),
115864,5.793 s,Timing,Times,Time,1.200 ms (833.333 Hz),
115888,5.794 s,Timing,Times,Time,1.200 ms (833.333 Hz),
115912,5.796 s,Timing,Times,Time,1.200 ms (833.333 Hz),
115936,5.797 s,Timing,Times,Time,1.250 ms (800.000 Hz),
115961,5.798 s,Timing,Times,Time,2.950 ms (338.983 Hz),
116020,5.801 s,Timing,Times,Time,1.250 ms (800.000 Hz),
116045,5.802 s,Timing,Times,Time,2.950 ms (338.983 Hz),
116104,5.805 s,Timing,Times,Time,1.250 ms (800.000 Hz),
116129,5.806 s,Timing,Times,Time,1.200 ms (833.333 Hz),
116153,5.808 s,Timing,Times,Time,1.250 ms (800.000 Hz),
116178,5.809 s,Timing,Times,Time,3.000 ms (333.333 Hz),
116238,5.812 s,Timing,Times,Time,1.250 ms (800.000 Hz),
116263,5.813 s,Timing,Times,Time,1.250 ms (800.000 Hz),
116288,5.814 s,Timing,Times,Time,1.250 ms (800.000 Hz),
116313,5.816 s,Timing,Times,Time,15.950 ms (62.696 Hz),
116632,5.832 s,Timing,Times,Time,2.650 ms (377.358 Hz),
116685,5.834 s,Timing,Times,Time,2.700 ms (370.370 Hz),
116739,5.837 s,Timing,Times,Time,1.200 ms (833.333 Hz),
116763,5.838 s,Timing,Times,Time,3.000 ms (333.333 Hz),
116823,5.841 s,Timing,Times,Time,1.250 ms (800.000 Hz),
116848,5.842 s,Timing,Times,Time,1.200 ms (833.333 Hz),
116872,5.844 s,Timing,Times,Time,1.250 ms (800.000 Hz),
116897,5.845 s,Timing,Times,Time,1.200 ms (833.333 Hz),
116921,5.846 s,Timing,Times,Time,1.200 ms (833.333 Hz),
116945,5.847 s,Timing,Times,Time,3.000 ms (333.333 Hz),
117005,5.850 s,Timing,Times,Time,1.250 ms (800.000 Hz),
117030,5.851 s,Timing,Times,Time,2.950 ms (338.983 Hz),
117089,5.854 s,Timing,Times,Time,1.250 ms (800.000 Hz),
117114,5.856 s,Timing,Times,Time,1.200 ms (833.333 Hz),
117138,5.857 s,Timing,Times,Time,1.200 ms (833.333 Hz),
117162,5.858 s,Timing,Times,Time,1.200 ms (833.333 Hz),
117186,5.859 s,Timing,Times,Time,1.250 ms (800.000 Hz),
117211,5.861 s,Timing,Times,Time,1.200 ms (833.333 Hz),
117235,5.862 s,Timing,Times,Time,1.250 ms (800.000 Hz),
117260,5.863 s,Timing,Times,Time,1.200 ms (833.333 Hz),
117284,5.864 s,Timing,Times,Time,1.250 ms (800.000 Hz),
117309,5.865 s,Timing,Times,Time,1.200 ms (833.333 Hz),
117333,5.867 s,Timing,Times,Time,1.250 ms (800.000 Hz),
117358,5.868 s,Timing,Times,Time,1.200 ms (833.333 Hz),
117382,5.869 s,Timing,Times,Time,1.200 ms (833.333 Hz),
117406,5.870 s,Timing,Times,Time,3.000 ms (333.333 Hz),
117466,5.873 s,Timing,Times,Time,1.250 ms (800.000 Hz),
117491,5.875 s,Timing,Times,Time,3.000 ms (333.333 Hz),
117551,5.878 s,Timing,Times,Time,1.200 ms (833.333 Hz),
117575,5.879 s,Timing,Times,Time,1.200 ms (833.333 Hz),
117599,5.880 s,Timing,Times,Time,1.250 ms (800.000 Hz),
117624,5.881 s,Timing,Times,Time,3.000 ms (333.333 Hz),
117684,5.884 s,Timing,Times,Time,1.250 ms (800.000 Hz),
117709,5.885 s,Timing,Times,Time,1.200 ms (833.333 Hz),
117733,5.887 s,Timing,Times,Time,1.200 ms (833.333 Hz),
117757,5.888 s,Timing,Times,Time,960.400 ms (1.041 Hz),
136965,6.848 s,Timing,Times,Time,2.650 ms (377.358 Hz),
137018,6.851 s,Timing,Times,Time,2.600 ms (384.615 Hz),
137070,6.854 s,Timing,Times,Time,1.300 ms (769.231 Hz),
137096,6.855 s,Timing,Times,Time,2.950 ms (338.983 Hz),
137155,6.858 s,Timing,Times,Time,1.250 ms (800.000 Hz),
137180,6.859 s,Timing,Times,Time,1.200 ms (833.333 Hz),
137204,6.860 s,Timing,Times,Time,1.300 ms (769.231 Hz),
137230,6.862 s,Timing,Times,Time,1.150 ms (869.565 Hz),
137253,6.863 s,Timing,Times,Time,1.250 ms (800.000 Hz),
137278,6.864 s,Timing,Times,Time,2.950 ms (338.983 Hz),
137337,6.867 s,Timing,Times,Time,1.250 ms (800.000 Hz),
137362,6.868 s,Timing,Times,Time,2.950 ms (338.983 Hz),
137421,6.871 s,Timing,Times,Time,1.250 ms (800.000 Hz),
137446,6.872 s,Timing,Times,Time,1.150 ms (869.565 Hz),
137469,6.873 s,Timing,Times,Time,1.300 ms (769.231 Hz),
137495,6.875 s,Timing,Times,Time,1.150 ms (869.565 Hz),
137518,6.876 s,Timing,Times,Time,1.350 ms (740.741 Hz),
137545,6.877 s,Timing,Times,Time,1.100 ms (909.091 Hz),
137567,6.878 s,Timing,Times,Time,1.300 ms (769.231 Hz),
137593,6.880 s,Timing,Times,Time,1.150 ms (869.565 Hz),
137616,6.881 s,Timing,Times,Time,1.300 ms (769.231 Hz),
137642,6.882 s,Timing,Times,Time,1.150 ms (869.565 Hz),
137665,6.883 s,Timing,Times,Time,1.300 ms (769.231 Hz),
137691,6.885 s,Timing,Times,Time,2.900 ms (344.828 Hz),
137749,6.887 s,Timing,Times,Time,1.300 ms (769.231 Hz),
137775,6.889 s,Timing,Times,Time,1.150 ms (869.565 Hz),
137798,6.890 s,Timing,Times,Time,1.300 ms (769.231 Hz),
137824,6.891 s,Timing,Times,Time,1.100 ms (909.091 Hz),
137846,6.892 s,Timing,Times,Time,1.300 ms (769.231 Hz),
137872,6.894 s,Timing,Times,Time,2.900 ms (344.828 Hz),
137930,6.896 s,Timing,Times,Time,1.350 ms (740.741 Hz),
137957,6.898 s,Timing,Times,Time,1.100 ms (909.091 Hz),
137979,6.899 s,Timing,Times,Time,1.350 ms (740.741 Hz),
138006,6.900 s,Timing,Times,Time,2.900 ms (344.828 Hz),
138064,6.903 s,Timing,Times,Time,1.300 ms (769.231 Hz),
138090,6.904 s,Timing,Times,Time,71.150 ms (14.055 Hz),
139513,6.976 s,Timing,Times,Time,2.750 ms (363.636 Hz),
139568,6.978 s,Timing,Times,Time,2.600 ms (384.615 Hz),
139620,6.981 s,Timing,Times,Time,1.300 ms (769.231 Hz),
139646,6.982 s,Timing,Times,Time,2.900 ms (344.828 Hz),
139704,6.985 s,Timing,Times,Time,1.300 ms (769.231 Hz),
139730,6.987 s,Timing,Times,Time,1.150 ms (869.565 Hz),
139753,6.988 s,Timing,Times,Time,1.300 ms (769.231 Hz),
139779,6.989 s,Timing,Times,Time,1.150 ms (869.565 Hz),
139802,6.990 s,Timing,Times,Time,1.300 ms (769.231 Hz),
139828,6.991 s,Timing,Times,Time,2.900 ms (344.828 Hz),
139886,6.994 s,Timing,Times,Time,1.300 ms (769.231 Hz),
139912,6.996 s,Timing,Times,Time,2.900 ms (344.828 Hz),
139970,6.998 s,Timing,Times,Time,1.300 ms (769.231 Hz),
139996,7.000 s,Timing,Times,Time,1.150 ms (869.565 Hz),
140019,7.001 s,Timing,Times,Time,1.300 ms (769.231 Hz),
140045,7.002 s,Timing,Times,Time,1.100 ms (909.091 Hz),
140067,7.003 s,Timing,Times,Time,1.300 ms (769.231 Hz),
140093,7.005 s,Timing,Times,Time,1.150 ms (869.565 Hz),
140116,7.006 s,Timing,Times,Time,1.300 ms (769.231 Hz),
140142,7.007 s,Timing,Times,Time,1.150 ms (869.565 Hz),
140165,7.008 s,Timing,Times,Time,1.300 ms (769.231 Hz),
140191,7.010 s,Timing,Times,Time,1.100 ms (909.091 Hz),
140213,7.011 s,Timing,Times,Time,1.350 ms (740.741 Hz),
140240,7.012 s,Timing,Times,Time,2.900 ms (344.828 Hz),
140298,7.015 s,Timing,Times,Time,1.300 ms (769.231 Hz),
140324,7.016 s,Timing,Times,Time,1.100 ms (909.091 Hz),
140346,7.017 s,Timing,Times,Time,1.350 ms (740.741 Hz),
140373,7.019 s,Timing,Times,Time,1.100 ms (909.091 Hz),
140395,7.020 s,Timing,Times,Time,1.350 ms (740.741 Hz),
140422,7.021 s,Timing,Times,Time,2.850 ms (350.877 Hz),
140479,7.024 s,Timing,Times,Time,1.350 ms (740.741 Hz),
140506,7.025 s,Timing,Times,Time,1.100 ms (909.091 Hz),
140528,7.026 s,Timing,Times,Time,1.350 ms (740.741 Hz),
140555,7.028 s,Timing,Times,Time,2.900 ms (344.828 Hz),
140613,7.031 s,Timing,Times,Time,1.350 ms (740.741 Hz),
140640,7.032 s,Timing,Times,Time,71.650 ms (13.957 Hz),
142073,7.104 s,Timing,Times,Time,2.750 ms (363.636 Hz),
142128,7.106 s,Timing,Times,Time,2.600 ms (384.615 Hz),
142180,7.109 s,Timing,Times,Time,1.300 ms (769.231 Hz),
142206,7.110 s,Timing,Times,Time,2.900 ms (344.828 Hz),
142264,7.113 s,Timing,Times,Time,1.300 ms (769.231 Hz),
142290,7.114 s,Timing,Times,Time,1.100 ms (909.091 Hz),
142312,7.116 s,Timing,Times,Time,1.350 ms (740.741 Hz),
142339,7.117 s,Timing,Times,Time,1.100 ms (909.091 Hz),
142361,7.118 s,Timing,Times,Time,1.350 ms (740.741 Hz),
142388,7.119 s,Timing,Times,Time,2.900 ms (344.828 Hz),
142446,7.122 s,Timing,Times,Time,1.300 ms (769.231 Hz),
142472,7.124 s,Timing,Times,Time,2.900 ms (344.828 Hz),
142530,7.127 s,Timing,Times,Time,1.300 ms (769.231 Hz),
142556,7.128 s,Timing,Times,Time,1.150 ms (869.565 Hz),
142579,7.129 s,Timing,Times,Time,1.300 ms (769.231 Hz),
142605,7.130 s,Timing,Times,Time,1.150 ms (869.565 Hz),
142628,7.131 s,Timing,Times,Time,1.300 ms (769.231 Hz),
142654,7.133 s,Timing,Times,Time,1.100 ms (909.091 Hz),
142676,7.134 s,Timing,Times,Time,1.300 ms (769.231 Hz),
142702,7.135 s,Timing,Times,Time,1.150 ms (869.565 Hz),
142725,7.136 s,Timing,Times,Time,1.300 ms (769.231 Hz),
142751,7.138 s,Timing,Times,Time,1.150 ms (869.565 Hz),
142774,7.139 s,Timing,Times,Time,1.300 ms (769.231 Hz),
142800,7.140 s,Timing,Times,Time,2.900 ms (344.828 Hz),
142858,7.143 s,Timing,Times,Time,1.350 ms (740.741 Hz),
142885,7.144 s,Timing,Times,Time,1.100 ms (909.091 Hz),
142907,7.145 s,Timing,Times,Time,1.300 ms (769.231 Hz),
142933,7.147 s,Timing,Times,Time,1.100 ms (909.091 Hz),
142955,7.148 s,Timing,Times,Time,1.350 ms (740.741 Hz),
142982,7.149 s,Timing,Times,Time,2.900 ms (344.828 Hz),
143040,7.152 s,Timing,Times,Time,1.300 ms (769.231 Hz),
143066,7.153 s,Timing,Times,Time,1.150 ms (869.565 Hz),
143089,7.154 s,Timing,Times,Time,1.450 ms (689.655 Hz),
143118,7.156 s,Timing,Times,Time,2.950 ms (338.983 Hz),
143177,7.159 s,Timing,Times,Time,1.300 ms (769.231 Hz),
143203,7.160 s,Timing,Times,Time,15.900 ms (62.893 Hz),
143521,7.176 s,Timing,Times,Time,2.700 ms (370.370 Hz),
143575,7.179 s,Timing,Times,Time,2.550 ms (392.157 Hz),
143626,7.181 s,Timing,Times,Time,1.300 ms (769.231 Hz),
143652,7.183 s,Timing,Times,Time,2.900 ms (344.828 Hz),
143710,7.186 s,Timing,Times,Time,1.350 ms (740.741 Hz),
143737,7.187 s,Timing,Times,Time,1.100 ms (909.091 Hz),
143759,7.188 s,Timing,Times,Time,1.300 ms (769.231 Hz),
143785,7.189 s,Timing,Times,Time,1.150 ms (869.565 Hz),
143808,7.190 s,Timing,Times,Time,1.300 ms (769.231 Hz),
143834,7.192 s,Timing,Times,Time,2.900 ms (344.828 Hz),
143892,7.195 s,Timing,Times,Time,1.350 ms (740.741 Hz),
143919,7.196 s,Timing,Times,Time,2.850 ms (350.877 Hz),
143976,7.199 s,Timing,Times,Time,1.350 ms (740.741 Hz),
144003,7.200 s,Timing,Times,Time,1.100 ms (909.091 Hz),
144025,7.201 s,Timing,Times,Time,1.350 ms (740.741 Hz),
144052,7.203 s,Timing,Times,Time,1.100 ms (909.091 Hz),
144074,7.204 s,Timing,Times,Time,1.350 ms (740.741 Hz),
144101,7.205 s,Timing,Times,Time,1.100 ms (909.091 Hz),
144123,7.206 s,Timing,Times,Time,1.300 ms (769.231 Hz),
144149,7.207 s,Timing,Times,Time,1.150 ms (869.565 Hz),
144172,7.209 s,Timing,Times,Time,1.350 ms (740.741 Hz),
144199,7.210 s,Timing,Times,Time,1.100 ms (909.091 Hz),
144221,7.211 s,Timing,Times,Time,1.300 ms (769.231 Hz),
144247,7.212 s,Timing,Times,Time,2.900 ms (344.828 Hz),
144305,7.215 s,Timing,Times,Time,1.300 ms (769.231 Hz),
144331,7.217 s,Timing,Times,Time,1.150 ms (869.565 Hz),
144354,7.218 s,Timing,Times,Time,1.300 ms (769.231 Hz),
144380,7.219 s,Timing,Times,Time,1.150 ms (869.565 Hz),
144403,7.220 s,Timing,Times,Time,1.300 ms (769.231 Hz),
144429,7.221 s,Timing,Times,Time,2.900 ms (344.828 Hz),
144487,7.224 s,Timing,Times,Time,1.300 ms (769.231 Hz),
144513,7.226 s,Timing,Times,Time,1.150 ms (869.565 Hz),
144536,7.227 s,Timing,Times,Time,1.300 ms (769.231 Hz),
144562,7.228 s,Timing,Times,Time,2.900 ms (344.828 Hz),
144620,7.231 s,Timing,Times,Time,1.300 ms (769.231 Hz),
144646,7.232 s,Timing,Times,Time,64.050 ms (15.613 Hz),
145927,7.296 s,Timing,Times,Time,2.650 ms (377.358 Hz),
145980,7.299 s,Timing,Times,Time,2.600 ms (384.615 Hz),
146032,7.302 s,Timing,Times,Time,1.350 ms (740.741 Hz),
146059,7.303 s,Timing,Times,Time,2.900 ms (344.828 Hz),
146117,7.306 s,Timing,Times,Time,1.300 ms (769.231 Hz),
146143,7.307 s,Timing,Times,Time,1.150 ms (869.565 Hz),
146166,7.308 s,Timing,Times,Time,1.300 ms (769.231 Hz),
146192,7.310 s,Timing,Times,Time,1.150 ms (869.565 Hz),
146215,7.311 s,Timing,Times,Time,1.300 ms (769.231 Hz),
146241,7.312 s,Timing,Times,Time,2.900 ms (344.828 Hz),
146299,7.315 s,Timing,Times,Time,1.250 ms (800.000 Hz),
146324,7.316 s,Timing,Times,Time,2.950 ms (338.983 Hz),
146383,7.319 s,Timing,Times,Time,1.300 ms (769.231 Hz),
146409,7.320 s,Timing,Times,Time,1.100 ms (909.091 Hz),
146431,7.322 s,Timing,Times,Time,1.350 ms (740.741 Hz),
146458,7.323 s,Timing,Times,Time,1.100 ms (909.091 Hz),
146480,7.324 s,Timing,Times,Time,1.300 ms (769.231 Hz),
146506,7.325 s,Timing,Times,Time,1.150 ms (869.565 Hz),
146529,7.326 s,Timing,Times,Time,1.300 ms (769.231 Hz),
146555,7.328 s,Timing,Times,Time,1.150 ms (869.565 Hz),
146578,7.329 s,Timing,Times,Time,1.300 ms (769.231 Hz),
146604,7.330 s,Timing,Times,Time,1.150 ms (869.565 Hz),
146627,7.331 s,Timing,Times,Time,1.250 ms (800.000 Hz),
146652,7.333 s,Timing,Times,Time,2.950 ms (338.983 Hz),
146711,7.336 s,Timing,Times,Time,1.300 ms (769.231 Hz),
146737,7.337 s,Timing,Times,Time,1.150 ms (869.565 Hz),
146760,7.338 s,Timing,Times,Time,1.300 ms (769.231 Hz),
146786,7.339 s,Timing,Times,Time,1.150 ms (869.565 Hz),
146809,7.340 s,Timing,Times,Time,1.250 ms (800.000 Hz),
146834,7.342 s,Timing,Times,Time,2.950 ms (338.983 Hz),
146893,7.345 s,Timing,Times,Time,1.300 ms (769.231 Hz),
146919,7.346 s,Timing,Times,Time,1.150 ms (869.565 Hz),
146942,7.347 s,Timing,Times,Time,1.300 ms (769.231 Hz),
146968,7.348 s,Timing,Times,Time,2.900 ms (344.828 Hz),
147026,7.351 s,Timing,Times,Time,1.300 ms (769.231 Hz),
147052,7.353 s,Timing,Times,Time,71.600 ms (13.966 Hz),
148484,7.424 s,Timing,Times,Time,2.700 ms (370.370 Hz),
148538,7.427 s,Timing,Times,Time,2.600 ms (384.615 Hz),
148590,7.429 s,Timing,Times,Time,1.300 ms (769.231 Hz),
148616,7.431 s,Timing,Times,Time,2.950 ms (338.983 Hz),
148675,7.434 s,Timing,Times,Time,1.250 ms (800.000 Hz),
148700,7.435 s,Timing,Times,Time,1.200 ms (833.333 Hz),
148724,7.436 s,Timing,Times,Time,1.250 ms (800.000 Hz),
148749,7.437 s,Timing,Times,Time,1.150 ms (869.565 Hz),
148772,7.439 s,Timing,Times,Time,1.300 ms (769.231 Hz),
148798,7.440 s,Timing,Times,Time,2.900 ms (344.828 Hz),
148856,7.443 s,Timing,Times,Time,1.300 ms (769.231 Hz),
148882,7.444 s,Timing,Times,Time,2.900 ms (344.828 Hz),
148940,7.447 s,Timing,Times,Time,1.350 ms (740.741 Hz),
148967,7.448 s,Timing,Times,Time,1.100 ms (909.091 Hz),
148989,7.449 s,Timing,Times,Time,1.350 ms (740.741 Hz),
149016,7.451 s,Timing,Times,Time,1.100 ms (909.091 Hz),
149038,7.452 s,Timing,Times,Time,1.300 ms (769.231 Hz),
149064,7.453 s,Timing,Times,Time,1.150 ms (869.565 Hz),
149087,7.454 s,Timing,Times,Time,1.300 ms (769.231 Hz),
149113,7.456 s,Timing,Times,Time,1.150 ms (869.565 Hz),
149136,7.457 s,Timing,Times,Time,1.250 ms (800.000 Hz),
149161,7.458 s,Timing,Times,Time,1.150 ms (869.565 Hz),
149184,7.459 s,Timing,Times,Time,1.300 ms (769.231 Hz),
149210,7.460 s,Timing,Times,Time,2.950 ms (338.983 Hz),
149269,7.463 s,Timing,Times,Time,1.250 ms (800.000 Hz),
149294,7.465 s,Timing,Times,Time,1.150 ms (869.565 Hz),
149317,7.466 s,Timing,Times,Time,1.300 ms (769.231 Hz),
149343,7.467 s,Timing,Times,Time,1.150 ms (869.565 Hz),
149366,7.468 s,Timing,Times,Time,1.300 ms (769.231 Hz),
149392,7.470 s,Timing,Times,Time,2.900 ms (344.828 Hz),
149450,7.473 s,Timing,Times,Time,1.350 ms (740.741 Hz),
149477,7.474 s,Timing,Times,Time,1.100 ms (909.091 Hz),
149499,7.475 s,Timing,Times,Time,1.400 ms (714.286 Hz),
149527,7.476 s,Timing,Times,Time,2.900 ms (344.828 Hz),
149585,7.479 s,Timing,Times,Time,1.300 ms (769.231 Hz),
149611,7.481 s,Timing,Times,Time,15.900 ms (62.893 Hz),
149929,7.496 s,Timing,Times,Time,2.700 ms (370.370 Hz),
149983,7.499 s,Timing,Times,Time,2.600 ms (384.615 Hz),
150035,7.502 s,Timing,Times,Time,1.300 ms (769.231 Hz),
150061,7.503 s,Timing,Times,Time,2.900 ms (344.828 Hz),
150119,7.506 s,Timing,Times,Time,1.300 ms (769.231 Hz),
150145,7.507 s,Timing,Times,Time,1.150 ms (869.565 Hz),
150168,7.508 s,Timing,Times,Time,1.300 ms (769.231 Hz),
150194,7.510 s,Timing,Times,Time,1.150 ms (869.565 Hz),
150217,7.511 s,Timing,Times,Time,1.300 ms (769.231 Hz),
150243,7.512 s,Timing,Times,Time,2.900 ms (344.828 Hz),
150301,7.515 s,Timing,Times,Time,1.300 ms (769.231 Hz),
150327,7.516 s,Timing,Times,Time,2.950 ms (338.983 Hz),
150386,7.519 s,Timing,Times,Time,1.300 ms (769.231 Hz),
150412,7.521 s,Timing,Times,Time,1.100 ms (909.091 Hz),
150434,7.522 s,Timing,Times,Time,1.300 ms (769.231 Hz),
150460,7.523 s,Timing,Times,Time,1.150 ms (869.565 Hz),
150483,7.524 s,Timing,Times,Time,1.300 ms (769.231 Hz),
150509,7.525 s,Timing,Times,Time,1.150 ms (869.565 Hz),
150532,7.527 s,Timing,Times,Time,1.250 ms (800.000 Hz),
150557,7.528 s,Timing,Times,Time,1.200 ms (833.333 Hz),
150581,7.529 s,Timing,Times,Time,1.250 ms (800.000 Hz),
150606,7.530 s,Timing,Times,Time,1.150 ms (869.565 Hz),
150629,7.531 s,Timing,Times,Time,1.300 ms (769.231 Hz),
150655,7.533 s,Timing,Times,Time,2.900 ms (344.828 Hz),
150713,7.536 s,Timing,Times,Time,1.300 ms (769.231 Hz),
150739,7.537 s,Timing,Times,Time,1.150 ms (869.565 Hz),
150762,7.538 s,Timing,Times,Time,1.350 ms (740.741 Hz),
150789,7.539 s,Timing,Times,Time,1.150 ms (869.565 Hz),
150812,7.541 s,Timing,Times,Time,1.300 ms (769.231 Hz),
150838,7.542 s,Timing,Times,Time,2.950 ms (338.983 Hz),
150897,7.545 s,Timing,Times,Time,1.300 ms (769.231 Hz),
150923,7.546 s,Timing,Times,Time,1.100 ms (909.091 Hz),
150945,7.547 s,Timing,Times,Time,1.300 ms (769.231 Hz),
150971,7.549 s,Timing,Times,Time,2.900 ms (344.828 Hz),
151029,7.551 s,Timing,Times,Time,1.300 ms (769.231 Hz),
151055,7.553 s,Timing,Times,Time,64.300 ms (15.552 Hz),
152341,7.617 s,Timing,Times,Time,2.650 ms (377.358 Hz),
152394,7.620 s,Timing,Times,Time,2.600 ms (384.615 Hz),
152446,7.622 s,Timing,Times,Time,1.300 ms (769.231 Hz),
152472,7.624 s,Timing,Times,Time,2.950 ms (338.983 Hz),
152531,7.627 s,Timing,Times,Time,1.250 ms (800.000 Hz),
152556,7.628 s,Timing,Times,Time,1.200 ms (833.333 Hz),
152580,7.629 s,Timing,Times,Time,1.250 ms (800.000 Hz),
152605,7.630 s,Timing,Times,Time,1.150 ms (869.565 Hz),
152628,7.631 s,Timing,Times,Time,1.300 ms (769.231 Hz),
152654,7.633 s,Timing,Times,Time,2.950 ms (338.983 Hz),
152713,7.636 s,Timing,Times,Time,1.250 ms (800.000 Hz),
152738,7.637 s,Timing,Times,Time,2.950 ms (338.983 Hz),
152797,7.640 s,Timing,Times,Time,1.250 ms (800.000 Hz),
152822,7.641 s,Timing,Times,Time,1.200 ms (833.333 Hz),
152846,7.642 s,Timing,Times,Time,1.250 ms (800.000 Hz),
152871,7.644 s,Timing,Times,Time,1.150 ms (869.565 Hz),
152894,7.645 s,Timing,Times,Time,1.300 ms (769.231 Hz),
152920,7.646 s,Timing,Times,Time,1.150 ms (869.565 Hz),
152943,7.647 s,Timing,Times,Time,1.300 ms (769.231 Hz),
152969,7.648 s,Timing,Times,Time,1.150 ms (869.565 Hz),
152992,7.650 s,Timing,Times,Time,1.250 ms (800.000 Hz),
153017,7.651 s,Timing,Times,Time,1.200 ms (833.333 Hz),
153041,7.652 s,Timing,Times,Time,1.250 ms (800.000 Hz),
153066,7.653 s,Timing,Times,Time,2.950 ms (338.983 Hz),
153125,7.656 s,Timing,Times,Time,1.250 ms (800.000 Hz),
153150,7.657 s,Timing,Times,Time,1.200 ms (833.333 Hz),
153174,7.659 s,Timing,Times,Time,1.250 ms (800.000 Hz),
153199,7.660 s,Timing,Times,Time,1.150 ms (869.565 Hz),
153222,7.661 s,Timing,Times,Time,1.250 ms (800.000 Hz),
153247,7.662 s,Timing,Times,Time,3.000 ms (333.333 Hz),
153307,7.665 s,Timing,Times,Time,1.250 ms (800.000 Hz),
153332,7.667 s,Timing,Times,Time,1.200 ms (833.333 Hz),
153356,7.668 s,Timing,Times,Time,1.250 ms (800.000 Hz),
153381,7.669 s,Timing,Times,Time,2.950 ms (338.983 Hz),
153440,7.672 s,Timing,Times,Time,1.250 ms (800.000 Hz),
153465,7.673 s,Timing,Times,Time,70.400 ms (14.205 Hz),
154873,7.744 s,Timing,Times,Time,2.700 ms (370.370 Hz),
154927,7.746 s,Timing,Times,Time,2.650 ms (377.358 Hz),
154980,7.749 s,Timing,Times,Time,1.250 ms (800.000 Hz),
155005,7.750 s,Timing,Times,Time,2.950 ms (338.983 Hz),
155064,7.753 s,Timing,Times,Time,1.250 ms (800.000 Hz),
155089,7.754 s,Timing,Times,Time,1.200 ms (833.333 Hz),
155113,7.756 s,Timing,Times,Time,1.250 ms (800.000 Hz),
155138,7.757 s,Timing,Times,Time,1.200 ms (833.333 Hz),
155162,7.758 s,Timing,Times,Time,1.250 ms (800.000 Hz),
155187,7.759 s,Timing,Times,Time,2.950 ms (338.983 Hz),
155246,7.762 s,Timing,Times,Time,1.250 ms (800.000 Hz),
155271,7.764 s,Timing,Times,Time,3.000 ms (333.333 Hz),
155331,7.767 s,Timing,Times,Time,1.250 ms (800.000 Hz),
155356,7.768 s,Timing,Times,Time,1.150 ms (869.565 Hz),
155379,7.769 s,Timing,Times,Time,1.250 ms (800.000 Hz),
155404,7.770 s,Timing,Times,Time,1.200 ms (833.333 Hz),
155428,7.771 s,Timing,Times,Time,1.250 ms (800.000 Hz),
155453,7.773 s,Timing,Times,Time,1.200 ms (833.333 Hz),
155477,7.774 s,Timing,Times,Time,1.200 ms (833.333 Hz),
155501,7.775 s,Timing,Times,Time,1.200 ms (833.333 Hz),
155525,7.776 s,Timing,Times,Time,1.250 ms (800.000 Hz),
155550,7.777 s,Timing,Times,Time,1.200 ms (833.333 Hz),
155574,7.779 s,Timing,Times,Time,1.250 ms (800.000 Hz),
155599,7.780 s,Timing,Times,Time,2.950 ms (338.983 Hz),
155658,7.783 s,Timing,Times,Time,1.250 ms (800.000 Hz),
155683,7.784 s,Timing,Times,Time,1.200 ms (833.333 Hz),
155707,7.785 s,Timing,Times,Time,1.250 ms (800.000 Hz),
155732,7.787 s,Timing,Times,Time,1.200 ms (833.333 Hz),
155756,7.788 s,Timing,Times,Time,1.200 ms (833.333 Hz),
155780,7.789 s,Timing,Times,Time,3.000 ms (333.333 Hz),
155840,7.792 s,Timing,Times,Time,1.200 ms (833.333 Hz),
155864,7.793 s,Timing,Times,Time,1.200 ms (833.333 Hz),
155888,7.794 s,Timing,Times,Time,1.450 ms (689.655 Hz),
155917,7.796 s,Timing,Times,Time,3.000 ms (333.333 Hz),
155977,7.799 s,Timing,Times,Time,1.250 ms (800.000 Hz),
156002,7.800 s,Timing,Times,Time,15.950 ms (62.696 Hz),
156321,7.816 s,Timing,Times,Time,2.600 ms (384.615 Hz),
156373,7.819 s,Timing,Times,Time,2.700 ms (370.370 Hz),
156427,7.821 s,Timing,Times,Time,1.250 ms (800.000 Hz),
156452,7.823 s,Timing,Times,Time,2.950 ms (338.983 Hz),
156511,7.826 s,Timing,Times,Time,1.250 ms (800.000 Hz),
156536,7.827 s,Timing,Times,Time,1.200 ms (833.333 Hz),
156560,7.828 s,Timing,Times,Time,1.250 ms (800.000 Hz),
156585,7.829 s,Timing,Times,Time,1.150 ms (869.565 Hz),
156608,7.830 s,Timing,Times,Time,1.250 ms (800.000 Hz),
156633,7.832 s,Timing,Times,Time,3.000 ms (333.333 Hz),
156693,7.835 s,Timing,Times,Time,1.200 ms (833.333 Hz),
156717,7.836 s,Timing,Times,Time,3.000 ms (333.333 Hz),
156777,7.839 s,Timing,Times,Time,1.250 ms (800.000 Hz),
156802,7.840 s,Timing,Times,Time,1.200 ms (833.333 Hz),
156826,7.841 s,Timing,Times,Time,1.250 ms (800.000 Hz),
156851,7.843 s,Timing,Times,Time,1.200 ms (833.333 Hz),
156875,7.844 s,Timing,Times,Time,1.200 ms (833.333 Hz),
156899,7.845 s,Timing,Times,Time,1.250 ms (800.000 Hz),
156924,7.846 s,Timing,Times,Time,1.200 ms (833.333 Hz),
156948,7.847 s,Timing,Times,Time,1.250 ms (800.000 Hz),
156973,7.849 s,Timing,Times,Time,1.200 ms (833.333 Hz),
156997,7.850 s,Timing,Times,Time,1.200 ms (833.333 Hz),
157021,7.851 s,Timing,Times,Time,1.250 ms (800.000 Hz),
157046,7.852 s,Timing,Times,Time,2.950 ms (338.983 Hz),
157105,7.855 s,Timing,Times,Time,1.250 ms (800.000 Hz),
157130,7.856 s,Timing,Times,Time,1.200 ms (833.333 Hz),
157154,7.858 s,Timing,Times,Time,1.200 ms (833.333 Hz),
157178,7.859 s,Timing,Times,Time,1.250 ms (800.000 Hz),
157203,7.860 s,Timing,Times,Time,1.250 ms (800.000 Hz),
157228,7.861 s,Timing,Times,Time,3.000 ms (333.333 Hz),
157288,7.864 s,Timing,Times,Time,1.200 ms (833.333 Hz),
157312,7.866 s,Timing,Times,Time,1.200 ms (833.333 Hz),
157336,7.867 s,Timing,Times,Time,1.250 ms (800.000 Hz),
157361,7.868 s,Timing,Times,Time,2.950 ms (338.983 Hz),
157420,7.871 s,Timing,Times,Time,1.250 ms (800.000 Hz),
157445,7.872 s,Timing,Times,Time,64.150 ms (15.588 Hz),
158728,7.936 s,Timing,Times,Time,2.600 ms (384.615 Hz),
158780,7.939 s,Timing,Times,Time,2.700 ms (370.370 Hz),
158834,7.942 s,Timing,Times,Time,1.250 ms (800.000 Hz),
158859,7.943 s,Timing,Times,Time,2.950 ms (338.983 Hz),
158918,7.946 s,Timing,Times,Time,1.250 ms (800.000 Hz),
158943,7.947 s,Timing,Times,Time,1.200 ms (833.333 Hz),
158967,7.948 s,Timing,Times,Time,1.250 ms (800.000 Hz),
158992,7.950 s,Timing,Times,Time,1.200 ms (833.333 Hz),
159016,7.951 s,Timing,Times,Time,1.200 ms (833.333 Hz),
159040,7.952 s,Timing,Times,Time,3.000 ms (333.333 Hz),
159100,7.955 s,Timing,Times,Time,1.200 ms (833.333 Hz),
159124,7.956 s,Timing,Times,Time,3.000 ms (333.333 Hz),
159184,7.959 s,Timing,Times,Time,1.250 ms (800.000 Hz),
159209,7.960 s,Timing,Times,Time,1.200 ms (833.333 Hz),
159233,7.962 s,Timing,Times,Time,1.250 ms (800.000 Hz),
159258,7.963 s,Timing,Times,Time,1.200 ms (833.333 Hz),
159282,7.964 s,Timing,Times,Time,1.250 ms (800.000 Hz),
159307,7.965 s,Timing,Times,Time,1.200 ms (833.333 Hz),
159331,7.967 s,Timing,Times,Time,1.200 ms (833.333 Hz),
159355,7.968 s,Timing,Times,Time,1.200 ms (833.333 Hz),
159379,7.969 s,Timing,Times,Time,1.250 ms (800.000 Hz),
159404,7.970 s,Timing,Times,Time,1.200 ms (833.333 Hz),
159428,7.971 s,Timing,Times,Time,1.250 ms (800.000 Hz),
159453,7.973 s,Timing,Times,Time,2.950 ms (338.983 Hz),
159512,7.976 s,Timing,Times,Time,1.250 ms (800.000 Hz),
159537,7.977 s,Timing,Times,Time,1.200 ms (833.333 Hz),
159561,7.978 s,Timing,Times,Time,1.250 ms (800.000 Hz),
159586,7.979 s,Timing,Times,Time,1.200 ms (833.333 Hz),
159610,7.981 s,Timing,Times,Time,1.200 ms (833.333 Hz),
159634,7.982 s,Timing,Times,Time,3.000 ms (333.333 Hz),
159694,7.985 s,Timing,Times,Time,1.250 ms (800.000 Hz),
159719,7.986 s,Timing,Times,Time,1.200 ms (833.333 Hz),
159743,7.987 s,Timing,Times,Time,1.250 ms (800.000 Hz),
159768,7.988 s,Timing,Times,Time,3.000 ms (333.333 Hz),
159828,7.991 s,Timing,Times,Time,1.200 ms (833.333 Hz),
159852,7.993 s,Timing,Times,Time,71.700 ms (13.947 Hz),
161286,8.064 s,Timing,Times,Time,2.600 ms (384.615 Hz),
161338,8.067 s,Timing,Times,Time,2.650 ms (377.358 Hz),
161391,8.070 s,Timing,Times,Time,1.250 ms (800.000 Hz),
161416,8.071 s,Timing,Times,Time,3.000 ms (333.333 Hz),
161476,8.074 s,Timing,Times,Time,1.200 ms (833.333 Hz),
161500,8.075 s,Timing,Times,Time,1.250 ms (800.000 Hz),
161525,8.076 s,Timing,Times,Time,1.200 ms (833.333 Hz),
161549,8.077 s,Timing,Times,Time,1.200 ms (833.333 Hz),
161573,8.079 s,Timing,Times,Time,1.250 ms (800.000 Hz),
161598,8.080 s,Timing,Times,Time,3.000 ms (333.333 Hz),
161658,8.083 s,Timing,Times,Time,1.200 ms (833.333 Hz),
161682,8.084 s,Timing,Times,Time,3.000 ms (333.333 Hz),
161742,8.087 s,Timing,Times,Time,1.200 ms (833.333 Hz),
161766,8.088 s,Timing,Times,Time,1.200 ms (833.333 Hz),
161790,8.089 s,Timing,Times,Time,1.250 ms (800.000 Hz),
161815,8.091 s,Timing,Times,Time,1.200 ms (833.333 Hz),
161839,8.092 s,Timing,Times,Time,1.250 ms (800.000 Hz),
161864,8.093 s,Timing,Times,Time,1.200 ms (833.333 Hz),
161888,8.094 s,Timing,Times,Time,1.250 ms (800.000 Hz),
161913,8.096 s,Timing,Times,Time,1.200 ms (833.333 Hz),
161937,8.097 s,Timing,Times,Time,1.200 ms (833.333 Hz),
161961,8.098 s,Timing,Times,Time,1.250 ms (800.000 Hz),
161986,8.099 s,Timing,Times,Time,1.200 ms (833.333 Hz),
162010,8.101 s,Timing,Times,Time,3.000 ms (333.333 Hz),
162070,8.104 s,Timing,Times,Time,1.200 ms (833.333 Hz),
162094,8.105 s,Timing,Times,Time,1.200 ms (833.333 Hz),
162118,8.106 s,Timing,Times,Time,1.250 ms (800.000 Hz),
162143,8.107 s,Timing,Times,Time,1.200 ms (833.333 Hz),
162167,8.108 s,Timing,Times,Time,1.200 ms (833.333 Hz),
162191,8.110 s,Timing,Times,Time,3.000 ms (333.333 Hz),
162251,8.113 s,Timing,Times,Time,1.250 ms (800.000 Hz),
162276,8.114 s,Timing,Times,Time,1.200 ms (833.333 Hz),
162300,8.115 s,Timing,Times,Time,1.300 ms (769.231 Hz),
162326,8.116 s,Timing,Times,Time,3.000 ms (333.333 Hz),
162386,8.119 s,Timing,Times,Time,1.200 ms (833.333 Hz),
162410,8.120 s,Timing,Times,Time,16.000 ms (62.500 Hz),
162730,8.136 s,Timing,Times,Time,2.650 ms (377.358 Hz),
162783,8.139 s,Timing,Times,Time,2.650 ms (377.358 Hz),
162836,8.142 s,Timing,Times,Time,1.250 ms (800.000 Hz),
162861,8.143 s,Timing,Times,Time,2.950 ms (338.983 Hz),
162920,8.146 s,Timing,Times,Time,1.250 ms (800.000 Hz),
162945,8.147 s,Timing,Times,Time,1.200 ms (833.333 Hz),
162969,8.148 s,Timing,Times,Time,1.250 ms (800.000 Hz),
162994,8.150 s,Timing,Times,Time,1.200 ms (833.333 Hz),
163018,8.151 s,Timing,Times,Time,1.250 ms (800.000 Hz),
163043,8.152 s,Timing,Times,Time,2.950 ms (338.983 Hz),
163102,8.155 s,Timing,Times,Time,1.250 ms (800.000 Hz),
163127,8.156 s,Timing,Times,Time,2.950 ms (338.983 Hz),
163186,8.159 s,Timing,Times,Time,1.250 ms (800.000 Hz),
163211,8.161 s,Timing,Times,Time,1.200 ms (833.333 Hz),
163235,8.162 s,Timing,Times,Time,1.250 ms (800.000 Hz),
163260,8.163 s,Timing,Times,Time,1.200 ms (833.333 Hz),
163284,8.164 s,Timing,Times,Time,1.250 ms (800.000 Hz),
163309,8.165 s,Timing,Times,Time,1.200 ms (833.333 Hz),
163333,8.167 s,Timing,Times,Time,1.200 ms (833.333 Hz),
163357,8.168 s,Timing,Times,Time,1.200 ms (833.333 Hz),
163381,8.169 s,Timing,Times,Time,1.250 ms (800.000 Hz),
163406,8.170 s,Timing,Times,Time,1.200 ms (833.333 Hz),
163430,8.171 s,Timing,Times,Time,1.250 ms (800.000 Hz),
163455,8.173 s,Timing,Times,Time,2.950 ms (338.983 Hz),
163514,8.176 s,Timing,Times,Time,1.250 ms (800.000 Hz),
163539,8.177 s,Timing,Times,Time,1.200 ms (833.333 Hz),
163563,8.178 s,Timing,Times,Time,1.850 ms (540.541 Hz),
163600,8.180 s,Timing,Times,Time,1.200 ms (833.333 Hz),
163624,8.181 s,Timing,Times,Time,1.250 ms (800.000 Hz),
163649,8.182 s,Timing,Times,Time,2.950 ms (338.983 Hz),
163708,8.185 s,Timing,Times,Time,1.250 ms (800.000 Hz),
163733,8.187 s,Timing,Times,Time,1.200 ms (833.333 Hz),
163757,8.188 s,Timing,Times,Time,1.250 ms (800.000 Hz),
163782,8.189 s,Timing,Times,Time,3.000 ms (333.333 Hz),
163842,8.192 s,Timing,Times,Time,1.200 ms (833.333 Hz),
163866,8.193 s,Timing,Times,Time,1.151 s  (0.869 Hz),
186890,9.345 s,Timing,Times,Time,2.700 ms (370.370 Hz),
186944,9.347 s,Timing,Times,Time,2.600 ms (384.615 Hz),
186996,9.350 s,Timing,Times,Time,1.300 ms (769.231 Hz),
187022,9.351 s,Timing,Times,Time,2.950 ms (338.983 Hz),
187081,9.354 s,Timing,Times,Time,1.250 ms (800.000 Hz),
187106,9.355 s,Timing,Times,Time,1.150 ms (869.565 Hz),
187129,9.356 s,Timing,Times,Time,1.300 ms (769.231 Hz),
187155,9.358 s,Timing,Times,Time,1.150 ms (869.565 Hz),
187178,9.359 s,Timing,Times,Time,1.300 ms (769.231 Hz),
187204,9.360 s,Timing,Times,Time,2.900 ms (344.828 Hz),
187262,9.363 s,Timing,Times,Time,1.300 ms (769.231 Hz),
187288,9.364 s,Timing,Times,Time,2.900 ms (344.828 Hz),
187346,9.367 s,Timing,Times,Time,1.300 ms (769.231 Hz),
187372,9.369 s,Timing,Times,Time,1.150 ms (869.565 Hz),
187395,9.370 s,Timing,Times,Time,1.300 ms (769.231 Hz),
187421,9.371 s,Timing,Times,Time,1.150 ms (869.565 Hz),
187444,9.372 s,Timing,Times,Time,1.300 ms (769.231 Hz),
187470,9.373 s,Timing,Times,Time,1.150 ms (869.565 Hz),
187493,9.375 s,Timing,Times,Time,1.300 ms (769.231 Hz),
187519,9.376 s,Timing,Times,Time,1.150 ms (869.565 Hz),
187542,9.377 s,Timing,Times,Time,1.250 ms (800.000 Hz),
187567,9.378 s,Timing,Times,Time,1.150 ms (869.565 Hz),
187590,9.380 s,Timing,Times,Time,1.300 ms (769.231 Hz),
187616,9.381 s,Timing,Times,Time,2.950 ms (338.983 Hz),
187675,9.384 s,Timing,Times,Time,1.250 ms (800.000 Hz),
187700,9.385 s,Timing,Times,Time,1.150 ms (869.565 Hz),
187723,9.386 s,Timing,Times,Time,1.300 ms (769.231 Hz),
187749,9.387 s,Timing,Times,Time,2.900 ms (344.828 Hz),
187807,9.390 s,Timing,Times,Time,1.350 ms (740.741 Hz),
187834,9.392 s,Timing,Times,Time,1.100 ms (909.091 Hz),
187856,9.393 s,Timing,Times,Time,1.300 ms (769.231 Hz),
187882,9.394 s,Timing,Times,Time,2.950 ms (338.983 Hz),
187941,9.397 s,Timing,Times,Time,1.350 ms (740.741 Hz),
187968,9.398 s,Timing,Times,Time,1.150 ms (869.565 Hz),
187991,9.400 s,Timing,Times,Time,1.250 ms (800.000 Hz),
188016,9.401 s,Timing,Times,Time,16.750 ms (59.701 Hz),
188351,9.418 s,Timing,Times,Time,2.700 ms (370.370 Hz),
188405,9.420 s,Timing,Times,Time,2.600 ms (384.615 Hz),
188457,9.423 s,Timing,Times,Time,1.350 ms (740.741 Hz),
188484,9.424 s,Timing,Times,Time,2.850 ms (350.877 Hz),
188541,9.427 s,Timing,Times,Time,1.350 ms (740.741 Hz),
188568,9.428 s,Timing,Times,Time,1.100 ms (909.091 Hz),
188590,9.430 s,Timing,Times,Time,1.350 ms (740.741 Hz),
188617,9.431 s,Timing,Times,Time,1.100 ms (909.091 Hz),
188639,9.432 s,Timing,Times,Time,1.350 ms (740.741 Hz),
188666,9.433 s,Timing,Times,Time,2.900 ms (344.828 Hz),
188724,9.436 s,Timing,Times,Time,1.300 ms (769.231 Hz),
188750,9.438 s,Timing,Times,Time,2.900 ms (344.828 Hz),
188808,9.440 s,Timing,Times,Time,1.300 ms (769.231 Hz),
188834,9.442 s,Timing,Times,Time,1.150 ms (869.565 Hz),
188857,9.443 s,Timing,Times,Time,1.300 ms (769.231 Hz),
188883,9.444 s,Timing,Times,Time,1.150 ms (869.565 Hz),
188906,9.445 s,Timing,Times,Time,1.300 ms (769.231 Hz),
188932,9.447 s,Timing,Times,Time,1.100 ms (909.091 Hz),
188954,9.448 s,Timing,Times,Time,1.300 ms (769.231 Hz),
188980,9.449 s,Timing,Times,Time,1.150 ms (869.565 Hz),
189003,9.450 s,Timing,Times,Time,1.300 ms (769.231 Hz),
189029,9.451 s,Timing,Times,Time,1.100 ms (909.091 Hz),
189051,9.453 s,Timing,Times,Time,1.350 ms (740.741 Hz),
189078,9.454 s,Timing,Times,Time,2.900 ms (344.828 Hz),
189136,9.457 s,Timing,Times,Time,1.300 ms (769.231 Hz),
189162,9.458 s,Timing,Times,Time,1.100 ms (909.091 Hz),
189184,9.459 s,Timing,Times,Time,1.350 ms (740.741 Hz),
189211,9.461 s,Timing,Times,Time,2.900 ms (344.828 Hz),
189269,9.463 s,Timing,Times,Time,1.350 ms (740.741 Hz),
189296,9.465 s,Timing,Times,Time,1.100 ms (909.091 Hz),
189318,9.466 s,Timing,Times,Time,1.300 ms (769.231 Hz),
189344,9.467 s,Timing,Times,Time,2.900 ms (344.828 Hz),
189402,9.470 s,Timing,Times,Time,1.300 ms (769.231 Hz),
189428,9.471 s,Timing,Times,Time,1.150 ms (869.565 Hz),
189451,9.473 s,Timing,Times,Time,1.300 ms (769.231 Hz),
189477,9.474 s,Timing,Times,Time,61.900 ms (16.155 Hz),
190715,9.536 s,Timing,Times,Time,2.700 ms (370.370 Hz),
190769,9.538 s,Timing,Times,Time,2.600 ms (384.615 Hz),
190821,9.541 s,Timing,Times,Time,1.300 ms (769.231 Hz),
190847,9.542 s,Timing,Times,Time,2.900 ms (344.828 Hz),
190905,9.545 s,Timing,Times,Time,1.350 ms (740.741 Hz),
190932,9.547 s,Timing,Times,Time,1.100 ms (909.091 Hz),
190954,9.548 s,Timing,Times,Time,1.350 ms (740.741 Hz),
190981,9.549 s,Timing,Times,Time,1.100 ms (909.091 Hz),
191003,9.550 s,Timing,Times,Time,1.300 ms (769.231 Hz),
191029,9.551 s,Timing,Times,Time,2.900 ms (344.828 Hz),
191087,9.554 s,Timing,Times,Time,1.350 ms (740.741 Hz),
191114,9.556 s,Timing,Times,Time,2.900 ms (344.828 Hz),
191172,9.559 s,Timing,Times,Time,1.250 ms (800.000 Hz),
191197,9.560 s,Timing,Times,Time,1.150 ms (869.565 Hz),
191220,9.561 s,Timing,Times,Time,1.300 ms (769.231 Hz),
191246,9.562 s,Timing,Times,Time,1.150 ms (869.565 Hz),
191269,9.563 s,Timing,Times,Time,1.300 ms (769.231 Hz),
191295,9.565 s,Timing,Times,Time,1.150 ms (869.565 Hz),
191318,9.566 s,Timing,Times,Time,1.300 ms (769.231 Hz),
191344,9.567 s,Timing,Times,Time,1.100 ms (909.091 Hz),
191366,9.568 s,Timing,Times,Time,1.350 ms (740.741 Hz),
191393,9.570 s,Timing,Times,Time,1.100 ms (909.091 Hz),
191415,9.571 s,Timing,Times,Time,1.300 ms (769.231 Hz),
191441,9.572 s,Timing,Times,Time,2.900 ms (344.828 Hz),
191499,9.575 s,Timing,Times,Time,1.350 ms (740.741 Hz),
191526,9.576 s,Timing,Times,Time,1.100 ms (909.091 Hz),
191548,9.577 s,Timing,Times,Time,1.300 ms (769.231 Hz),
191574,9.579 s,Timing,Times,Time,2.950 ms (338.983 Hz),
191633,9.582 s,Timing,Times,Time,1.250 ms (800.000 Hz),
191658,9.583 s,Timing,Times,Time,1.150 ms (869.565 Hz),
191681,9.584 s,Timing,Times,Time,1.300 ms (769.231 Hz),
191707,9.585 s,Timing,Times,Time,2.950 ms (338.983 Hz),
191766,9.588 s,Timing,Times,Time,1.300 ms (769.231 Hz),
191792,9.590 s,Timing,Times,Time,1.150 ms (869.565 Hz),
191815,9.591 s,Timing,Times,Time,1.300 ms (769.231 Hz),
191841,9.592 s,Timing,Times,Time,71.450 ms (13.996 Hz),
193270,9.664 s,Timing,Times,Time,2.700 ms (370.370 Hz),
193324,9.666 s,Timing,Times,Time,2.650 ms (377.358 Hz),
193377,9.669 s,Timing,Times,Time,1.300 ms (769.231 Hz),
193403,9.670 s,Timing,Times,Time,2.900 ms (344.828 Hz),
193461,9.673 s,Timing,Times,Time,1.300 ms (769.231 Hz),
193487,9.674 s,Timing,Times,Time,1.150 ms (869.565 Hz),
193510,9.675 s,Timing,Times,Time,1.300 ms (769.231 Hz),
193536,9.677 s,Timing,Times,Time,1.150 ms (869.565 Hz),
193559,9.678 s,Timing,Times,Time,1.250 ms (800.000 Hz),
193584,9.679 s,Timing,Times,Time,2.950 ms (338.983 Hz),
193643,9.682 s,Timing,Times,Time,1.300 ms (769.231 Hz),
193669,9.683 s,Timing,Times,Time,2.900 ms (344.828 Hz),
193727,9.686 s,Timing,Times,Time,1.300 ms (769.231 Hz),
193753,9.688 s,Timing,Times,Time,1.150 ms (869.565 Hz),
193776,9.689 s,Timing,Times,Time,1.300 ms (769.231 Hz),
193802,9.690 s,Timing,Times,Time,1.150 ms (869.565 Hz),
193825,9.691 s,Timing,Times,Time,1.300 ms (769.231 Hz),
193851,9.693 s,Timing,Times,Time,1.100 ms (909.091 Hz),
193873,9.694 s,Timing,Times,Time,1.350 ms (740.741 Hz),
193900,9.695 s,Timing,Times,Time,1.100 ms (909.091 Hz),
193922,9.696 s,Timing,Times,Time,1.300 ms (769.231 Hz),
193948,9.697 s,Timing,Times,Time,1.150 ms (869.565 Hz),
193971,9.699 s,Timing,Times,Time,1.300 ms (769.231 Hz),
193997,9.700 s,Timing,Times,Time,2.900 ms (344.828 Hz),
194055,9.703 s,Timing,Times,Time,1.300 ms (769.231 Hz),
194081,9.704 s,Timing,Times,Time,1.150 ms (869.565 Hz),
194104,9.705 s,Timing,Times,Time,1.300 ms (769.231 Hz),
194130,9.707 s,Timing,Times,Time,2.900 ms (344.828 Hz),
194188,9.709 s,Timing,Times,Time,1.300 ms (769.231 Hz),
194214,9.711 s,Timing,Times,Time,1.150 ms (869.565 Hz),
194237,9.712 s,Timing,Times,Time,1.300 ms (769.231 Hz),
194263,9.713 s,Timing,Times,Time,2.950 ms (338.983 Hz),
194322,9.716 s,Timing,Times,Time,1.300 ms (769.231 Hz),
194348,9.717 s,Timing,Times,Time,1.150 ms (869.565 Hz),
194371,9.719 s,Timing,Times,Time,1.300 ms (769.231 Hz),
194397,9.720 s,Timing,Times,Time,72.600 ms (13.774 Hz),
195849,9.792 s,Timing,Times,Time,2.650 ms (377.358 Hz),
195902,9.795 s,Timing,Times,Time,2.650 ms (377.358 Hz),
195955,9.798 s,Timing,Times,Time,1.250 ms (800.000 Hz),
195980,9.799 s,Timing,Times,Time,2.950 ms (338.983 Hz),
196039,9.802 s,Timing,Times,Time,1.300 ms (769.231 Hz),
196065,9.803 s,Timing,Times,Time,1.150 ms (869.565 Hz),
196088,9.804 s,Timing,Times,Time,1.250 ms (800.000 Hz),
196113,9.806 s,Timing,Times,Time,1.150 ms (869.565 Hz),
196136,9.807 s,Timing,Times,Time,1.300 ms (769.231 Hz),
196162,9.808 s,Timing,Times,Time,2.900 ms (344.828 Hz),
196220,9.811 s,Timing,Times,Time,1.350 ms (740.741 Hz),
196247,9.812 s,Timing,Times,Time,2.900 ms (344.828 Hz),
196305,9.815 s,Timing,Times,Time,1.300 ms (769.231 Hz),
196331,9.817 s,Timing,Times,Time,1.100 ms (909.091 Hz),
196353,9.818 s,Timing,Times,Time,1.350 ms (740.741 Hz),
196380,9.819 s,Timing,Times,Time,1.100 ms (909.091 Hz),
196402,9.820 s,Timing,Times,Time,1.300 ms (769.231 Hz),
196428,9.821 s,Timing,Times,Time,1.150 ms (869.565 Hz),
196451,9.823 s,Timing,Times,Time,1.300 ms (769.231 Hz),
196477,9.824 s,Timing,Times,Time,1.150 ms (869.565 Hz),
196500,9.825 s,Timing,Times,Time,1.300 ms (769.231 Hz),
196526,9.826 s,Timing,Times,Time,1.150 ms (869.565 Hz),
196549,9.827 s,Timing,Times,Time,1.250 ms (800.000 Hz),
196574,9.829 s,Timing,Times,Time,2.950 ms (338.983 Hz),
196633,9.832 s,Timing,Times,Time,1.300 ms (769.231 Hz),
196659,9.833 s,Timing,Times,Time,1.150 ms (869.565 Hz),
196682,9.834 s,Timing,Times,Time,1.300 ms (769.231 Hz),
196708,9.835 s,Timing,Times,Time,2.900 ms (344.828 Hz),
196766,9.838 s,Timing,Times,Time,1.300 ms (769.231 Hz),
196792,9.840 s,Timing,Times,Time,1.100 ms (909.091 Hz),
196814,9.841 s,Timing,Times,Time,1.350 ms (740.741 Hz),
196841,9.842 s,Timing,Times,Time,2.950 ms (338.983 Hz),
196900,9.845 s,Timing,Times,Time,1.300 ms (769.231 Hz),
196926,9.846 s,Timing,Times,Time,1.150 ms (869.565 Hz),
196949,9.847 s,Timing,Times,Time,1.300 ms (769.231 Hz),
196975,9.849 s,Timing,Times,Time,15.850 ms (63.091 Hz),
197292,9.865 s,Timing,Times,Time,2.700 ms (370.370 Hz),
197346,9.867 s,Timing,Times,Time,2.650 ms (377.358 Hz),
197399,9.870 s,Timing,Times,Time,1.300 ms (769.231 Hz),
197425,9.871 s,Timing,Times,Time,2.900 ms (344.828 Hz),
197483,9.874 s,Timing,Times,Time,1.300 ms (769.231 Hz),
197509,9.875 s,Timing,Times,Time,1.150 ms (869.565 Hz),
197532,9.877 s,Timing,Times,Time,1.300 ms (769.231 Hz),
197558,9.878 s,Timing,Times,Time,1.150 ms (869.565 Hz),
197581,9.879 s,Timing,Times,Time,1.300 ms (769.231 Hz),
197607,9.880 s,Timing,Times,Time,2.900 ms (344.828 Hz),
197665,9.883 s,Timing,Times,Time,1.300 ms (769.231 Hz),
197691,9.885 s,Timing,Times,Time,2.900 ms (344.828 Hz),
197749,9.887 s,Timing,Times,Time,1.300 ms (769.231 Hz),
197775,9.889 s,Timing,Times,Time,1.150 ms (869.565 Hz),
197798,9.890 s,Timing,Times,Time,1.300 ms (769.231 Hz),
197824,9.891 s,Timing,Times,Time,1.100 ms (909.091 Hz),
197846,9.892 s,Timing,Times,Time,1.300 ms (769.231 Hz),
197872,9.894 s,Timing,Times,Time,1.150 ms (869.565 Hz),
197895,9.895 s,Timing,Times,Time,1.300 ms (769.231 Hz),
197921,9.896 s,Timing,Times,Time,1.150 ms (869.565 Hz),
197944,9.897 s,Timing,Times,Time,1.300 ms (769.231 Hz),
197970,9.899 s,Timing,Times,Time,1.150 ms (869.565 Hz),
197993,9.900 s,Timing,Times,Time,1.300 ms (769.231 Hz),
198019,9.901 s,Timing,Times,Time,2.900 ms (344.828 Hz),
198077,9.904 s,Timing,Times,Time,1.300 ms (769.231 Hz),
198103,9.905 s,Timing,Times,Time,1.150 ms (869.565 Hz),
198126,9.906 s,Timing,Times,Time,1.350 ms (740.741 Hz),
198153,9.908 s,Timing,Times,Time,2.900 ms (344.828 Hz),
198211,9.911 s,Timing,Times,Time,1.300 ms (769.231 Hz),
198237,9.912 s,Timing,Times,Time,1.150 ms (869.565 Hz),
198260,9.913 s,Timing,Times,Time,1.300 ms (769.231 Hz),
198286,9.914 s,Timing,Times,Time,2.900 ms (344.828 Hz),
198344,9.917 s,Timing,Times,Time,1.300 ms (769.231 Hz),
198370,9.918 s,Timing,Times,Time,1.150 ms (869.565 Hz),
198393,9.920 s,Timing,Times,Time,1.300 ms (769.231 Hz),
198419,9.921 s,Timing,Times,Time,64.250 ms (15.564 Hz),
199704,9.985 s,Timing,Times,Time,2.650 ms (377.358 Hz),
199757,9.988 s,Timing,Times,Time,2.650 ms (377.358 Hz),
199810,9.991 s,Timing,Times,Time,1.300 ms (769.231 Hz),
199836,9.992 s,Timing,Times,Time,2.900 ms (344.828 Hz),
199894,9.995 s,Timing,Times,Time,1.300 ms (769.231 Hz),
199920,9.996 s,Timing,Times,Time,1.150 ms (869.565 Hz),
199943,9.997 s,Timing,Times,Time,1.250 ms (800.000 Hz),
199968,9.998 s,Timing,Times,Time,1.200 ms (833.333 Hz),
199992,10.000 s,Timing,Times,Time,1.250 ms (800.000 Hz),
200017,10.001 s,Timing,Times,Time,2.950 ms (338.983 Hz),
200076,10.004 s,Timing,Times,Time,1.250 ms (800.000 Hz),
200101,10.005 s,Timing,Times,Time,2.950 ms (338.983 Hz),
200160,10.008 s,Timing,Times,Time,1.250 ms (800.000 Hz),
200185,10.009 s,Timing,Times,Time,1.200 ms (833.333 Hz),
200209,10.010 s,Timing,Times,Time,1.250 ms (800.000 Hz),
200234,10.012 s,Timing,Times,Time,1.200 ms (833.333 Hz),
200258,10.013 s,Timing,Times,Time,1.250 ms (800.000 Hz),
200283,10.014 s,Timing,Times,Time,1.150 ms (869.565 Hz),
200306,10.015 s,Timing,Times,Time,1.300 ms (769.231 Hz),
200332,10.017 s,Timing,Times,Time,1.150 ms (869.565 Hz),
200355,10.018 s,Timing,Times,Time,1.300 ms (769.231 Hz),
200381,10.019 s,Timing,Times,Time,1.150 ms (869.565 Hz),
200404,10.020 s,Timing,Times,Time,1.250 ms (800.000 Hz),
200429,10.021 s,Timing,Times,Time,3.000 ms (333.333 Hz),
200489,10.024 s,Timing,Times,Time,1.200 ms (833.333 Hz),
200513,10.026 s,Timing,Times,Time,1.200 ms (833.333 Hz),
200537,10.027 s,Timing,Times,Time,1.250 ms (800.000 Hz),
200562,10.028 s,Timing,Times,Time,2.950 ms (338.983 Hz),
200621,10.031 s,Timing,Times,Time,1.250 ms (800.000 Hz),
200646,10.032 s,Timing,Times,Time,1.200 ms (833.333 Hz),
200670,10.034 s,Timing,Times,Time,1.250 ms (800.000 Hz),
200695,10.035 s,Timing,Times,Time,3.050 ms (327.869 Hz),
200756,10.038 s,Timing,Times,Time,1.250 ms (800.000 Hz),
200781,10.039 s,Timing,Times,Time,1.200 ms (833.333 Hz),
200805,10.040 s,Timing,Times,Time,1.250 ms (800.000 Hz),
200830,10.041 s,Timing,Times,Time,15.150 ms (66.007 Hz),
201133,10.057 s,Timing,Times,Time,2.650 ms (377.358 Hz),
201186,10.059 s,Timing,Times,Time,2.700 ms (370.370 Hz),
201240,10.062 s,Timing,Times,Time,1.250 ms (800.000 Hz),
201265,10.063 s,Timing,Times,Time,2.950 ms (338.983 Hz),
201324,10.066 s,Timing,Times,Time,1.250 ms (800.000 Hz),
201349,10.067 s,Timing,Times,Time,1.200 ms (833.333 Hz),
201373,10.069 s,Timing,Times,Time,1.250 ms (800.000 Hz),
201398,10.070 s,Timing,Times,Time,1.200 ms (833.333 Hz),
201422,10.071 s,Timing,Times,Time,1.250 ms (800.000 Hz),
201447,10.072 s,Timing,Times,Time,2.950 ms (338.983 Hz),
201506,10.075 s,Timing,Times,Time,1.250 ms (800.000 Hz),
201531,10.077 s,Timing,Times,Time,2.950 ms (338.983 Hz),
201590,10.079 s,Timing,Times,Time,1.250 ms (800.000 Hz),
201615,10.081 s,Timing,Times,Time,1.200 ms (833.333 Hz),
201639,10.082 s,Timing,Times,Time,1.200 ms (833.333 Hz),
201663,10.083 s,Timing,Times,Time,1.200 ms (833.333 Hz),
201687,10.084 s,Timing,Times,Time,1.250 ms (800.000 Hz),
201712,10.086 s,Timing,Times,Time,1.200 ms (833.333 Hz),
201736,10.087 s,Timing,Times,Time,1.250 ms (800.000 Hz),
201761,10.088 s,Timing,Times,Time,1.200 ms (833.333 Hz),
201785,10.089 s,Timing,Times,Time,1.250 ms (800.000 Hz),
201810,10.091 s,Timing,Times,Time,1.200 ms (833.333 Hz),
201834,10.092 s,Timing,Times,Time,1.250 ms (800.000 Hz),
201859,10.093 s,Timing,Times,Time,2.950 ms (338.983 Hz),
201918,10.096 s,Timing,Times,Time,1.250 ms (800.000 Hz),
201943,10.097 s,Timing,Times,Time,1.200 ms (833.333 Hz),
201967,10.098 s,Timing,Times,Time,1.200 ms (833.333 Hz),
201991,10.100 s,Timing,Times,Time,3.050 ms (327.869 Hz),
202052,10.103 s,Timing,Times,Time,1.250 ms (800.000 Hz),
202077,10.104 s,Timing,Times,Time,1.200 ms (833.333 Hz),
202101,10.105 s,Timing,Times,Time,1.200 ms (833.333 Hz),
202125,10.106 s,Timing,Times,Time,3.000 ms (333.333 Hz),
202185,10.109 s,Timing,Times,Time,1.250 ms (800.000 Hz),
202210,10.111 s,Timing,Times,Time,1.150 ms (869.565 Hz),
202233,10.112 s,Timing,Times,Time,1.250 ms (800.000 Hz),
202258,10.113 s,Timing,Times,Time,62.600 ms (15.974 Hz),
203510,10.175 s,Timing,Times,Time,2.650 ms (377.358 Hz),
203563,10.178 s,Timing,Times,Time,2.650 ms (377.358 Hz),
203616,10.181 s,Timing,Times,Time,1.250 ms (800.000 Hz),
203641,10.182 s,Timing,Times,Time,2.950 ms (338.983 Hz),
203700,10.185 s,Timing,Times,Time,1.250 ms (800.000 Hz),
203725,10.186 s,Timing,Times,Time,1.200 ms (833.333 Hz),
203749,10.187 s,Timing,Times,Time,1.250 ms (800.000 Hz),
203774,10.189 s,Timing,Times,Time,1.200 ms (833.333 Hz),
203798,10.190 s,Timing,Times,Time,1.250 ms (800.000 Hz),
203823,10.191 s,Timing,Times,Time,2.950 ms (338.983 Hz),
203882,10.194 s,Timing,Times,Time,1.250 ms (800.000 Hz),
203907,10.195 s,Timing,Times,Time,2.950 ms (338.983 Hz),
203966,10.198 s,Timing,Times,Time,1.250 ms (800.000 Hz),
203991,10.200 s,Timing,Times,Time,1.200 ms (833.333 Hz),
204015,10.201 s,Timing,Times,Time,1.250 ms (800.000 Hz),
204040,10.202 s,Timing,Times,Time,1.200 ms (833.333 Hz),
204064,10.203 s,Timing,Times,Time,1.200 ms (833.333 Hz),
204088,10.204 s,Timing,Times,Time,1.200 ms (833.333 Hz),
204112,10.206 s,Timing,Times,Time,1.250 ms (800.000 Hz),
204137,10.207 s,Timing,Times,Time,1.200 ms (833.333 Hz),
204161,10.208 s,Timing,Times,Time,1.250 ms (800.000 Hz),
204186,10.209 s,Timing,Times,Time,1.200 ms (833.333 Hz),
204210,10.210 s,Timing,Times,Time,1.250 ms (800.000 Hz),
204235,10.212 s,Timing,Times,Time,3.000 ms (333.333 Hz),
204295,10.215 s,Timing,Times,Time,1.200 ms (833.333 Hz),
204319,10.216 s,Timing,Times,Time,1.200 ms (833.333 Hz),
204343,10.217 s,Timing,Times,Time,1.250 ms (800.000 Hz),
204368,10.218 s,Timing,Times,Time,3.000 ms (333.333 Hz),
204428,10.221 s,Timing,Times,Time,1.200 ms (833.333 Hz),
204452,10.223 s,Timing,Times,Time,1.200 ms (833.333 Hz),
204476,10.224 s,Timing,Times,Time,1.250 ms (800.000 Hz),
204501,10.225 s,Timing,Times,Time,3.050 ms (327.869 Hz),
204562,10.228 s,Timing,Times,Time,1.250 ms (800.000 Hz),
204587,10.229 s,Timing,Times,Time,1.200 ms (833.333 Hz),
204611,10.231 s,Timing,Times,Time,1.250 ms (800.000 Hz),
204636,10.232 s,Timing,Times,Time,82.850 ms (12.070 Hz),
206293,10.315 s,Timing,Times,Time,2.650 ms (377.358 Hz),
206346,10.317 s,Timing,Times,Time,2.650 ms (377.358 Hz),
206399,10.320 s,Timing,Times,Time,1.250 ms (800.000 Hz),
206424,10.321 s,Timing,Times,Time,3.000 ms (333.333 Hz),
206484,10.324 s,Timing,Times,Time,1.250 ms (800.000 Hz),
206509,10.325 s,Timing,Times,Time,1.200 ms (833.333 Hz),
206533,10.327 s,Timing,Times,Time,1.250 ms (800.000 Hz),
206558,10.328 s,Timing,Times,Time,1.150 ms (869.565 Hz),
206581,10.329 s,Timing,Times,Time,1.250 ms (800.000 Hz),
206606,10.330 s,Timing,Times,Time,3.000 ms (333.333 Hz),
206666,10.333 s,Timing,Times,Time,1.200 ms (833.333 Hz),
206690,10.335 s,Timing,Times,Time,2.950 ms (338.983 Hz),
206749,10.337 s,Timing,Times,Time,1.250 ms (800.000 Hz),
206774,10.339 s,Timing,Times,Time,1.200 ms (833.333 Hz),
206798,10.340 s,Timing,Times,Time,1.250 ms (800.000 Hz),
206823,10.341 s,Timing,Times,Time,1.200 ms (833.333 Hz),
206847,10.342 s,Timing,Times,Time,1.250 ms (800.000 Hz),
206872,10.344 s,Timing,Times,Time,1.200 ms (833.333 Hz),
206896,10.345 s,Timing,Times,Time,1.200 ms (833.333 Hz),
206920,10.346 s,Timing,Times,Time,1.200 ms (833.333 Hz),
206944,10.347 s,Timing,Times,Time,1.250 ms (800.000 Hz),
206969,10.348 s,Timing,Times,Time,1.200 ms (833.333 Hz),
206993,10.350 s,Timing,Times,Time,1.250 ms (800.000 Hz),
207018,10.351 s,Timing,Times,Time,2.950 ms (338.983 Hz),
207077,10.354 s,Timing,Times,Time,1.250 ms (800.000 Hz),
207102,10.355 s,Timing,Times,Time,1.450 ms (689.655 Hz),
207131,10.357 s,Timing,Times,Time,1.300 ms (769.231 Hz),
207157,10.358 s,Timing,Times,Time,2.950 ms (338.983 Hz),
207216,10.361 s,Timing,Times,Time,1.250 ms (800.000 Hz),
207241,10.362 s,Timing,Times,Time,1.200 ms (833.333 Hz),
207265,10.363 s,Timing,Times,Time,1.250 ms (800.000 Hz),
207290,10.364 s,Timing,Times,Time,3.000 ms (333.333 Hz),
207350,10.367 s,Timing,Times,Time,1.200 ms (833.333 Hz),
207374,10.369 s,Timing,Times,Time,1.200 ms (833.333 Hz),
207398,10.370 s,Timing,Times,Time,1.250 ms (800.000 Hz),
207423,10.371 s,Timing,Times,Time,16.100 ms (62.112 Hz),
207745,10.387 s,Timing,Times,Time,2.600 ms (384.615 Hz),
207797,10.390 s,Timing,Times,Time,2.650 ms (377.358 Hz),
207850,10.393 s,Timing,Times,Time,1.250 ms (800.000 Hz),
207875,10.394 s,Timing,Times,Time,3.000 ms (333.333 Hz),
207935,10.397 s,Timing,Times,Time,1.200 ms (833.333 Hz),
207959,10.398 s,Timing,Times,Time,1.200 ms (833.333 Hz),
207983,10.399 s,Timing,Times,Time,1.250 ms (800.000 Hz),
208008,10.400 s,Timing,Times,Time,1.200 ms (833.333 Hz),
208032,10.402 s,Timing,Times,Time,1.250 ms (800.000 Hz),
208057,10.403 s,Timing,Times,Time,2.950 ms (338.983 Hz),
208116,10.406 s,Timing,Times,Time,1.250 ms (800.000 Hz),
208141,10.407 s,Timing,Times,Time,2.950 ms (338.983 Hz),
208200,10.410 s,Timing,Times,Time,1.250 ms (800.000 Hz),
208225,10.411 s,Timing,Times,Time,1.200 ms (833.333 Hz),
208249,10.412 s,Timing,Times,Time,1.250 ms (800.000 Hz),
208274,10.414 s,Timing,Times,Time,1.200 ms (833.333 Hz),
208298,10.415 s,Timing,Times,Time,1.200 ms (833.333 Hz),
208322,10.416 s,Timing,Times,Time,1.250 ms (800.000 Hz),
208347,10.417 s,Timing,Times,Time,1.200 ms (833.333 Hz),
208371,10.419 s,Timing,Times,Time,1.250 ms (800.000 Hz),
208396,10.420 s,Timing,Times,Time,1.250 ms (800.000 Hz),
208421,10.421 s,Timing,Times,Time,1.200 ms (833.333 Hz),
208445,10.422 s,Timing,Times,Time,1.200 ms (833.333 Hz),
208469,10.423 s,Timing,Times,Time,3.000 ms (333.333 Hz),
208529,10.426 s,Timing,Times,Time,1.250 ms (800.000 Hz),
208554,10.428 s,Timing,Times,Time,1.200 ms (833.333 Hz),
208578,10.429 s,Timing,Times,Time,1.200 ms (833.333 Hz),
208602,10.430 s,Timing,Times,Time,3.000 ms (333.333 Hz),
208662,10.433 s,Timing,Times,Time,1.250 ms (800.000 Hz),
208687,10.434 s,Timing,Times,Time,1.200 ms (833.333 Hz),
208711,10.436 s,Timing,Times,Time,1.250 ms (800.000 Hz),
208736,10.437 s,Timing,Times,Time,2.950 ms (338.983 Hz),
208795,10.440 s,Timing,Times,Time,1.250 ms (800.000 Hz),
208820,10.441 s,Timing,Times,Time,1.150 ms (869.565 Hz),
208843,10.442 s,Timing,Times,Time,1.250 ms (800.000 Hz),
208868,10.443 s,Timing,Times,Time,52.800 ms (18.939 Hz),
209924,10.496 s,Timing,Times,Time,2.600 ms (384.615 Hz),
209976,10.499 s,Timing,Times,Time,2.700 ms (370.370 Hz),
210030,10.502 s,Timing,Times,Time,1.250 ms (800.000 Hz),
210055,10.503 s,Timing,Times,Time,2.950 ms (338.983 Hz),
210114,10.506 s,Timing,Times,Time,1.250 ms (800.000 Hz),
210139,10.507 s,Timing,Times,Time,1.200 ms (833.333 Hz),
210163,10.508 s,Timing,Times,Time,1.250 ms (800.000 Hz),
210188,10.509 s,Timing,Times,Time,1.200 ms (833.333 Hz),
210212,10.511 s,Timing,Times,Time,1.250 ms (800.000 Hz),
210237,10.512 s,Timing,Times,Time,2.950 ms (338.983 Hz),
210296,10.515 s,Timing,Times,Time,1.250 ms (800.000 Hz),
210321,10.516 s,Timing,Times,Time,3.000 ms (333.333 Hz),
210381,10.519 s,Timing,Times,Time,1.200 ms (833.333 Hz),
210405,10.520 s,Timing,Times,Time,1.200 ms (833.333 Hz),
210429,10.521 s,Timing,Times,Time,1.250 ms (800.000 Hz),
210454,10.523 s,Timing,Times,Time,1.200 ms (833.333 Hz),
210478,10.524 s,Timing,Times,Time,1.250 ms (800.000 Hz),
210503,10.525 s,Timing,Times,Time,1.200 ms (833.333 Hz),
210527,10.526 s,Timing,Times,Time,1.200 ms (833.333 Hz),
210551,10.528 s,Timing,Times,Time,1.200 ms (833.333 Hz),
210575,10.529 s,Timing,Times,Time,1.250 ms (800.000 Hz),
210600,10.530 s,Timing,Times,Time,1.200 ms (833.333 Hz),
210624,10.531 s,Timing,Times,Time,1.250 ms (800.000 Hz),
210649,10.532 s,Timing,Times,Time,2.950 ms (338.983 Hz),
210708,10.535 s,Timing,Times,Time,1.250 ms (800.000 Hz),
210733,10.537 s,Timing,Times,Time,1.200 ms (833.333 Hz),
210757,10.538 s,Timing,Times,Time,1.250 ms (800.000 Hz),
210782,10.539 s,Timing,Times,Time,2.950 ms (338.983 Hz),
210841,10.542 s,Timing,Times,Time,1.250 ms (800.000 Hz),
210866,10.543 s,Timing,Times,Time,1.200 ms (833.333 Hz),
210890,10.544 s,Timing,Times,Time,1.200 ms (833.333 Hz),
210914,10.546 s,Timing,Times,Time,3.050 ms (327.869 Hz),
210975,10.549 s,Timing,Times,Time,1.250 ms (800.000 Hz),
211000,10.550 s,Timing,Times,Time,1.200 ms (833.333 Hz),
211024,10.551 s,Timing,Times,Time,1.200 ms (833.333 Hz),
211048,10.552 s,Timing,Times,Time,71.850 ms (13.918 Hz),
212485,10.624 s,Timing,Times,Time,2.600 ms (384.615 Hz),
212537,10.627 s,Timing,Times,Time,2.650 ms (377.358 Hz),
212590,10.630 s,Timing,Times,Time,1.250 ms (800.000 Hz),
212615,10.631 s,Timing,Times,Time,3.000 ms (333.333 Hz),
212675,10.634 s,Timing,Times,Time,1.200 ms (833.333 Hz),
212699,10.635 s,Timing,Times,Time,1.200 ms (833.333 Hz),
212723,10.636 s,Timing,Times,Time,1.250 ms (800.000 Hz),
212748,10.637 s,Timing,Times,Time,1.200 ms (833.333 Hz),
212772,10.639 s,Timing,Times,Time,1.250 ms (800.000 Hz),
212797,10.640 s,Timing,Times,Time,2.950 ms (338.983 Hz),
212856,10.643 s,Timing,Times,Time,1.250 ms (800.000 Hz),
212881,10.644 s,Timing,Times,Time,3.000 ms (333.333 Hz),
212941,10.647 s,Timing,Times,Time,1.250 ms (800.000 Hz),
212966,10.648 s,Timing,Times,Time,1.200 ms (833.333 Hz),
212990,10.649 s,Timing,Times,Time,1.250 ms (800.000 Hz),
213015,10.651 s,Timing,Times,Time,1.200 ms (833.333 Hz),
213039,10.652 s,Timing,Times,Time,1.200 ms (833.333 Hz),
213063,10.653 s,Timing,Times,Time,1.200 ms (833.333 Hz),
213087,10.654 s,Timing,Times,Time,1.250 ms (800.000 Hz),
213112,10.656 s,Timing,Times,Time,1.200 ms (833.333 Hz),
213136,10.657 s,Timing,Times,Time,1.250 ms (800.000 Hz),
213161,10.658 s,Timing,Times,Time,1.200 ms (833.333 Hz),
213185,10.659 s,Timing,Times,Time,1.200 ms (833.333 Hz),
213209,10.660 s,Timing,Times,Time,3.000 ms (333.333 Hz),
213269,10.663 s,Timing,Times,Time,1.200 ms (833.333 Hz),
213293,10.665 s,Timing,Times,Time,1.200 ms (833.333 Hz),
213317,10.666 s,Timing,Times,Time,1.250 ms (800.000 Hz),
213342,10.667 s,Timing,Times,Time,3.000 ms (333.333 Hz),
213402,10.670 s,Timing,Times,Time,1.250 ms (800.000 Hz),
213427,10.671 s,Timing,Times,Time,1.200 ms (833.333 Hz),
213451,10.673 s,Timing,Times,Time,1.200 ms (833.333 Hz),
213475,10.674 s,Timing,Times,Time,3.050 ms (327.869 Hz),
213536,10.677 s,Timing,Times,Time,1.250 ms (800.000 Hz),
213561,10.678 s,Timing,Times,Time,1.200 ms (833.333 Hz),
213585,10.679 s,Timing,Times,Time,1.250 ms (800.000 Hz),
213610,10.681 s,Timing,Times,Time,15.250 ms (65.574 Hz),
213915,10.696 s,Timing,Times,Time,2.650 ms (377.358 Hz),
213968,10.698 s,Timing,Times,Time,2.650 ms (377.358 Hz),
214021,10.701 s,Timing,Times,Time,1.200 ms (833.333 Hz),
214045,10.702 s,Timing,Times,Time,3.000 ms (333.333 Hz),
214105,10.705 s,Timing,Times,Time,1.250 ms (800.000 Hz),
214130,10.707 s,Timing,Times,Time,1.200 ms (833.333 Hz),
214154,10.708 s,Timing,Times,Time,1.250 ms (800.000 Hz),
214179,10.709 s,Timing,Times,Time,1.200 ms (833.333 Hz),
214203,10.710 s,Timing,Times,Time,1.200 ms (833.333 Hz),
214227,10.711 s,Timing,Times,Time,3.000 ms (333.333 Hz),
214287,10.714 s,Timing,Times,Time,1.250 ms (800.000 Hz),
214312,10.716 s,Timing,Times,Time,2.950 ms (338.983 Hz),
214371,10.719 s,Timing,Times,Time,1.250 ms (800.000 Hz),
214396,10.720 s,Timing,Times,Time,1.200 ms (833.333 Hz),
214420,10.721 s,Timing,Times,Time,1.200 ms (833.333 Hz),
214444,10.722 s,Timing,Times,Time,1.200 ms (833.333 Hz),
214468,10.723 s,Timing,Times,Time,1.250 ms (800.000 Hz),
214493,10.725 s,Timing,Times,Time,1.200 ms (833.333 Hz),
214517,10.726 s,Timing,Times,Time,1.250 ms (800.000 Hz),
214542,10.727 s,Timing,Times,Time,1.200 ms (833.333 Hz),
214566,10.728 s,Timing,Times,Time,1.250 ms (800.000 Hz),
214591,10.730 s,Timing,Times,Time,1.200 ms (833.333 Hz),
214615,10.731 s,Timing,Times,Time,1.200 ms (833.333 Hz),
214639,10.732 s,Timing,Times,Time,3.000 ms (333.333 Hz),
214699,10.735 s,Timing,Times,Time,1.200 ms (833.333 Hz),
214723,10.736 s,Timing,Times,Time,1.200 ms (833.333 Hz),
214747,10.737 s,Timing,Times,Time,1.250 ms (800.000 Hz),
214772,10.739 s,Timing,Times,Time,3.050 ms (327.869 Hz),
214833,10.742 s,Timing,Times,Time,1.200 ms (833.333 Hz),
214857,10.743 s,Timing,Times,Time,1.200 ms (833.333 Hz),
214881,10.744 s,Timing,Times,Time,1.250 ms (800.000 Hz),
214906,10.745 s,Timing,Times,Time,2.950 ms (338.983 Hz),
214965,10.748 s,Timing,Times,Time,1.250 ms (800.000 Hz),
214990,10.749 s,Timing,Times,Time,1.200 ms (833.333 Hz),
215014,10.751 s,Timing,Times,Time,1.250 ms (800.000 Hz),
215039,10.752 s,Timing,Times,Time,63.800 ms (15.674 Hz),
216315,10.816 s,Timing,Times,Time,2.650 ms (377.358 Hz),
216368,10.818 s,Timing,Times,Time,2.650 ms (377.358 Hz),
216421,10.821 s,Timing,Times,Time,1.250 ms (800.000 Hz),
216446,10.822 s,Timing,Times,Time,2.950 ms (338.983 Hz),
216505,10.825 s,Timing,Times,Time,1.250 ms (800.000 Hz),
216530,10.826 s,Timing,Times,Time,1.200 ms (833.333 Hz),
216554,10.828 s,Timing,Times,Time,1.250 ms (800.000 Hz),
216579,10.829 s,Timing,Times,Time,1.200 ms (833.333 Hz),
216603,10.830 s,Timing,Times,Time,1.250 ms (800.000 Hz),
216628,10.831 s,Timing,Times,Time,3.000 ms (333.333 Hz),
216688,10.834 s,Timing,Times,Time,1.200 ms (833.333 Hz),
216712,10.836 s,Timing,Times,Time,3.000 ms (333.333 Hz),
216772,10.839 s,Timing,Times,Time,1.200 ms (833.333 Hz),
216796,10.840 s,Timing,Times,Time,1.200 ms (833.333 Hz),
216820,10.841 s,Timing,Times,Time,1.250 ms (800.000 Hz),
216845,10.842 s,Timing,Times,Time,1.200 ms (833.333 Hz),
216869,10.843 s,Timing,Times,Time,1.250 ms (800.000 Hz),
216894,10.845 s,Timing,Times,Time,1.200 ms (833.333 Hz),
216918,10.846 s,Timing,Times,Time,1.200 ms (833.333 Hz),
216942,10.847 s,Timing,Times,Time,1.200 ms (833.333 Hz),
216966,10.848 s,Timing,Times,Time,1.250 ms (800.000 Hz),
216991,10.850 s,Timing,Times,Time,1.200 ms (833.333 Hz),
217015,10.851 s,Timing,Times,Time,1.250 ms (800.000 Hz),
217040,10.852 s,Timing,Times,Time,3.000 ms (333.333 Hz),
217100,10.855 s,Timing,Times,Time,1.200 ms (833.333 Hz),
217124,10.856 s,Timing,Times,Time,1.200 ms (833.333 Hz),
217148,10.857 s,Timing,Times,Time,1.250 ms (800.000 Hz),
217173,10.859 s,Timing,Times,Time,2.950 ms (338.983 Hz),
217232,10.862 s,Timing,Times,Time,1.250 ms (800.000 Hz),
217257,10.863 s,Timing,Times,Time,1.200 ms (833.333 Hz),
217281,10.864 s,Timing,Times,Time,1.250 ms (800.000 Hz),
217306,10.865 s,Timing,Times,Time,3.000 ms (333.333 Hz),
217366,10.868 s,Timing,Times,Time,1.250 ms (800.000 Hz),
217391,10.870 s,Timing,Times,Time,1.150 ms (869.565 Hz),
217414,10.871 s,Timing,Times,Time,1.250 ms (800.000 Hz),
