"Sample","Time","Decoder","Ann Row","Ann Class","Value",
"30906","1.545 s","Timing","Times","Time","1.400 ms (714.286 Hz)",
"30934","1.547 s","Timing","Times","Time","2.550 ms (392.157 Hz)",
"30985","1.549 s","Timing","Times","Time","700.000 탎 (1.429 kHz)",
"30999","1.550 s","Timing","Times","Time","550.000 탎 (1.818 kHz)",
"31010","1.550 s","Timing","Times","Time","700.000 탎 (1.429 kHz)",
"31024","1.551 s","Timing","Times","Time","550.000 탎 (1.818 kHz)",
"31035","1.552 s","Timing","Times","Time","700.000 탎 (1.429 kHz)",
"31049","1.552 s","Timing","Times","Time","500.000 탎 (2.000 kHz)",
"31059","1.553 s","Timing","Times","Time","1.900 ms (526.316 Hz)",
"31097","1.555 s","Timing","Times","Time","550.000 탎 (1.818 kHz)",
"31108","1.555 s","Timing","Times","Time","1.850 ms (540.541 Hz)",
"31145","1.557 s","Timing","Times","Time","550.000 탎 (1.818 kHz)",
"31156","1.558 s","Timing","Times","Time","700.000 탎 (1.429 kHz)",
"31170","1.558 s","Timing","Times","Time","550.000 탎 (1.818 kHz)",
"31181","1.559 s","Timing","Times","Time","700.000 탎 (1.429 kHz)",
"31195","1.560 s","Timing","Times","Time","550.000 탎 (1.818 kHz)",
"31206","1.560 s","Timing","Times","Time","1.850 ms (540.541 Hz)",
"31243","1.562 s","Timing","Times","Time","550.000 탎 (1.818 kHz)",
"31254","1.563 s","Timing","Times","Time","1.850 ms (540.541 Hz)",
"31291","1.565 s","Timing","Times","Time","550.000 탎 (1.818 kHz)",
"31302","1.565 s","Timing","Times","Time","1.850 ms (540.541 Hz)",
"31339","1.567 s","Timing","Times","Time","550.000 탎 (1.818 kHz)",
"31350","1.567 s","Timing","Times","Time","1.850 ms (540.541 Hz)",
"31387","1.569 s","Timing","Times","Time","550.000 탎 (1.818 kHz)",
"31398","1.570 s","Timing","Times","Time","750.000 탎 (1.333 kHz)",
"31413","1.571 s","Timing","Times","Time","500.000 탎 (2.000 kHz)",
"31423","1.571 s","Timing","Times","Time","700.000 탎 (1.429 kHz)",
"31437","1.572 s","Timing","Times","Time","550.000 탎 (1.818 kHz)",
"31448","1.572 s","Timing","Times","Time","1.850 ms (540.541 Hz)",
"31485","1.574 s","Timing","Times","Time","550.000 탎 (1.818 kHz)",
"31496","1.575 s","Timing","Times","Time","1.850 ms (540.541 Hz)",
"31533","1.577 s","Timing","Times","Time","550.000 탎 (1.818 kHz)",
"31544","1.577 s","Timing","Times","Time","700.000 탎 (1.429 kHz)",
"31558","1.578 s","Timing","Times","Time","550.000 탎 (1.818 kHz)",
"31569","1.578 s","Timing","Times","Time","1.900 ms (526.316 Hz)",
"31607","1.580 s","Timing","Times","Time","500.000 탎 (2.000 kHz)",
"31617","1.581 s","Timing","Times","Time","700.000 탎 (1.429 kHz)",
"31631","1.582 s","Timing","Times","Time","550.000 탎 (1.818 kHz)",
"31642","1.582 s","Timing","Times","Time","1.900 ms (526.316 Hz)",
"31680","1.584 s","Timing","Times","Time","500.000 탎 (2.000 kHz)",
"31690","1.585 s","Timing","Times","Time","700.000 탎 (1.429 kHz)",
"31704","1.585 s","Timing","Times","Time","550.000 탎 (1.818 kHz)",
"31715","1.586 s","Timing","Times","Time","1.900 ms (526.316 Hz)",
"31753","1.588 s","Timing","Times","Time","500.000 탎 (2.000 kHz)",
"31763","1.588 s","Timing","Times","Time","700.000 탎 (1.429 kHz)",
"31777","1.589 s","Timing","Times","Time","550.000 탎 (1.818 kHz)",
"31788","1.589 s","Timing","Times","Time","700.000 탎 (1.429 kHz)",
"31802","1.590 s","Timing","Times","Time","550.000 탎 (1.818 kHz)",
"31813","1.591 s","Timing","Times","Time","700.000 탎 (1.429 kHz)",
"31827","1.591 s","Timing","Times","Time","550.000 탎 (1.818 kHz)",
"31838","1.592 s","Timing","Times","Time","700.000 탎 (1.429 kHz)",
"31852","1.593 s","Timing","Times","Time","550.000 탎 (1.818 kHz)",
"31863","1.593 s","Timing","Times","Time","1.850 ms (540.541 Hz)",
"31900","1.595 s","Timing","Times","Time","550.000 탎 (1.818 kHz)",
"31911","1.596 s","Timing","Times","Time","700.000 탎 (1.429 kHz)",
"31925","1.596 s","Timing","Times","Time","550.000 탎 (1.818 kHz)",
"31936","1.597 s","Timing","Times","Time","1.850 ms (540.541 Hz)",
"31973","1.599 s","Timing","Times","Time","550.000 탎 (1.818 kHz)",
"31984","1.599 s","Timing","Times","Time","700.000 탎 (1.429 kHz)",
"31998","1.600 s","Timing","Times","Time","550.000 탎 (1.818 kHz)",
"32009","1.600 s","Timing","Times","Time","1.850 ms (540.541 Hz)",
"32046","1.602 s","Timing","Times","Time","550.000 탎 (1.818 kHz)",
"32057","1.603 s","Timing","Times","Time","1.850 ms (540.541 Hz)",
"32094","1.605 s","Timing","Times","Time","550.000 탎 (1.818 kHz)",
"32105","1.605 s","Timing","Times","Time","1.900 ms (526.316 Hz)",
"32143","1.607 s","Timing","Times","Time","85.050 ms (11.758 Hz)",
"33844","1.692 s","Timing","Times","Time","1.400 ms (714.286 Hz)",
"33872","1.694 s","Timing","Times","Time","2.550 ms (392.157 Hz)",
"33923","1.696 s","Timing","Times","Time","700.000 탎 (1.429 kHz)",
"33937","1.697 s","Timing","Times","Time","500.000 탎 (2.000 kHz)",
"33947","1.697 s","Timing","Times","Time","750.000 탎 (1.333 kHz)",
"33962","1.698 s","Timing","Times","Time","500.000 탎 (2.000 kHz)",
"33972","1.699 s","Timing","Times","Time","750.000 탎 (1.333 kHz)",
"33987","1.699 s","Timing","Times","Time","500.000 탎 (2.000 kHz)",
"33997","1.700 s","Timing","Times","Time","1.900 ms (526.316 Hz)",
"34035","1.702 s","Timing","Times","Time","500.000 탎 (2.000 kHz)",
"34045","1.702 s","Timing","Times","Time","1.900 ms (526.316 Hz)",
"34083","1.704 s","Timing","Times","Time","500.000 탎 (2.000 kHz)",
"34093","1.705 s","Timing","Times","Time","750.000 탎 (1.333 kHz)",
"34108","1.705 s","Timing","Times","Time","500.000 탎 (2.000 kHz)",
"34118","1.706 s","Timing","Times","Time","750.000 탎 (1.333 kHz)",
"34133","1.707 s","Timing","Times","Time","500.000 탎 (2.000 kHz)",
"34143","1.707 s","Timing","Times","Time","1.900 ms (526.316 Hz)",
"34181","1.709 s","Timing","Times","Time","500.000 탎 (2.000 kHz)",
"34191","1.710 s","Timing","Times","Time","1.900 ms (526.316 Hz)",
"34229","1.711 s","Timing","Times","Time","550.000 탎 (1.818 kHz)",
"34240","1.712 s","Timing","Times","Time","1.850 ms (540.541 Hz)",
"34277","1.714 s","Timing","Times","Time","550.000 탎 (1.818 kHz)",
"34288","1.714 s","Timing","Times","Time","1.900 ms (526.316 Hz)",
"34326","1.716 s","Timing","Times","Time","500.000 탎 (2.000 kHz)",
"34336","1.717 s","Timing","Times","Time","750.000 탎 (1.333 kHz)",
"34351","1.718 s","Timing","Times","Time","500.000 탎 (2.000 kHz)",
"34361","1.718 s","Timing","Times","Time","750.000 탎 (1.333 kHz)",
"34376","1.719 s","Timing","Times","Time","500.000 탎 (2.000 kHz)",
"34386","1.719 s","Timing","Times","Time","1.900 ms (526.316 Hz)",
"34424","1.721 s","Timing","Times","Time","500.000 탎 (2.000 kHz)",
"34434","1.722 s","Timing","Times","Time","1.850 ms (540.541 Hz)",
"34471","1.724 s","Timing","Times","Time","550.000 탎 (1.818 kHz)",
"34482","1.724 s","Timing","Times","Time","700.000 탎 (1.429 kHz)",
"34496","1.725 s","Timing","Times","Time","550.000 탎 (1.818 kHz)",
"34507","1.725 s","Timing","Times","Time","1.850 ms (540.541 Hz)",
"34544","1.727 s","Timing","Times","Time","550.000 탎 (1.818 kHz)",
"34555","1.728 s","Timing","Times","Time","700.000 탎 (1.429 kHz)",
"34569","1.728 s","Timing","Times","Time","550.000 탎 (1.818 kHz)",
"34580","1.729 s","Timing","Times","Time","1.850 ms (540.541 Hz)",
"34617","1.731 s","Timing","Times","Time","550.000 탎 (1.818 kHz)",
"34628","1.731 s","Timing","Times","Time","700.000 탎 (1.429 kHz)",
"34642","1.732 s","Timing","Times","Time","550.000 탎 (1.818 kHz)",
"34653","1.733 s","Timing","Times","Time","1.850 ms (540.541 Hz)",
"34690","1.734 s","Timing","Times","Time","550.000 탎 (1.818 kHz)",
"34701","1.735 s","Timing","Times","Time","700.000 탎 (1.429 kHz)",
"34715","1.736 s","Timing","Times","Time","550.000 탎 (1.818 kHz)",
"34726","1.736 s","Timing","Times","Time","700.000 탎 (1.429 kHz)",
"34740","1.737 s","Timing","Times","Time","550.000 탎 (1.818 kHz)",
"34751","1.738 s","Timing","Times","Time","700.000 탎 (1.429 kHz)",
"34765","1.738 s","Timing","Times","Time","550.000 탎 (1.818 kHz)",
"34776","1.739 s","Timing","Times","Time","700.000 탎 (1.429 kHz)",
"34790","1.740 s","Timing","Times","Time","550.000 탎 (1.818 kHz)",
"34801","1.740 s","Timing","Times","Time","1.900 ms (526.316 Hz)",
"34839","1.742 s","Timing","Times","Time","500.000 탎 (2.000 kHz)",
"34849","1.742 s","Timing","Times","Time","750.000 탎 (1.333 kHz)",
"34864","1.743 s","Timing","Times","Time","500.000 탎 (2.000 kHz)",
"34874","1.744 s","Timing","Times","Time","1.850 ms (540.541 Hz)",
"34911","1.746 s","Timing","Times","Time","550.000 탎 (1.818 kHz)",
"34922","1.746 s","Timing","Times","Time","700.000 탎 (1.429 kHz)",
"34936","1.747 s","Timing","Times","Time","550.000 탎 (1.818 kHz)",
"34947","1.747 s","Timing","Times","Time","1.900 ms (526.316 Hz)",
"34985","1.749 s","Timing","Times","Time","500.000 탎 (2.000 kHz)",
"34995","1.750 s","Timing","Times","Time","1.900 ms (526.316 Hz)",
"35033","1.752 s","Timing","Times","Time","500.000 탎 (2.000 kHz)",
"35043","1.752 s","Timing","Times","Time","1.850 ms (540.541 Hz)",
"35080","1.754 s","Timing","Times","Time","84.550 ms (11.827 Hz)",
"36771","1.839 s","Timing","Times","Time","1.400 ms (714.286 Hz)",
"36799","1.840 s","Timing","Times","Time","2.550 ms (392.157 Hz)",
"36850","1.843 s","Timing","Times","Time","700.000 탎 (1.429 kHz)",
"36864","1.843 s","Timing","Times","Time","550.000 탎 (1.818 kHz)",
"36875","1.844 s","Timing","Times","Time","700.000 탎 (1.429 kHz)",
"36889","1.844 s","Timing","Times","Time","550.000 탎 (1.818 kHz)",
"36900","1.845 s","Timing","Times","Time","700.000 탎 (1.429 kHz)",
"36914","1.846 s","Timing","Times","Time","550.000 탎 (1.818 kHz)",
"36925","1.846 s","Timing","Times","Time","1.900 ms (526.316 Hz)",
"36963","1.848 s","Timing","Times","Time","500.000 탎 (2.000 kHz)",
"36973","1.849 s","Timing","Times","Time","1.850 ms (540.541 Hz)",
"37010","1.851 s","Timing","Times","Time","550.000 탎 (1.818 kHz)",
"37021","1.851 s","Timing","Times","Time","700.000 탎 (1.429 kHz)",
"37035","1.852 s","Timing","Times","Time","550.000 탎 (1.818 kHz)",
"37046","1.852 s","Timing","Times","Time","700.000 탎 (1.429 kHz)",
"37060","1.853 s","Timing","Times","Time","550.000 탎 (1.818 kHz)",
"37071","1.854 s","Timing","Times","Time","1.850 ms (540.541 Hz)",
"37108","1.855 s","Timing","Times","Time","550.000 탎 (1.818 kHz)",
"37119","1.856 s","Timing","Times","Time","1.900 ms (526.316 Hz)",
"37157","1.858 s","Timing","Times","Time","500.000 탎 (2.000 kHz)",
"37167","1.858 s","Timing","Times","Time","1.900 ms (526.316 Hz)",
"37205","1.860 s","Timing","Times","Time","500.000 탎 (2.000 kHz)",
"37215","1.861 s","Timing","Times","Time","1.900 ms (526.316 Hz)",
"37253","1.863 s","Timing","Times","Time","500.000 탎 (2.000 kHz)",
"37263","1.863 s","Timing","Times","Time","750.000 탎 (1.333 kHz)",
"37278","1.864 s","Timing","Times","Time","500.000 탎 (2.000 kHz)",
"37288","1.864 s","Timing","Times","Time","750.000 탎 (1.333 kHz)",
"37303","1.865 s","Timing","Times","Time","500.000 탎 (2.000 kHz)",
"37313","1.866 s","Timing","Times","Time","1.900 ms (526.316 Hz)",
"37351","1.868 s","Timing","Times","Time","500.000 탎 (2.000 kHz)",
"37361","1.868 s","Timing","Times","Time","1.900 ms (526.316 Hz)",
"37399","1.870 s","Timing","Times","Time","500.000 탎 (2.000 kHz)",
"37409","1.870 s","Timing","Times","Time","750.000 탎 (1.333 kHz)",
"37424","1.871 s","Timing","Times","Time","500.000 탎 (2.000 kHz)",
"37434","1.872 s","Timing","Times","Time","1.900 ms (526.316 Hz)",
"37472","1.874 s","Timing","Times","Time","500.000 탎 (2.000 kHz)",
"37482","1.874 s","Timing","Times","Time","750.000 탎 (1.333 kHz)",
"37497","1.875 s","Timing","Times","Time","500.000 탎 (2.000 kHz)",
"37507","1.875 s","Timing","Times","Time","1.900 ms (526.316 Hz)",
"37545","1.877 s","Timing","Times","Time","500.000 탎 (2.000 kHz)",
"37555","1.878 s","Timing","Times","Time","750.000 탎 (1.333 kHz)",
"37570","1.879 s","Timing","Times","Time","500.000 탎 (2.000 kHz)",
"37580","1.879 s","Timing","Times","Time","1.900 ms (526.316 Hz)",
"37618","1.881 s","Timing","Times","Time","500.000 탎 (2.000 kHz)",
"37628","1.881 s","Timing","Times","Time","750.000 탎 (1.333 kHz)",
"37643","1.882 s","Timing","Times","Time","500.000 탎 (2.000 kHz)",
"37653","1.883 s","Timing","Times","Time","750.000 탎 (1.333 kHz)",
"37668","1.883 s","Timing","Times","Time","500.000 탎 (2.000 kHz)",
"37678","1.884 s","Timing","Times","Time","750.000 탎 (1.333 kHz)",
"37693","1.885 s","Timing","Times","Time","500.000 탎 (2.000 kHz)",
"37703","1.885 s","Timing","Times","Time","750.000 탎 (1.333 kHz)",
"37718","1.886 s","Timing","Times","Time","500.000 탎 (2.000 kHz)",
"37728","1.886 s","Timing","Times","Time","1.900 ms (526.316 Hz)",
"37766","1.888 s","Timing","Times","Time","500.000 탎 (2.000 kHz)",
"37776","1.889 s","Timing","Times","Time","750.000 탎 (1.333 kHz)",
"37791","1.890 s","Timing","Times","Time","500.000 탎 (2.000 kHz)",
"37801","1.890 s","Timing","Times","Time","1.900 ms (526.316 Hz)",
"37839","1.892 s","Timing","Times","Time","500.000 탎 (2.000 kHz)",
"37849","1.892 s","Timing","Times","Time","750.000 탎 (1.333 kHz)",
"37864","1.893 s","Timing","Times","Time","500.000 탎 (2.000 kHz)",
"37874","1.894 s","Timing","Times","Time","1.900 ms (526.316 Hz)",
"37912","1.896 s","Timing","Times","Time","500.000 탎 (2.000 kHz)",
"37922","1.896 s","Timing","Times","Time","1.900 ms (526.316 Hz)",
"37960","1.898 s","Timing","Times","Time","500.000 탎 (2.000 kHz)",
"37970","1.899 s","Timing","Times","Time","1.900 ms (526.316 Hz)",
"38008","1.900 s","Timing","Times","Time","84.900 ms (11.779 Hz)",
"39706","1.985 s","Timing","Times","Time","1.400 ms (714.286 Hz)",
"39734","1.987 s","Timing","Times","Time","2.550 ms (392.157 Hz)",
"39785","1.989 s","Timing","Times","Time","700.000 탎 (1.429 kHz)",
"39799","1.990 s","Timing","Times","Time","550.000 탎 (1.818 kHz)",
"39810","1.990 s","Timing","Times","Time","700.000 탎 (1.429 kHz)",
"39824","1.991 s","Timing","Times","Time","500.000 탎 (2.000 kHz)",
"39834","1.992 s","Timing","Times","Time","750.000 탎 (1.333 kHz)",
"39849","1.992 s","Timing","Times","Time","500.000 탎 (2.000 kHz)",
"39859","1.993 s","Timing","Times","Time","1.900 ms (526.316 Hz)",
"39897","1.995 s","Timing","Times","Time","550.000 탎 (1.818 kHz)",
"39908","1.995 s","Timing","Times","Time","1.850 ms (540.541 Hz)",
"39945","1.997 s","Timing","Times","Time","550.000 탎 (1.818 kHz)",
"39956","1.998 s","Timing","Times","Time","700.000 탎 (1.429 kHz)",
"39970","1.998 s","Timing","Times","Time","550.000 탎 (1.818 kHz)",
"39981","1.999 s","Timing","Times","Time","700.000 탎 (1.429 kHz)",
"39995","2.000 s","Timing","Times","Time","500.000 탎 (2.000 kHz)",
"40005","2.000 s","Timing","Times","Time","1.900 ms (526.316 Hz)",
"40043","2.002 s","Timing","Times","Time","550.000 탎 (1.818 kHz)",
"40054","2.003 s","Timing","Times","Time","1.850 ms (540.541 Hz)",
"40091","2.005 s","Timing","Times","Time","550.000 탎 (1.818 kHz)",
"40102","2.005 s","Timing","Times","Time","1.850 ms (540.541 Hz)",
"40139","2.007 s","Timing","Times","Time","550.000 탎 (1.818 kHz)",
"40150","2.007 s","Timing","Times","Time","1.850 ms (540.541 Hz)",
"40187","2.009 s","Timing","Times","Time","550.000 탎 (1.818 kHz)",
"40198","2.010 s","Timing","Times","Time","750.000 탎 (1.333 kHz)",
"40213","2.011 s","Timing","Times","Time","500.000 탎 (2.000 kHz)",
"40223","2.011 s","Timing","Times","Time","700.000 탎 (1.429 kHz)",
"40237","2.012 s","Timing","Times","Time","550.000 탎 (1.818 kHz)",
"40248","2.012 s","Timing","Times","Time","1.900 ms (526.316 Hz)",
"40286","2.014 s","Timing","Times","Time","500.000 탎 (2.000 kHz)",
"40296","2.015 s","Timing","Times","Time","1.900 ms (526.316 Hz)",
"40334","2.017 s","Timing","Times","Time","500.000 탎 (2.000 kHz)",
"40344","2.017 s","Timing","Times","Time","700.000 탎 (1.429 kHz)",
"40358","2.018 s","Timing","Times","Time","550.000 탎 (1.818 kHz)",
"40369","2.018 s","Timing","Times","Time","1.900 ms (526.316 Hz)",
"40407","2.020 s","Timing","Times","Time","500.000 탎 (2.000 kHz)",
"40417","2.021 s","Timing","Times","Time","750.000 탎 (1.333 kHz)",
"40432","2.022 s","Timing","Times","Time","500.000 탎 (2.000 kHz)",
"40442","2.022 s","Timing","Times","Time","1.900 ms (526.316 Hz)",
"40480","2.024 s","Timing","Times","Time","500.000 탎 (2.000 kHz)",
"40490","2.025 s","Timing","Times","Time","750.000 탎 (1.333 kHz)",
"40505","2.025 s","Timing","Times","Time","500.000 탎 (2.000 kHz)",
"40515","2.026 s","Timing","Times","Time","1.900 ms (526.316 Hz)",
"40553","2.028 s","Timing","Times","Time","500.000 탎 (2.000 kHz)",
"40563","2.028 s","Timing","Times","Time","750.000 탎 (1.333 kHz)",
"40578","2.029 s","Timing","Times","Time","500.000 탎 (2.000 kHz)",
"40588","2.029 s","Timing","Times","Time","750.000 탎 (1.333 kHz)",
"40603","2.030 s","Timing","Times","Time","500.000 탎 (2.000 kHz)",
"40613","2.031 s","Timing","Times","Time","750.000 탎 (1.333 kHz)",
"40628","2.031 s","Timing","Times","Time","500.000 탎 (2.000 kHz)",
"40638","2.032 s","Timing","Times","Time","750.000 탎 (1.333 kHz)",
"40653","2.033 s","Timing","Times","Time","500.000 탎 (2.000 kHz)",
"40663","2.033 s","Timing","Times","Time","1.900 ms (526.316 Hz)",
"40701","2.035 s","Timing","Times","Time","500.000 탎 (2.000 kHz)",
"40711","2.036 s","Timing","Times","Time","750.000 탎 (1.333 kHz)",
"40726","2.036 s","Timing","Times","Time","500.000 탎 (2.000 kHz)",
"40736","2.037 s","Timing","Times","Time","1.900 ms (526.316 Hz)",
"40774","2.039 s","Timing","Times","Time","500.000 탎 (2.000 kHz)",
"40784","2.039 s","Timing","Times","Time","750.000 탎 (1.333 kHz)",
"40799","2.040 s","Timing","Times","Time","500.000 탎 (2.000 kHz)",
"40809","2.040 s","Timing","Times","Time","1.900 ms (526.316 Hz)",
"40847","2.042 s","Timing","Times","Time","500.000 탎 (2.000 kHz)",
"40857","2.043 s","Timing","Times","Time","1.900 ms (526.316 Hz)",
"40895","2.045 s","Timing","Times","Time","500.000 탎 (2.000 kHz)",
"40905","2.045 s","Timing","Times","Time","1.850 ms (540.541 Hz)",
"40942","2.047 s","Timing","Times","Time","84.250 ms (11.869 Hz)",
"42627","2.131 s","Timing","Times","Time","1.400 ms (714.286 Hz)",
"42655","2.133 s","Timing","Times","Time","2.500 ms (400.000 Hz)",
"42705","2.135 s","Timing","Times","Time","750.000 탎 (1.333 kHz)",
"42720","2.136 s","Timing","Times","Time","500.000 탎 (2.000 kHz)",
"42730","2.136 s","Timing","Times","Time","750.000 탎 (1.333 kHz)",
"42745","2.137 s","Timing","Times","Time","500.000 탎 (2.000 kHz)",
"42755","2.138 s","Timing","Times","Time","750.000 탎 (1.333 kHz)",
"42770","2.139 s","Timing","Times","Time","500.000 탎 (2.000 kHz)",
"42780","2.139 s","Timing","Times","Time","1.900 ms (526.316 Hz)",
"42818","2.141 s","Timing","Times","Time","500.000 탎 (2.000 kHz)",
"42828","2.141 s","Timing","Times","Time","1.900 ms (526.316 Hz)",
"42866","2.143 s","Timing","Times","Time","500.000 탎 (2.000 kHz)",
"42876","2.144 s","Timing","Times","Time","750.000 탎 (1.333 kHz)",
"42891","2.145 s","Timing","Times","Time","500.000 탎 (2.000 kHz)",
"42901","2.145 s","Timing","Times","Time","750.000 탎 (1.333 kHz)",
"42916","2.146 s","Timing","Times","Time","500.000 탎 (2.000 kHz)",
"42926","2.146 s","Timing","Times","Time","1.900 ms (526.316 Hz)",
"42964","2.148 s","Timing","Times","Time","500.000 탎 (2.000 kHz)",
"42974","2.149 s","Timing","Times","Time","1.900 ms (526.316 Hz)",
"43012","2.151 s","Timing","Times","Time","500.000 탎 (2.000 kHz)",
"43022","2.151 s","Timing","Times","Time","1.900 ms (526.316 Hz)",
"43060","2.153 s","Timing","Times","Time","500.000 탎 (2.000 kHz)",
"43070","2.154 s","Timing","Times","Time","1.950 ms (512.821 Hz)",
"43109","2.155 s","Timing","Times","Time","500.000 탎 (2.000 kHz)",
"43119","2.156 s","Timing","Times","Time","750.000 탎 (1.333 kHz)",
"43134","2.157 s","Timing","Times","Time","450.000 탎 (2.222 kHz)",
"43143","2.157 s","Timing","Times","Time","750.000 탎 (1.333 kHz)",
"43158","2.158 s","Timing","Times","Time","500.000 탎 (2.000 kHz)",
"43168","2.158 s","Timing","Times","Time","1.950 ms (512.821 Hz)",
"43207","2.160 s","Timing","Times","Time","500.000 탎 (2.000 kHz)",
"43217","2.161 s","Timing","Times","Time","1.900 ms (526.316 Hz)",
"43255","2.163 s","Timing","Times","Time","500.000 탎 (2.000 kHz)",
"43265","2.163 s","Timing","Times","Time","700.000 탎 (1.429 kHz)",
"43279","2.164 s","Timing","Times","Time","550.000 탎 (1.818 kHz)",
"43290","2.164 s","Timing","Times","Time","1.850 ms (540.541 Hz)",
"43327","2.166 s","Timing","Times","Time","550.000 탎 (1.818 kHz)",
"43338","2.167 s","Timing","Times","Time","700.000 탎 (1.429 kHz)",
"43352","2.168 s","Timing","Times","Time","550.000 탎 (1.818 kHz)",
"43363","2.168 s","Timing","Times","Time","1.850 ms (540.541 Hz)",
"43400","2.170 s","Timing","Times","Time","550.000 탎 (1.818 kHz)",
"43411","2.171 s","Timing","Times","Time","700.000 탎 (1.429 kHz)",
"43425","2.171 s","Timing","Times","Time","550.000 탎 (1.818 kHz)",
"43436","2.172 s","Timing","Times","Time","1.850 ms (540.541 Hz)",
"43473","2.174 s","Timing","Times","Time","550.000 탎 (1.818 kHz)",
"43484","2.174 s","Timing","Times","Time","700.000 탎 (1.429 kHz)",
"43498","2.175 s","Timing","Times","Time","550.000 탎 (1.818 kHz)",
"43509","2.175 s","Timing","Times","Time","700.000 탎 (1.429 kHz)",
"43523","2.176 s","Timing","Times","Time","550.000 탎 (1.818 kHz)",
"43534","2.177 s","Timing","Times","Time","700.000 탎 (1.429 kHz)",
"43548","2.177 s","Timing","Times","Time","500.000 탎 (2.000 kHz)",
"43558","2.178 s","Timing","Times","Time","750.000 탎 (1.333 kHz)",
"43573","2.179 s","Timing","Times","Time","500.000 탎 (2.000 kHz)",
"43583","2.179 s","Timing","Times","Time","1.900 ms (526.316 Hz)",
"43621","2.181 s","Timing","Times","Time","500.000 탎 (2.000 kHz)",
"43631","2.182 s","Timing","Times","Time","750.000 탎 (1.333 kHz)",
"43646","2.182 s","Timing","Times","Time","500.000 탎 (2.000 kHz)",
"43656","2.183 s","Timing","Times","Time","1.900 ms (526.316 Hz)",
"43694","2.185 s","Timing","Times","Time","500.000 탎 (2.000 kHz)",
"43704","2.185 s","Timing","Times","Time","750.000 탎 (1.333 kHz)",
"43719","2.186 s","Timing","Times","Time","500.000 탎 (2.000 kHz)",
"43729","2.186 s","Timing","Times","Time","1.900 ms (526.316 Hz)",
"43767","2.188 s","Timing","Times","Time","550.000 탎 (1.818 kHz)",
"43778","2.189 s","Timing","Times","Time","1.850 ms (540.541 Hz)",
"43815","2.191 s","Timing","Times","Time","550.000 탎 (1.818 kHz)",
"43826","2.191 s","Timing","Times","Time","1.850 ms (540.541 Hz)",
"43863","2.193 s","Timing","Times","Time","84.200 ms (11.876 Hz)",
"45547","2.277 s","Timing","Times","Time","1.400 ms (714.286 Hz)",
"45575","2.279 s","Timing","Times","Time","2.500 ms (400.000 Hz)",
"45625","2.281 s","Timing","Times","Time","750.000 탎 (1.333 kHz)",
"45640","2.282 s","Timing","Times","Time","500.000 탎 (2.000 kHz)",
"45650","2.283 s","Timing","Times","Time","750.000 탎 (1.333 kHz)",
"45665","2.283 s","Timing","Times","Time","500.000 탎 (2.000 kHz)",
"45675","2.284 s","Timing","Times","Time","750.000 탎 (1.333 kHz)",
"45690","2.284 s","Timing","Times","Time","500.000 탎 (2.000 kHz)",
"45700","2.285 s","Timing","Times","Time","1.900 ms (526.316 Hz)",
"45738","2.287 s","Timing","Times","Time","500.000 탎 (2.000 kHz)",
"45748","2.287 s","Timing","Times","Time","1.900 ms (526.316 Hz)",
"45786","2.289 s","Timing","Times","Time","500.000 탎 (2.000 kHz)",
"45796","2.290 s","Timing","Times","Time","750.000 탎 (1.333 kHz)",
"45811","2.291 s","Timing","Times","Time","500.000 탎 (2.000 kHz)",
"45821","2.291 s","Timing","Times","Time","750.000 탎 (1.333 kHz)",
"45836","2.292 s","Timing","Times","Time","500.000 탎 (2.000 kHz)",
"45846","2.292 s","Timing","Times","Time","1.900 ms (526.316 Hz)",
"45884","2.294 s","Timing","Times","Time","500.000 탎 (2.000 kHz)",
"45894","2.295 s","Timing","Times","Time","1.900 ms (526.316 Hz)",
"45932","2.297 s","Timing","Times","Time","500.000 탎 (2.000 kHz)",
"45942","2.297 s","Timing","Times","Time","1.900 ms (526.316 Hz)",
"45980","2.299 s","Timing","Times","Time","500.000 탎 (2.000 kHz)",
"45990","2.300 s","Timing","Times","Time","1.900 ms (526.316 Hz)",
"46028","2.301 s","Timing","Times","Time","500.000 탎 (2.000 kHz)",
"46038","2.302 s","Timing","Times","Time","750.000 탎 (1.333 kHz)",
"46053","2.303 s","Timing","Times","Time","500.000 탎 (2.000 kHz)",
"46063","2.303 s","Timing","Times","Time","750.000 탎 (1.333 kHz)",
"46078","2.304 s","Timing","Times","Time","500.000 탎 (2.000 kHz)",
"46088","2.304 s","Timing","Times","Time","1.900 ms (526.316 Hz)",
"46126","2.306 s","Timing","Times","Time","500.000 탎 (2.000 kHz)",
"46136","2.307 s","Timing","Times","Time","1.900 ms (526.316 Hz)",
"46174","2.309 s","Timing","Times","Time","550.000 탎 (1.818 kHz)",
"46185","2.309 s","Timing","Times","Time","700.000 탎 (1.429 kHz)",
"46199","2.310 s","Timing","Times","Time","500.000 탎 (2.000 kHz)",
"46209","2.310 s","Timing","Times","Time","1.900 ms (526.316 Hz)",
"46247","2.312 s","Timing","Times","Time","550.000 탎 (1.818 kHz)",
"46258","2.313 s","Timing","Times","Time","700.000 탎 (1.429 kHz)",
"46272","2.314 s","Timing","Times","Time","500.000 탎 (2.000 kHz)",
"46282","2.314 s","Timing","Times","Time","1.900 ms (526.316 Hz)",
"46320","2.316 s","Timing","Times","Time","550.000 탎 (1.818 kHz)",
"46331","2.317 s","Timing","Times","Time","700.000 탎 (1.429 kHz)",
"46345","2.317 s","Timing","Times","Time","500.000 탎 (2.000 kHz)",
"46355","2.318 s","Timing","Times","Time","1.900 ms (526.316 Hz)",
"46393","2.320 s","Timing","Times","Time","550.000 탎 (1.818 kHz)",
"46404","2.320 s","Timing","Times","Time","700.000 탎 (1.429 kHz)",
"46418","2.321 s","Timing","Times","Time","550.000 탎 (1.818 kHz)",
"46429","2.321 s","Timing","Times","Time","700.000 탎 (1.429 kHz)",
"46443","2.322 s","Timing","Times","Time","500.000 탎 (2.000 kHz)",
"46453","2.323 s","Timing","Times","Time","750.000 탎 (1.333 kHz)",
"46468","2.323 s","Timing","Times","Time","500.000 탎 (2.000 kHz)",
"46478","2.324 s","Timing","Times","Time","750.000 탎 (1.333 kHz)",
"46493","2.325 s","Timing","Times","Time","500.000 탎 (2.000 kHz)",
"46503","2.325 s","Timing","Times","Time","1.900 ms (526.316 Hz)",
"46541","2.327 s","Timing","Times","Time","500.000 탎 (2.000 kHz)",
"46551","2.328 s","Timing","Times","Time","750.000 탎 (1.333 kHz)",
"46566","2.328 s","Timing","Times","Time","500.000 탎 (2.000 kHz)",
"46576","2.329 s","Timing","Times","Time","1.900 ms (526.316 Hz)",
"46614","2.331 s","Timing","Times","Time","550.000 탎 (1.818 kHz)",
"46625","2.331 s","Timing","Times","Time","700.000 탎 (1.429 kHz)",
"46639","2.332 s","Timing","Times","Time","550.000 탎 (1.818 kHz)",
"46650","2.333 s","Timing","Times","Time","1.850 ms (540.541 Hz)",
"46687","2.334 s","Timing","Times","Time","550.000 탎 (1.818 kHz)",
"46698","2.335 s","Timing","Times","Time","1.850 ms (540.541 Hz)",
"46735","2.337 s","Timing","Times","Time","550.000 탎 (1.818 kHz)",
"46746","2.337 s","Timing","Times","Time","1.850 ms (540.541 Hz)",
"46783","2.339 s","Timing","Times","Time","85.150 ms (11.744 Hz)",
"48486","2.424 s","Timing","Times","Time","1.400 ms (714.286 Hz)",
"48514","2.426 s","Timing","Times","Time","2.550 ms (392.157 Hz)",
"48565","2.428 s","Timing","Times","Time","700.000 탎 (1.429 kHz)",
"48579","2.429 s","Timing","Times","Time","550.000 탎 (1.818 kHz)",
"48590","2.429 s","Timing","Times","Time","700.000 탎 (1.429 kHz)",
"48604","2.430 s","Timing","Times","Time","550.000 탎 (1.818 kHz)",
"48615","2.431 s","Timing","Times","Time","700.000 탎 (1.429 kHz)",
"48629","2.431 s","Timing","Times","Time","550.000 탎 (1.818 kHz)",
"48640","2.432 s","Timing","Times","Time","1.850 ms (540.541 Hz)",
"48677","2.434 s","Timing","Times","Time","550.000 탎 (1.818 kHz)",
"48688","2.434 s","Timing","Times","Time","1.850 ms (540.541 Hz)",
"48725","2.436 s","Timing","Times","Time","550.000 탎 (1.818 kHz)",
"48736","2.437 s","Timing","Times","Time","700.000 탎 (1.429 kHz)",
"48750","2.438 s","Timing","Times","Time","550.000 탎 (1.818 kHz)",
"48761","2.438 s","Timing","Times","Time","700.000 탎 (1.429 kHz)",
"48775","2.439 s","Timing","Times","Time","550.000 탎 (1.818 kHz)",
"48786","2.439 s","Timing","Times","Time","1.850 ms (540.541 Hz)",
"48823","2.441 s","Timing","Times","Time","550.000 탎 (1.818 kHz)",
"48834","2.442 s","Timing","Times","Time","1.850 ms (540.541 Hz)",
"48871","2.444 s","Timing","Times","Time","550.000 탎 (1.818 kHz)",
"48882","2.444 s","Timing","Times","Time","1.850 ms (540.541 Hz)",
"48919","2.446 s","Timing","Times","Time","550.000 탎 (1.818 kHz)",
"48930","2.446 s","Timing","Times","Time","1.850 ms (540.541 Hz)",
"48967","2.448 s","Timing","Times","Time","550.000 탎 (1.818 kHz)",
"48978","2.449 s","Timing","Times","Time","700.000 탎 (1.429 kHz)",
"48992","2.450 s","Timing","Times","Time","550.000 탎 (1.818 kHz)",
"49003","2.450 s","Timing","Times","Time","700.000 탎 (1.429 kHz)",
"49017","2.451 s","Timing","Times","Time","550.000 탎 (1.818 kHz)",
"49028","2.451 s","Timing","Times","Time","1.850 ms (540.541 Hz)",
"49065","2.453 s","Timing","Times","Time","550.000 탎 (1.818 kHz)",
"49076","2.454 s","Timing","Times","Time","1.850 ms (540.541 Hz)",
"49113","2.456 s","Timing","Times","Time","600.000 탎 (1.667 kHz)",
"49125","2.456 s","Timing","Times","Time","650.000 탎 (1.538 kHz)",
"49138","2.457 s","Timing","Times","Time","550.000 탎 (1.818 kHz)",
"49149","2.457 s","Timing","Times","Time","1.850 ms (540.541 Hz)",
"49186","2.459 s","Timing","Times","Time","600.000 탎 (1.667 kHz)",
"49198","2.460 s","Timing","Times","Time","650.000 탎 (1.538 kHz)",
"49211","2.461 s","Timing","Times","Time","600.000 탎 (1.667 kHz)",
"49223","2.461 s","Timing","Times","Time","1.850 ms (540.541 Hz)",
"49260","2.463 s","Timing","Times","Time","550.000 탎 (1.818 kHz)",
"49271","2.464 s","Timing","Times","Time","650.000 탎 (1.538 kHz)",
"49284","2.464 s","Timing","Times","Time","600.000 탎 (1.667 kHz)",
"49296","2.465 s","Timing","Times","Time","1.850 ms (540.541 Hz)",
"49333","2.467 s","Timing","Times","Time","550.000 탎 (1.818 kHz)",
"49344","2.467 s","Timing","Times","Time","650.000 탎 (1.538 kHz)",
"49357","2.468 s","Timing","Times","Time","600.000 탎 (1.667 kHz)",
"49369","2.468 s","Timing","Times","Time","650.000 탎 (1.538 kHz)",
"49382","2.469 s","Timing","Times","Time","550.000 탎 (1.818 kHz)",
"49393","2.470 s","Timing","Times","Time","700.000 탎 (1.429 kHz)",
"49407","2.470 s","Timing","Times","Time","550.000 탎 (1.818 kHz)",
"49418","2.471 s","Timing","Times","Time","700.000 탎 (1.429 kHz)",
"49432","2.472 s","Timing","Times","Time","550.000 탎 (1.818 kHz)",
"49443","2.472 s","Timing","Times","Time","1.850 ms (540.541 Hz)",
"49480","2.474 s","Timing","Times","Time","550.000 탎 (1.818 kHz)",
"49491","2.475 s","Timing","Times","Time","700.000 탎 (1.429 kHz)",
"49505","2.475 s","Timing","Times","Time","550.000 탎 (1.818 kHz)",
"49516","2.476 s","Timing","Times","Time","1.850 ms (540.541 Hz)",
"49553","2.478 s","Timing","Times","Time","550.000 탎 (1.818 kHz)",
"49564","2.478 s","Timing","Times","Time","700.000 탎 (1.429 kHz)",
"49578","2.479 s","Timing","Times","Time","550.000 탎 (1.818 kHz)",
"49589","2.479 s","Timing","Times","Time","1.850 ms (540.541 Hz)",
"49626","2.481 s","Timing","Times","Time","550.000 탎 (1.818 kHz)",
"49637","2.482 s","Timing","Times","Time","1.850 ms (540.541 Hz)",
"49674","2.484 s","Timing","Times","Time","600.000 탎 (1.667 kHz)",
"49686","2.484 s","Timing","Times","Time","1.850 ms (540.541 Hz)",
"49723","2.486 s","Timing","Times","Time","84.200 ms (11.876 Hz)",
"51407","2.570 s","Timing","Times","Time","1.350 ms (740.741 Hz)",
"51434","2.572 s","Timing","Times","Time","2.600 ms (384.615 Hz)",
"51486","2.574 s","Timing","Times","Time","650.000 탎 (1.538 kHz)",
"51499","2.575 s","Timing","Times","Time","600.000 탎 (1.667 kHz)",
"51511","2.576 s","Timing","Times","Time","650.000 탎 (1.538 kHz)",
"51524","2.576 s","Timing","Times","Time","550.000 탎 (1.818 kHz)",
"51535","2.577 s","Timing","Times","Time","700.000 탎 (1.429 kHz)",
"51549","2.577 s","Timing","Times","Time","550.000 탎 (1.818 kHz)",
"51560","2.578 s","Timing","Times","Time","1.850 ms (540.541 Hz)",
"51597","2.580 s","Timing","Times","Time","550.000 탎 (1.818 kHz)",
"51608","2.580 s","Timing","Times","Time","1.850 ms (540.541 Hz)",
"51645","2.582 s","Timing","Times","Time","600.000 탎 (1.667 kHz)",
"51657","2.583 s","Timing","Times","Time","650.000 탎 (1.538 kHz)",
"51670","2.583 s","Timing","Times","Time","550.000 탎 (1.818 kHz)",
"51681","2.584 s","Timing","Times","Time","700.000 탎 (1.429 kHz)",
"51695","2.585 s","Timing","Times","Time","550.000 탎 (1.818 kHz)",
"51706","2.585 s","Timing","Times","Time","1.850 ms (540.541 Hz)",
"51743","2.587 s","Timing","Times","Time","600.000 탎 (1.667 kHz)",
"51755","2.588 s","Timing","Times","Time","1.800 ms (555.556 Hz)",
"51791","2.590 s","Timing","Times","Time","600.000 탎 (1.667 kHz)",
"51803","2.590 s","Timing","Times","Time","1.850 ms (540.541 Hz)",
"51840","2.592 s","Timing","Times","Time","550.000 탎 (1.818 kHz)",
"51851","2.593 s","Timing","Times","Time","1.850 ms (540.541 Hz)",
"51888","2.594 s","Timing","Times","Time","550.000 탎 (1.818 kHz)",
"51899","2.595 s","Timing","Times","Time","700.000 탎 (1.429 kHz)",
"51913","2.596 s","Timing","Times","Time","550.000 탎 (1.818 kHz)",
"51924","2.596 s","Timing","Times","Time","700.000 탎 (1.429 kHz)",
"51938","2.597 s","Timing","Times","Time","550.000 탎 (1.818 kHz)",
"51949","2.597 s","Timing","Times","Time","1.850 ms (540.541 Hz)",
"51986","2.599 s","Timing","Times","Time","550.000 탎 (1.818 kHz)",
"51997","2.600 s","Timing","Times","Time","1.850 ms (540.541 Hz)",
"52034","2.602 s","Timing","Times","Time","550.000 탎 (1.818 kHz)",
"52045","2.602 s","Timing","Times","Time","700.000 탎 (1.429 kHz)",
"52059","2.603 s","Timing","Times","Time","550.000 탎 (1.818 kHz)",
"52070","2.603 s","Timing","Times","Time","1.850 ms (540.541 Hz)",
"52107","2.605 s","Timing","Times","Time","550.000 탎 (1.818 kHz)",
"52118","2.606 s","Timing","Times","Time","700.000 탎 (1.429 kHz)",
"52132","2.607 s","Timing","Times","Time","550.000 탎 (1.818 kHz)",
"52143","2.607 s","Timing","Times","Time","1.850 ms (540.541 Hz)",
"52180","2.609 s","Timing","Times","Time","550.000 탎 (1.818 kHz)",
"52191","2.610 s","Timing","Times","Time","700.000 탎 (1.429 kHz)",
"52205","2.610 s","Timing","Times","Time","550.000 탎 (1.818 kHz)",
"52216","2.611 s","Timing","Times","Time","1.850 ms (540.541 Hz)",
"52253","2.613 s","Timing","Times","Time","550.000 탎 (1.818 kHz)",
"52264","2.613 s","Timing","Times","Time","700.000 탎 (1.429 kHz)",
"52278","2.614 s","Timing","Times","Time","550.000 탎 (1.818 kHz)",
"52289","2.614 s","Timing","Times","Time","700.000 탎 (1.429 kHz)",
"52303","2.615 s","Timing","Times","Time","550.000 탎 (1.818 kHz)",
"52314","2.616 s","Timing","Times","Time","700.000 탎 (1.429 kHz)",
"52328","2.616 s","Timing","Times","Time","550.000 탎 (1.818 kHz)",
"52339","2.617 s","Timing","Times","Time","650.000 탎 (1.538 kHz)",
"52352","2.618 s","Timing","Times","Time","600.000 탎 (1.667 kHz)",
"52364","2.618 s","Timing","Times","Time","1.850 ms (540.541 Hz)",
"52401","2.620 s","Timing","Times","Time","550.000 탎 (1.818 kHz)",
"52412","2.621 s","Timing","Times","Time","650.000 탎 (1.538 kHz)",
"52425","2.621 s","Timing","Times","Time","600.000 탎 (1.667 kHz)",
"52437","2.622 s","Timing","Times","Time","1.850 ms (540.541 Hz)",
"52474","2.624 s","Timing","Times","Time","550.000 탎 (1.818 kHz)",
"52485","2.624 s","Timing","Times","Time","650.000 탎 (1.538 kHz)",
"52498","2.625 s","Timing","Times","Time","600.000 탎 (1.667 kHz)",
"52510","2.626 s","Timing","Times","Time","1.850 ms (540.541 Hz)",
"52547","2.627 s","Timing","Times","Time","550.000 탎 (1.818 kHz)",
"52558","2.628 s","Timing","Times","Time","1.850 ms (540.541 Hz)",
"52595","2.630 s","Timing","Times","Time","550.000 탎 (1.818 kHz)",
"52606","2.630 s","Timing","Times","Time","1.850 ms (540.541 Hz)",
"52643","2.632 s","Timing","Times","Time","84.200 ms (11.876 Hz)",
"54327","2.716 s","Timing","Times","Time","1.350 ms (740.741 Hz)",
"54354","2.718 s","Timing","Times","Time","2.550 ms (392.157 Hz)",
"54405","2.720 s","Timing","Times","Time","700.000 탎 (1.429 kHz)",
"54419","2.721 s","Timing","Times","Time","550.000 탎 (1.818 kHz)",
"54430","2.721 s","Timing","Times","Time","700.000 탎 (1.429 kHz)",
"54444","2.722 s","Timing","Times","Time","550.000 탎 (1.818 kHz)",
"54455","2.723 s","Timing","Times","Time","700.000 탎 (1.429 kHz)",
"54469","2.723 s","Timing","Times","Time","550.000 탎 (1.818 kHz)",
"54480","2.724 s","Timing","Times","Time","1.850 ms (540.541 Hz)",
"54517","2.726 s","Timing","Times","Time","550.000 탎 (1.818 kHz)",
"54528","2.726 s","Timing","Times","Time","1.850 ms (540.541 Hz)",
"54565","2.728 s","Timing","Times","Time","550.000 탎 (1.818 kHz)",
"54576","2.729 s","Timing","Times","Time","700.000 탎 (1.429 kHz)",
"54590","2.729 s","Timing","Times","Time","550.000 탎 (1.818 kHz)",
"54601","2.730 s","Timing","Times","Time","700.000 탎 (1.429 kHz)",
"54615","2.731 s","Timing","Times","Time","550.000 탎 (1.818 kHz)",
"54626","2.731 s","Timing","Times","Time","1.850 ms (540.541 Hz)",
"54663","2.733 s","Timing","Times","Time","550.000 탎 (1.818 kHz)",
"54674","2.734 s","Timing","Times","Time","1.850 ms (540.541 Hz)",
"54711","2.736 s","Timing","Times","Time","550.000 탎 (1.818 kHz)",
"54722","2.736 s","Timing","Times","Time","1.850 ms (540.541 Hz)",
"54759","2.738 s","Timing","Times","Time","550.000 탎 (1.818 kHz)",
"54770","2.739 s","Timing","Times","Time","1.850 ms (540.541 Hz)",
"54807","2.740 s","Timing","Times","Time","550.000 탎 (1.818 kHz)",
"54818","2.741 s","Timing","Times","Time","700.000 탎 (1.429 kHz)",
"54832","2.742 s","Timing","Times","Time","550.000 탎 (1.818 kHz)",
"54843","2.742 s","Timing","Times","Time","700.000 탎 (1.429 kHz)",
"54857","2.743 s","Timing","Times","Time","550.000 탎 (1.818 kHz)",
"54868","2.743 s","Timing","Times","Time","1.850 ms (540.541 Hz)",
"54905","2.745 s","Timing","Times","Time","550.000 탎 (1.818 kHz)",
"54916","2.746 s","Timing","Times","Time","1.850 ms (540.541 Hz)",
"54953","2.748 s","Timing","Times","Time","550.000 탎 (1.818 kHz)",
"54964","2.748 s","Timing","Times","Time","700.000 탎 (1.429 kHz)",
"54978","2.749 s","Timing","Times","Time","550.000 탎 (1.818 kHz)",
"54989","2.749 s","Timing","Times","Time","1.850 ms (540.541 Hz)",
"55026","2.751 s","Timing","Times","Time","550.000 탎 (1.818 kHz)",
"55037","2.752 s","Timing","Times","Time","700.000 탎 (1.429 kHz)",
"55051","2.753 s","Timing","Times","Time","550.000 탎 (1.818 kHz)",
"55062","2.753 s","Timing","Times","Time","1.850 ms (540.541 Hz)",
"55099","2.755 s","Timing","Times","Time","600.000 탎 (1.667 kHz)",
"55111","2.756 s","Timing","Times","Time","650.000 탎 (1.538 kHz)",
"55124","2.756 s","Timing","Times","Time","550.000 탎 (1.818 kHz)",
"55135","2.757 s","Timing","Times","Time","1.850 ms (540.541 Hz)",
"55172","2.759 s","Timing","Times","Time","600.000 탎 (1.667 kHz)",
"55184","2.759 s","Timing","Times","Time","650.000 탎 (1.538 kHz)",
"55197","2.760 s","Timing","Times","Time","550.000 탎 (1.818 kHz)",
"55208","2.760 s","Timing","Times","Time","700.000 탎 (1.429 kHz)",
"55222","2.761 s","Timing","Times","Time","550.000 탎 (1.818 kHz)",
"55233","2.762 s","Timing","Times","Time","700.000 탎 (1.429 kHz)",
"55247","2.762 s","Timing","Times","Time","550.000 탎 (1.818 kHz)",
"55258","2.763 s","Timing","Times","Time","700.000 탎 (1.429 kHz)",
"55272","2.764 s","Timing","Times","Time","550.000 탎 (1.818 kHz)",
"55283","2.764 s","Timing","Times","Time","1.850 ms (540.541 Hz)",
"55320","2.766 s","Timing","Times","Time","550.000 탎 (1.818 kHz)",
"55331","2.767 s","Timing","Times","Time","700.000 탎 (1.429 kHz)",
"55345","2.767 s","Timing","Times","Time","550.000 탎 (1.818 kHz)",
"55356","2.768 s","Timing","Times","Time","1.850 ms (540.541 Hz)",
"55393","2.770 s","Timing","Times","Time","550.000 탎 (1.818 kHz)",
"55404","2.770 s","Timing","Times","Time","700.000 탎 (1.429 kHz)",
"55418","2.771 s","Timing","Times","Time","550.000 탎 (1.818 kHz)",
"55429","2.771 s","Timing","Times","Time","1.850 ms (540.541 Hz)",
"55466","2.773 s","Timing","Times","Time","550.000 탎 (1.818 kHz)",
"55477","2.774 s","Timing","Times","Time","1.850 ms (540.541 Hz)",
"55514","2.776 s","Timing","Times","Time","550.000 탎 (1.818 kHz)",
"55525","2.776 s","Timing","Times","Time","1.850 ms (540.541 Hz)",
"55562","2.778 s","Timing","Times","Time","84.200 ms (11.876 Hz)",
"57246","2.862 s","Timing","Times","Time","1.350 ms (740.741 Hz)",
"57273","2.864 s","Timing","Times","Time","2.600 ms (384.615 Hz)",
"57325","2.866 s","Timing","Times","Time","700.000 탎 (1.429 kHz)",
"57339","2.867 s","Timing","Times","Time","550.000 탎 (1.818 kHz)",
"57350","2.868 s","Timing","Times","Time","700.000 탎 (1.429 kHz)",
"57364","2.868 s","Timing","Times","Time","550.000 탎 (1.818 kHz)",
"57375","2.869 s","Timing","Times","Time","700.000 탎 (1.429 kHz)",
"57389","2.869 s","Timing","Times","Time","550.000 탎 (1.818 kHz)",
"57400","2.870 s","Timing","Times","Time","1.850 ms (540.541 Hz)",
"57437","2.872 s","Timing","Times","Time","550.000 탎 (1.818 kHz)",
"57448","2.872 s","Timing","Times","Time","1.850 ms (540.541 Hz)",
"57485","2.874 s","Timing","Times","Time","550.000 탎 (1.818 kHz)",
"57496","2.875 s","Timing","Times","Time","700.000 탎 (1.429 kHz)",
"57510","2.876 s","Timing","Times","Time","550.000 탎 (1.818 kHz)",
"57521","2.876 s","Timing","Times","Time","700.000 탎 (1.429 kHz)",
"57535","2.877 s","Timing","Times","Time","550.000 탎 (1.818 kHz)",
"57546","2.877 s","Timing","Times","Time","1.850 ms (540.541 Hz)",
"57583","2.879 s","Timing","Times","Time","550.000 탎 (1.818 kHz)",
"57594","2.880 s","Timing","Times","Time","1.850 ms (540.541 Hz)",
"57631","2.882 s","Timing","Times","Time","550.000 탎 (1.818 kHz)",
"57642","2.882 s","Timing","Times","Time","1.850 ms (540.541 Hz)",
"57679","2.884 s","Timing","Times","Time","550.000 탎 (1.818 kHz)",
"57690","2.885 s","Timing","Times","Time","1.850 ms (540.541 Hz)",
"57727","2.886 s","Timing","Times","Time","550.000 탎 (1.818 kHz)",
"57738","2.887 s","Timing","Times","Time","700.000 탎 (1.429 kHz)",
"57752","2.888 s","Timing","Times","Time","550.000 탎 (1.818 kHz)",
"57763","2.888 s","Timing","Times","Time","700.000 탎 (1.429 kHz)",
"57777","2.889 s","Timing","Times","Time","550.000 탎 (1.818 kHz)",
"57788","2.889 s","Timing","Times","Time","1.850 ms (540.541 Hz)",
"57825","2.891 s","Timing","Times","Time","550.000 탎 (1.818 kHz)",
"57836","2.892 s","Timing","Times","Time","1.850 ms (540.541 Hz)",
"57873","2.894 s","Timing","Times","Time","550.000 탎 (1.818 kHz)",
"57884","2.894 s","Timing","Times","Time","700.000 탎 (1.429 kHz)",
"57898","2.895 s","Timing","Times","Time","550.000 탎 (1.818 kHz)",
"57909","2.895 s","Timing","Times","Time","1.850 ms (540.541 Hz)",
"57946","2.897 s","Timing","Times","Time","550.000 탎 (1.818 kHz)",
"57957","2.898 s","Timing","Times","Time","700.000 탎 (1.429 kHz)",
"57971","2.899 s","Timing","Times","Time","550.000 탎 (1.818 kHz)",
"57982","2.899 s","Timing","Times","Time","1.850 ms (540.541 Hz)",
"58019","2.901 s","Timing","Times","Time","550.000 탎 (1.818 kHz)",
"58030","2.901 s","Timing","Times","Time","700.000 탎 (1.429 kHz)",
"58044","2.902 s","Timing","Times","Time","550.000 탎 (1.818 kHz)",
"58055","2.903 s","Timing","Times","Time","1.850 ms (540.541 Hz)",
"58092","2.905 s","Timing","Times","Time","550.000 탎 (1.818 kHz)",
"58103","2.905 s","Timing","Times","Time","700.000 탎 (1.429 kHz)",
"58117","2.906 s","Timing","Times","Time","550.000 탎 (1.818 kHz)",
"58128","2.906 s","Timing","Times","Time","700.000 탎 (1.429 kHz)",
"58142","2.907 s","Timing","Times","Time","550.000 탎 (1.818 kHz)",
"58153","2.908 s","Timing","Times","Time","700.000 탎 (1.429 kHz)",
"58167","2.908 s","Timing","Times","Time","550.000 탎 (1.818 kHz)",
"58178","2.909 s","Timing","Times","Time","700.000 탎 (1.429 kHz)",
"58192","2.910 s","Timing","Times","Time","550.000 탎 (1.818 kHz)",
"58203","2.910 s","Timing","Times","Time","1.850 ms (540.541 Hz)",
"58240","2.912 s","Timing","Times","Time","550.000 탎 (1.818 kHz)",
"58251","2.913 s","Timing","Times","Time","700.000 탎 (1.429 kHz)",
"58265","2.913 s","Timing","Times","Time","550.000 탎 (1.818 kHz)",
"58276","2.914 s","Timing","Times","Time","1.850 ms (540.541 Hz)",
"58313","2.916 s","Timing","Times","Time","550.000 탎 (1.818 kHz)",
"58324","2.916 s","Timing","Times","Time","700.000 탎 (1.429 kHz)",
"58338","2.917 s","Timing","Times","Time","550.000 탎 (1.818 kHz)",
"58349","2.917 s","Timing","Times","Time","1.850 ms (540.541 Hz)",
"58386","2.919 s","Timing","Times","Time","550.000 탎 (1.818 kHz)",
"58397","2.920 s","Timing","Times","Time","1.850 ms (540.541 Hz)",
"58434","2.922 s","Timing","Times","Time","550.000 탎 (1.818 kHz)",
"58445","2.922 s","Timing","Times","Time","1.850 ms (540.541 Hz)",
"58482","2.924 s","Timing","Times","Time","84.500 ms (11.834 Hz)",
"60172","3.009 s","Timing","Times","Time","1.350 ms (740.741 Hz)",
"60199","3.010 s","Timing","Times","Time","2.550 ms (392.157 Hz)",
"60250","3.013 s","Timing","Times","Time","700.000 탎 (1.429 kHz)",
"60264","3.013 s","Timing","Times","Time","550.000 탎 (1.818 kHz)",
"60275","3.014 s","Timing","Times","Time","700.000 탎 (1.429 kHz)",
"60289","3.014 s","Timing","Times","Time","550.000 탎 (1.818 kHz)",
"60300","3.015 s","Timing","Times","Time","700.000 탎 (1.429 kHz)",
"60314","3.016 s","Timing","Times","Time","550.000 탎 (1.818 kHz)",
"60325","3.016 s","Timing","Times","Time","1.850 ms (540.541 Hz)",
"60362","3.018 s","Timing","Times","Time","550.000 탎 (1.818 kHz)",
"60373","3.019 s","Timing","Times","Time","1.850 ms (540.541 Hz)",
"60410","3.021 s","Timing","Times","Time","550.000 탎 (1.818 kHz)",
"60421","3.021 s","Timing","Times","Time","700.000 탎 (1.429 kHz)",
"60435","3.022 s","Timing","Times","Time","550.000 탎 (1.818 kHz)",
"60446","3.022 s","Timing","Times","Time","700.000 탎 (1.429 kHz)",
"60460","3.023 s","Timing","Times","Time","550.000 탎 (1.818 kHz)",
"60471","3.024 s","Timing","Times","Time","1.850 ms (540.541 Hz)",
"60508","3.025 s","Timing","Times","Time","550.000 탎 (1.818 kHz)",
"60519","3.026 s","Timing","Times","Time","1.850 ms (540.541 Hz)",
"60556","3.028 s","Timing","Times","Time","550.000 탎 (1.818 kHz)",
"60567","3.028 s","Timing","Times","Time","1.850 ms (540.541 Hz)",
"60604","3.030 s","Timing","Times","Time","600.000 탎 (1.667 kHz)",
"60616","3.031 s","Timing","Times","Time","1.800 ms (555.556 Hz)",
"60652","3.033 s","Timing","Times","Time","600.000 탎 (1.667 kHz)",
"60664","3.033 s","Timing","Times","Time","650.000 탎 (1.538 kHz)",
"60677","3.034 s","Timing","Times","Time","600.000 탎 (1.667 kHz)",
"60689","3.034 s","Timing","Times","Time","650.000 탎 (1.538 kHz)",
"60702","3.035 s","Timing","Times","Time","550.000 탎 (1.818 kHz)",
"60713","3.036 s","Timing","Times","Time","1.850 ms (540.541 Hz)",
"60750","3.038 s","Timing","Times","Time","600.000 탎 (1.667 kHz)",
"60762","3.038 s","Timing","Times","Time","1.800 ms (555.556 Hz)",
"60798","3.040 s","Timing","Times","Time","600.000 탎 (1.667 kHz)",
"60810","3.041 s","Timing","Times","Time","650.000 탎 (1.538 kHz)",
"60823","3.041 s","Timing","Times","Time","600.000 탎 (1.667 kHz)",
"60835","3.042 s","Timing","Times","Time","1.800 ms (555.556 Hz)",
"60871","3.044 s","Timing","Times","Time","600.000 탎 (1.667 kHz)",
"60883","3.044 s","Timing","Times","Time","650.000 탎 (1.538 kHz)",
"60896","3.045 s","Timing","Times","Time","600.000 탎 (1.667 kHz)",
"60908","3.045 s","Timing","Times","Time","1.850 ms (540.541 Hz)",
"60945","3.047 s","Timing","Times","Time","550.000 탎 (1.818 kHz)",
"60956","3.048 s","Timing","Times","Time","650.000 탎 (1.538 kHz)",
"60969","3.048 s","Timing","Times","Time","600.000 탎 (1.667 kHz)",
"60981","3.049 s","Timing","Times","Time","1.850 ms (540.541 Hz)",
"61018","3.051 s","Timing","Times","Time","550.000 탎 (1.818 kHz)",
"61029","3.051 s","Timing","Times","Time","650.000 탎 (1.538 kHz)",
"61042","3.052 s","Timing","Times","Time","600.000 탎 (1.667 kHz)",
"61054","3.053 s","Timing","Times","Time","650.000 탎 (1.538 kHz)",
"61067","3.053 s","Timing","Times","Time","600.000 탎 (1.667 kHz)",
"61079","3.054 s","Timing","Times","Time","650.000 탎 (1.538 kHz)",
"61092","3.055 s","Timing","Times","Time","550.000 탎 (1.818 kHz)",
"61103","3.055 s","Timing","Times","Time","700.000 탎 (1.429 kHz)",
"61117","3.056 s","Timing","Times","Time","550.000 탎 (1.818 kHz)",
"61128","3.056 s","Timing","Times","Time","1.850 ms (540.541 Hz)",
"61165","3.058 s","Timing","Times","Time","600.000 탎 (1.667 kHz)",
"61177","3.059 s","Timing","Times","Time","650.000 탎 (1.538 kHz)",
"61190","3.059 s","Timing","Times","Time","550.000 탎 (1.818 kHz)",
"61201","3.060 s","Timing","Times","Time","1.850 ms (540.541 Hz)",
"61238","3.062 s","Timing","Times","Time","600.000 탎 (1.667 kHz)",
"61250","3.062 s","Timing","Times","Time","650.000 탎 (1.538 kHz)",
"61263","3.063 s","Timing","Times","Time","550.000 탎 (1.818 kHz)",
"61274","3.064 s","Timing","Times","Time","1.850 ms (540.541 Hz)",
"61311","3.066 s","Timing","Times","Time","600.000 탎 (1.667 kHz)",
"61323","3.066 s","Timing","Times","Time","1.800 ms (555.556 Hz)",
"61359","3.068 s","Timing","Times","Time","600.000 탎 (1.667 kHz)",
"61371","3.069 s","Timing","Times","Time","1.850 ms (540.541 Hz)",
"61408","3.070 s","Timing","Times","Time","84.050 ms (11.898 Hz)",
"63089","3.154 s","Timing","Times","Time","1.350 ms (740.741 Hz)",
"63116","3.156 s","Timing","Times","Time","2.550 ms (392.157 Hz)",
"63167","3.158 s","Timing","Times","Time","700.000 탎 (1.429 kHz)",
"63181","3.159 s","Timing","Times","Time","550.000 탎 (1.818 kHz)",
"63192","3.160 s","Timing","Times","Time","700.000 탎 (1.429 kHz)",
"63206","3.160 s","Timing","Times","Time","550.000 탎 (1.818 kHz)",
"63217","3.161 s","Timing","Times","Time","700.000 탎 (1.429 kHz)",
"63231","3.162 s","Timing","Times","Time","550.000 탎 (1.818 kHz)",
"63242","3.162 s","Timing","Times","Time","1.850 ms (540.541 Hz)",
"63279","3.164 s","Timing","Times","Time","550.000 탎 (1.818 kHz)",
"63290","3.164 s","Timing","Times","Time","1.850 ms (540.541 Hz)",
"63327","3.166 s","Timing","Times","Time","550.000 탎 (1.818 kHz)",
"63338","3.167 s","Timing","Times","Time","700.000 탎 (1.429 kHz)",
"63352","3.168 s","Timing","Times","Time","550.000 탎 (1.818 kHz)",
"63363","3.168 s","Timing","Times","Time","700.000 탎 (1.429 kHz)",
"63377","3.169 s","Timing","Times","Time","550.000 탎 (1.818 kHz)",
"63388","3.169 s","Timing","Times","Time","1.850 ms (540.541 Hz)",
"63425","3.171 s","Timing","Times","Time","550.000 탎 (1.818 kHz)",
"63436","3.172 s","Timing","Times","Time","1.850 ms (540.541 Hz)",
"63473","3.174 s","Timing","Times","Time","550.000 탎 (1.818 kHz)",
"63484","3.174 s","Timing","Times","Time","1.850 ms (540.541 Hz)",
"63521","3.176 s","Timing","Times","Time","550.000 탎 (1.818 kHz)",
"63532","3.177 s","Timing","Times","Time","1.850 ms (540.541 Hz)",
"63569","3.178 s","Timing","Times","Time","550.000 탎 (1.818 kHz)",
"63580","3.179 s","Timing","Times","Time","700.000 탎 (1.429 kHz)",
"63594","3.180 s","Timing","Times","Time","550.000 탎 (1.818 kHz)",
"63605","3.180 s","Timing","Times","Time","700.000 탎 (1.429 kHz)",
"63619","3.181 s","Timing","Times","Time","550.000 탎 (1.818 kHz)",
"63630","3.182 s","Timing","Times","Time","1.850 ms (540.541 Hz)",
"63667","3.183 s","Timing","Times","Time","550.000 탎 (1.818 kHz)",
"63678","3.184 s","Timing","Times","Time","1.850 ms (540.541 Hz)",
"63715","3.186 s","Timing","Times","Time","550.000 탎 (1.818 kHz)",
"63726","3.186 s","Timing","Times","Time","700.000 탎 (1.429 kHz)",
"63740","3.187 s","Timing","Times","Time","550.000 탎 (1.818 kHz)",
"63751","3.188 s","Timing","Times","Time","1.850 ms (540.541 Hz)",
"63788","3.189 s","Timing","Times","Time","550.000 탎 (1.818 kHz)",
"63799","3.190 s","Timing","Times","Time","700.000 탎 (1.429 kHz)",
"63813","3.191 s","Timing","Times","Time","550.000 탎 (1.818 kHz)",
"63824","3.191 s","Timing","Times","Time","1.850 ms (540.541 Hz)",
"63861","3.193 s","Timing","Times","Time","550.000 탎 (1.818 kHz)",
"63872","3.194 s","Timing","Times","Time","700.000 탎 (1.429 kHz)",
"63886","3.194 s","Timing","Times","Time","550.000 탎 (1.818 kHz)",
"63897","3.195 s","Timing","Times","Time","1.850 ms (540.541 Hz)",
"63934","3.197 s","Timing","Times","Time","550.000 탎 (1.818 kHz)",
"63945","3.197 s","Timing","Times","Time","700.000 탎 (1.429 kHz)",
"63959","3.198 s","Timing","Times","Time","550.000 탎 (1.818 kHz)",
"63970","3.199 s","Timing","Times","Time","700.000 탎 (1.429 kHz)",
"63984","3.199 s","Timing","Times","Time","550.000 탎 (1.818 kHz)",
"63995","3.200 s","Timing","Times","Time","700.000 탎 (1.429 kHz)",
"64009","3.200 s","Timing","Times","Time","550.000 탎 (1.818 kHz)",
"64020","3.201 s","Timing","Times","Time","700.000 탎 (1.429 kHz)",
"64034","3.202 s","Timing","Times","Time","550.000 탎 (1.818 kHz)",
"64045","3.202 s","Timing","Times","Time","1.850 ms (540.541 Hz)",
"64082","3.204 s","Timing","Times","Time","550.000 탎 (1.818 kHz)",
"64093","3.205 s","Timing","Times","Time","700.000 탎 (1.429 kHz)",
"64107","3.205 s","Timing","Times","Time","550.000 탎 (1.818 kHz)",
"64118","3.206 s","Timing","Times","Time","1.850 ms (540.541 Hz)",
"64155","3.208 s","Timing","Times","Time","550.000 탎 (1.818 kHz)",
"64166","3.208 s","Timing","Times","Time","700.000 탎 (1.429 kHz)",
"64180","3.209 s","Timing","Times","Time","550.000 탎 (1.818 kHz)",
"64191","3.210 s","Timing","Times","Time","1.850 ms (540.541 Hz)",
"64228","3.211 s","Timing","Times","Time","550.000 탎 (1.818 kHz)",
"64239","3.212 s","Timing","Times","Time","1.850 ms (540.541 Hz)",
"64276","3.214 s","Timing","Times","Time","550.000 탎 (1.818 kHz)",
"64287","3.214 s","Timing","Times","Time","1.850 ms (540.541 Hz)",
"64324","3.216 s","Timing","Times","Time","84.050 ms (11.898 Hz)",
"66005","3.300 s","Timing","Times","Time","1.350 ms (740.741 Hz)",
"66032","3.302 s","Timing","Times","Time","2.600 ms (384.615 Hz)",
"66084","3.304 s","Timing","Times","Time","700.000 탎 (1.429 kHz)",
"66098","3.305 s","Timing","Times","Time","550.000 탎 (1.818 kHz)",
"66109","3.305 s","Timing","Times","Time","700.000 탎 (1.429 kHz)",
"66123","3.306 s","Timing","Times","Time","550.000 탎 (1.818 kHz)",
"66134","3.307 s","Timing","Times","Time","700.000 탎 (1.429 kHz)",
"66148","3.307 s","Timing","Times","Time","550.000 탎 (1.818 kHz)",
"66159","3.308 s","Timing","Times","Time","1.850 ms (540.541 Hz)",
"66196","3.310 s","Timing","Times","Time","550.000 탎 (1.818 kHz)",
"66207","3.310 s","Timing","Times","Time","1.850 ms (540.541 Hz)",
"66244","3.312 s","Timing","Times","Time","550.000 탎 (1.818 kHz)",
"66255","3.313 s","Timing","Times","Time","700.000 탎 (1.429 kHz)",
"66269","3.313 s","Timing","Times","Time","550.000 탎 (1.818 kHz)",
"66280","3.314 s","Timing","Times","Time","700.000 탎 (1.429 kHz)",
"66294","3.315 s","Timing","Times","Time","550.000 탎 (1.818 kHz)",
"66305","3.315 s","Timing","Times","Time","1.850 ms (540.541 Hz)",
"66342","3.317 s","Timing","Times","Time","550.000 탎 (1.818 kHz)",
"66353","3.318 s","Timing","Times","Time","1.850 ms (540.541 Hz)",
"66390","3.320 s","Timing","Times","Time","550.000 탎 (1.818 kHz)",
"66401","3.320 s","Timing","Times","Time","1.850 ms (540.541 Hz)",
"66438","3.322 s","Timing","Times","Time","550.000 탎 (1.818 kHz)",
"66449","3.322 s","Timing","Times","Time","1.850 ms (540.541 Hz)",
"66486","3.324 s","Timing","Times","Time","550.000 탎 (1.818 kHz)",
"66497","3.325 s","Timing","Times","Time","700.000 탎 (1.429 kHz)",
"66511","3.326 s","Timing","Times","Time","550.000 탎 (1.818 kHz)",
"66522","3.326 s","Timing","Times","Time","700.000 탎 (1.429 kHz)",
"66536","3.327 s","Timing","Times","Time","550.000 탎 (1.818 kHz)",
"66547","3.327 s","Timing","Times","Time","1.850 ms (540.541 Hz)",
"66584","3.329 s","Timing","Times","Time","550.000 탎 (1.818 kHz)",
"66595","3.330 s","Timing","Times","Time","1.850 ms (540.541 Hz)",
"66632","3.332 s","Timing","Times","Time","550.000 탎 (1.818 kHz)",
"66643","3.332 s","Timing","Times","Time","700.000 탎 (1.429 kHz)",
"66657","3.333 s","Timing","Times","Time","550.000 탎 (1.818 kHz)",
"66668","3.333 s","Timing","Times","Time","1.850 ms (540.541 Hz)",
"66705","3.335 s","Timing","Times","Time","550.000 탎 (1.818 kHz)",
"66716","3.336 s","Timing","Times","Time","700.000 탎 (1.429 kHz)",
"66730","3.337 s","Timing","Times","Time","550.000 탎 (1.818 kHz)",
"66741","3.337 s","Timing","Times","Time","1.850 ms (540.541 Hz)",
"66778","3.339 s","Timing","Times","Time","550.000 탎 (1.818 kHz)",
"66789","3.339 s","Timing","Times","Time","700.000 탎 (1.429 kHz)",
"66803","3.340 s","Timing","Times","Time","550.000 탎 (1.818 kHz)",
"66814","3.341 s","Timing","Times","Time","1.850 ms (540.541 Hz)",
"66851","3.343 s","Timing","Times","Time","550.000 탎 (1.818 kHz)",
"66862","3.343 s","Timing","Times","Time","700.000 탎 (1.429 kHz)",
"66876","3.344 s","Timing","Times","Time","550.000 탎 (1.818 kHz)",
"66887","3.344 s","Timing","Times","Time","700.000 탎 (1.429 kHz)",
"66901","3.345 s","Timing","Times","Time","550.000 탎 (1.818 kHz)",
"66912","3.346 s","Timing","Times","Time","700.000 탎 (1.429 kHz)",
"66926","3.346 s","Timing","Times","Time","550.000 탎 (1.818 kHz)",
"66937","3.347 s","Timing","Times","Time","700.000 탎 (1.429 kHz)",
"66951","3.348 s","Timing","Times","Time","550.000 탎 (1.818 kHz)",
"66962","3.348 s","Timing","Times","Time","1.850 ms (540.541 Hz)",
"66999","3.350 s","Timing","Times","Time","550.000 탎 (1.818 kHz)",
"67010","3.350 s","Timing","Times","Time","700.000 탎 (1.429 kHz)",
"67024","3.351 s","Timing","Times","Time","550.000 탎 (1.818 kHz)",
"67035","3.352 s","Timing","Times","Time","1.850 ms (540.541 Hz)",
"67072","3.354 s","Timing","Times","Time","550.000 탎 (1.818 kHz)",
"67083","3.354 s","Timing","Times","Time","700.000 탎 (1.429 kHz)",
"67097","3.355 s","Timing","Times","Time","550.000 탎 (1.818 kHz)",
"67108","3.355 s","Timing","Times","Time","1.850 ms (540.541 Hz)",
"67145","3.357 s","Timing","Times","Time","550.000 탎 (1.818 kHz)",
"67156","3.358 s","Timing","Times","Time","1.850 ms (540.541 Hz)",
"67193","3.360 s","Timing","Times","Time","550.000 탎 (1.818 kHz)",
"67204","3.360 s","Timing","Times","Time","1.850 ms (540.541 Hz)",
"67241","3.362 s","Timing","Times","Time","85.350 ms (11.716 Hz)",
"68948","3.447 s","Timing","Times","Time","1.350 ms (740.741 Hz)",
"68975","3.449 s","Timing","Times","Time","2.550 ms (392.157 Hz)",
"69026","3.451 s","Timing","Times","Time","700.000 탎 (1.429 kHz)",
"69040","3.452 s","Timing","Times","Time","550.000 탎 (1.818 kHz)",
"69051","3.453 s","Timing","Times","Time","700.000 탎 (1.429 kHz)",
"69065","3.453 s","Timing","Times","Time","550.000 탎 (1.818 kHz)",
"69076","3.454 s","Timing","Times","Time","700.000 탎 (1.429 kHz)",
"69090","3.454 s","Timing","Times","Time","550.000 탎 (1.818 kHz)",
"69101","3.455 s","Timing","Times","Time","1.850 ms (540.541 Hz)",
"69138","3.457 s","Timing","Times","Time","550.000 탎 (1.818 kHz)",
"69149","3.457 s","Timing","Times","Time","1.850 ms (540.541 Hz)",
"69186","3.459 s","Timing","Times","Time","550.000 탎 (1.818 kHz)",
"69197","3.460 s","Timing","Times","Time","700.000 탎 (1.429 kHz)",
"69211","3.461 s","Timing","Times","Time","550.000 탎 (1.818 kHz)",
"69222","3.461 s","Timing","Times","Time","700.000 탎 (1.429 kHz)",
"69236","3.462 s","Timing","Times","Time","550.000 탎 (1.818 kHz)",
"69247","3.462 s","Timing","Times","Time","1.850 ms (540.541 Hz)",
"69284","3.464 s","Timing","Times","Time","550.000 탎 (1.818 kHz)",
"69295","3.465 s","Timing","Times","Time","1.850 ms (540.541 Hz)",
"69332","3.467 s","Timing","Times","Time","550.000 탎 (1.818 kHz)",
"69343","3.467 s","Timing","Times","Time","1.850 ms (540.541 Hz)",
"69380","3.469 s","Timing","Times","Time","600.000 탎 (1.667 kHz)",
"69392","3.470 s","Timing","Times","Time","1.800 ms (555.556 Hz)",
"69428","3.471 s","Timing","Times","Time","600.000 탎 (1.667 kHz)",
"69440","3.472 s","Timing","Times","Time","650.000 탎 (1.538 kHz)",
"69453","3.473 s","Timing","Times","Time","600.000 탎 (1.667 kHz)",
"69465","3.473 s","Timing","Times","Time","650.000 탎 (1.538 kHz)",
"69478","3.474 s","Timing","Times","Time","550.000 탎 (1.818 kHz)",
"69489","3.474 s","Timing","Times","Time","1.850 ms (540.541 Hz)",
"69526","3.476 s","Timing","Times","Time","600.000 탎 (1.667 kHz)",
"69538","3.477 s","Timing","Times","Time","1.800 ms (555.556 Hz)",
"69574","3.479 s","Timing","Times","Time","600.000 탎 (1.667 kHz)",
"69586","3.479 s","Timing","Times","Time","650.000 탎 (1.538 kHz)",
"69599","3.480 s","Timing","Times","Time","600.000 탎 (1.667 kHz)",
"69611","3.481 s","Timing","Times","Time","1.850 ms (540.541 Hz)",
"69648","3.482 s","Timing","Times","Time","550.000 탎 (1.818 kHz)",
"69659","3.483 s","Timing","Times","Time","650.000 탎 (1.538 kHz)",
"69672","3.484 s","Timing","Times","Time","600.000 탎 (1.667 kHz)",
"69684","3.484 s","Timing","Times","Time","1.850 ms (540.541 Hz)",
"69721","3.486 s","Timing","Times","Time","550.000 탎 (1.818 kHz)",
"69732","3.487 s","Timing","Times","Time","650.000 탎 (1.538 kHz)",
"69745","3.487 s","Timing","Times","Time","600.000 탎 (1.667 kHz)",
"69757","3.488 s","Timing","Times","Time","1.850 ms (540.541 Hz)",
"69794","3.490 s","Timing","Times","Time","550.000 탎 (1.818 kHz)",
"69805","3.490 s","Timing","Times","Time","650.000 탎 (1.538 kHz)",
"69818","3.491 s","Timing","Times","Time","600.000 탎 (1.667 kHz)",
"69830","3.491 s","Timing","Times","Time","650.000 탎 (1.538 kHz)",
"69843","3.492 s","Timing","Times","Time","600.000 탎 (1.667 kHz)",
"69855","3.493 s","Timing","Times","Time","650.000 탎 (1.538 kHz)",
"69868","3.493 s","Timing","Times","Time","550.000 탎 (1.818 kHz)",
"69879","3.494 s","Timing","Times","Time","700.000 탎 (1.429 kHz)",
"69893","3.495 s","Timing","Times","Time","550.000 탎 (1.818 kHz)",
"69904","3.495 s","Timing","Times","Time","1.850 ms (540.541 Hz)",
"69941","3.497 s","Timing","Times","Time","600.000 탎 (1.667 kHz)",
"69953","3.498 s","Timing","Times","Time","650.000 탎 (1.538 kHz)",
"69966","3.498 s","Timing","Times","Time","550.000 탎 (1.818 kHz)",
"69977","3.499 s","Timing","Times","Time","1.850 ms (540.541 Hz)",
"70014","3.501 s","Timing","Times","Time","600.000 탎 (1.667 kHz)",
"70026","3.501 s","Timing","Times","Time","650.000 탎 (1.538 kHz)",
"70039","3.502 s","Timing","Times","Time","550.000 탎 (1.818 kHz)",
"70050","3.502 s","Timing","Times","Time","1.850 ms (540.541 Hz)",
"70087","3.504 s","Timing","Times","Time","600.000 탎 (1.667 kHz)",
"70099","3.505 s","Timing","Times","Time","1.800 ms (555.556 Hz)",
"70135","3.507 s","Timing","Times","Time","600.000 탎 (1.667 kHz)",
"70147","3.507 s","Timing","Times","Time","1.850 ms (540.541 Hz)",
"70184","3.509 s","Timing","Times","Time","85.250 ms (11.730 Hz)",
"71889","3.594 s","Timing","Times","Time","1.350 ms (740.741 Hz)",
"71916","3.596 s","Timing","Times","Time","2.550 ms (392.157 Hz)",
"71967","3.598 s","Timing","Times","Time","700.000 탎 (1.429 kHz)",
"71981","3.599 s","Timing","Times","Time","550.000 탎 (1.818 kHz)",
"71992","3.600 s","Timing","Times","Time","700.000 탎 (1.429 kHz)",
"72006","3.600 s","Timing","Times","Time","550.000 탎 (1.818 kHz)",
"72017","3.601 s","Timing","Times","Time","700.000 탎 (1.429 kHz)",
"72031","3.602 s","Timing","Times","Time","550.000 탎 (1.818 kHz)",
"72042","3.602 s","Timing","Times","Time","1.850 ms (540.541 Hz)",
"72079","3.604 s","Timing","Times","Time","550.000 탎 (1.818 kHz)",
"72090","3.604 s","Timing","Times","Time","1.850 ms (540.541 Hz)",
"72127","3.606 s","Timing","Times","Time","550.000 탎 (1.818 kHz)",
"72138","3.607 s","Timing","Times","Time","700.000 탎 (1.429 kHz)",
"72152","3.608 s","Timing","Times","Time","550.000 탎 (1.818 kHz)",
"72163","3.608 s","Timing","Times","Time","700.000 탎 (1.429 kHz)",
"72177","3.609 s","Timing","Times","Time","550.000 탎 (1.818 kHz)",
"72188","3.609 s","Timing","Times","Time","1.850 ms (540.541 Hz)",
"72225","3.611 s","Timing","Times","Time","550.000 탎 (1.818 kHz)",
"72236","3.612 s","Timing","Times","Time","1.850 ms (540.541 Hz)",
"72273","3.614 s","Timing","Times","Time","550.000 탎 (1.818 kHz)",
"72284","3.614 s","Timing","Times","Time","1.850 ms (540.541 Hz)",
"72321","3.616 s","Timing","Times","Time","600.000 탎 (1.667 kHz)",
"72333","3.617 s","Timing","Times","Time","1.800 ms (555.556 Hz)",
"72369","3.618 s","Timing","Times","Time","600.000 탎 (1.667 kHz)",
"72381","3.619 s","Timing","Times","Time","650.000 탎 (1.538 kHz)",
"72394","3.620 s","Timing","Times","Time","600.000 탎 (1.667 kHz)",
"72406","3.620 s","Timing","Times","Time","650.000 탎 (1.538 kHz)",
"72419","3.621 s","Timing","Times","Time","550.000 탎 (1.818 kHz)",
"72430","3.622 s","Timing","Times","Time","1.850 ms (540.541 Hz)",
"72467","3.623 s","Timing","Times","Time","600.000 탎 (1.667 kHz)",
"72479","3.624 s","Timing","Times","Time","1.800 ms (555.556 Hz)",
"72515","3.626 s","Timing","Times","Time","600.000 탎 (1.667 kHz)",
"72527","3.626 s","Timing","Times","Time","650.000 탎 (1.538 kHz)",
"72540","3.627 s","Timing","Times","Time","600.000 탎 (1.667 kHz)",
"72552","3.628 s","Timing","Times","Time","1.800 ms (555.556 Hz)",
"72588","3.629 s","Timing","Times","Time","600.000 탎 (1.667 kHz)",
"72600","3.630 s","Timing","Times","Time","650.000 탎 (1.538 kHz)",
"72613","3.631 s","Timing","Times","Time","600.000 탎 (1.667 kHz)",
"72625","3.631 s","Timing","Times","Time","1.850 ms (540.541 Hz)",
"72662","3.633 s","Timing","Times","Time","550.000 탎 (1.818 kHz)",
"72673","3.634 s","Timing","Times","Time","650.000 탎 (1.538 kHz)",
"72686","3.634 s","Timing","Times","Time","600.000 탎 (1.667 kHz)",
"72698","3.635 s","Timing","Times","Time","1.850 ms (540.541 Hz)",
"72735","3.637 s","Timing","Times","Time","550.000 탎 (1.818 kHz)",
"72746","3.637 s","Timing","Times","Time","650.000 탎 (1.538 kHz)",
"72759","3.638 s","Timing","Times","Time","600.000 탎 (1.667 kHz)",
"72771","3.639 s","Timing","Times","Time","650.000 탎 (1.538 kHz)",
"72784","3.639 s","Timing","Times","Time","600.000 탎 (1.667 kHz)",
"72796","3.640 s","Timing","Times","Time","650.000 탎 (1.538 kHz)",
"72809","3.640 s","Timing","Times","Time","550.000 탎 (1.818 kHz)",
"72820","3.641 s","Timing","Times","Time","700.000 탎 (1.429 kHz)",
"72834","3.642 s","Timing","Times","Time","550.000 탎 (1.818 kHz)",
"72845","3.642 s","Timing","Times","Time","1.850 ms (540.541 Hz)",
"72882","3.644 s","Timing","Times","Time","600.000 탎 (1.667 kHz)",
"72894","3.645 s","Timing","Times","Time","650.000 탎 (1.538 kHz)",
"72907","3.645 s","Timing","Times","Time","550.000 탎 (1.818 kHz)",
"72918","3.646 s","Timing","Times","Time","1.850 ms (540.541 Hz)",
"72955","3.648 s","Timing","Times","Time","600.000 탎 (1.667 kHz)",
"72967","3.648 s","Timing","Times","Time","650.000 탎 (1.538 kHz)",
"72980","3.649 s","Timing","Times","Time","550.000 탎 (1.818 kHz)",
"72991","3.650 s","Timing","Times","Time","1.850 ms (540.541 Hz)",
"73028","3.651 s","Timing","Times","Time","600.000 탎 (1.667 kHz)",
"73040","3.652 s","Timing","Times","Time","1.800 ms (555.556 Hz)",
"73076","3.654 s","Timing","Times","Time","600.000 탎 (1.667 kHz)",
"73088","3.654 s","Timing","Times","Time","1.850 ms (540.541 Hz)",
"73125","3.656 s","Timing","Times","Time","84.200 ms (11.876 Hz)",
"74809","3.740 s","Timing","Times","Time","1.350 ms (740.741 Hz)",
"74836","3.742 s","Timing","Times","Time","2.550 ms (392.157 Hz)",
"74887","3.744 s","Timing","Times","Time","700.000 탎 (1.429 kHz)",
"74901","3.745 s","Timing","Times","Time","550.000 탎 (1.818 kHz)",
"74912","3.746 s","Timing","Times","Time","700.000 탎 (1.429 kHz)",
"74926","3.746 s","Timing","Times","Time","550.000 탎 (1.818 kHz)",
"74937","3.747 s","Timing","Times","Time","700.000 탎 (1.429 kHz)",
"74951","3.748 s","Timing","Times","Time","550.000 탎 (1.818 kHz)",
"74962","3.748 s","Timing","Times","Time","1.850 ms (540.541 Hz)",
"74999","3.750 s","Timing","Times","Time","550.000 탎 (1.818 kHz)",
"75010","3.751 s","Timing","Times","Time","1.850 ms (540.541 Hz)",
"75047","3.752 s","Timing","Times","Time","550.000 탎 (1.818 kHz)",
"75058","3.753 s","Timing","Times","Time","700.000 탎 (1.429 kHz)",
"75072","3.754 s","Timing","Times","Time","550.000 탎 (1.818 kHz)",
"75083","3.754 s","Timing","Times","Time","700.000 탎 (1.429 kHz)",
"75097","3.755 s","Timing","Times","Time","550.000 탎 (1.818 kHz)",
"75108","3.755 s","Timing","Times","Time","1.850 ms (540.541 Hz)",
"75145","3.757 s","Timing","Times","Time","550.000 탎 (1.818 kHz)",
"75156","3.758 s","Timing","Times","Time","1.850 ms (540.541 Hz)",
"75193","3.760 s","Timing","Times","Time","550.000 탎 (1.818 kHz)",
"75204","3.760 s","Timing","Times","Time","1.850 ms (540.541 Hz)",
"75241","3.762 s","Timing","Times","Time","550.000 탎 (1.818 kHz)",
"75252","3.763 s","Timing","Times","Time","1.850 ms (540.541 Hz)",
"75289","3.764 s","Timing","Times","Time","600.000 탎 (1.667 kHz)",
"75301","3.765 s","Timing","Times","Time","650.000 탎 (1.538 kHz)",
"75314","3.766 s","Timing","Times","Time","550.000 탎 (1.818 kHz)",
"75325","3.766 s","Timing","Times","Time","700.000 탎 (1.429 kHz)",
"75339","3.767 s","Timing","Times","Time","550.000 탎 (1.818 kHz)",
"75350","3.768 s","Timing","Times","Time","1.850 ms (540.541 Hz)",
"75387","3.769 s","Timing","Times","Time","550.000 탎 (1.818 kHz)",
"75398","3.770 s","Timing","Times","Time","1.850 ms (540.541 Hz)",
"75435","3.772 s","Timing","Times","Time","600.000 탎 (1.667 kHz)",
"75447","3.772 s","Timing","Times","Time","650.000 탎 (1.538 kHz)",
"75460","3.773 s","Timing","Times","Time","600.000 탎 (1.667 kHz)",
"75472","3.774 s","Timing","Times","Time","1.800 ms (555.556 Hz)",
"75508","3.775 s","Timing","Times","Time","600.000 탎 (1.667 kHz)",
"75520","3.776 s","Timing","Times","Time","650.000 탎 (1.538 kHz)",
"75533","3.777 s","Timing","Times","Time","600.000 탎 (1.667 kHz)",
"75545","3.777 s","Timing","Times","Time","1.800 ms (555.556 Hz)",
"75581","3.779 s","Timing","Times","Time","600.000 탎 (1.667 kHz)",
"75593","3.780 s","Timing","Times","Time","650.000 탎 (1.538 kHz)",
"75606","3.780 s","Timing","Times","Time","600.000 탎 (1.667 kHz)",
"75618","3.781 s","Timing","Times","Time","1.800 ms (555.556 Hz)",
"75654","3.783 s","Timing","Times","Time","600.000 탎 (1.667 kHz)",
"75666","3.783 s","Timing","Times","Time","650.000 탎 (1.538 kHz)",
"75679","3.784 s","Timing","Times","Time","600.000 탎 (1.667 kHz)",
"75691","3.785 s","Timing","Times","Time","650.000 탎 (1.538 kHz)",
"75704","3.785 s","Timing","Times","Time","600.000 탎 (1.667 kHz)",
"75716","3.786 s","Timing","Times","Time","650.000 탎 (1.538 kHz)",
"75729","3.786 s","Timing","Times","Time","550.000 탎 (1.818 kHz)",
"75740","3.787 s","Timing","Times","Time","700.000 탎 (1.429 kHz)",
"75754","3.788 s","Timing","Times","Time","550.000 탎 (1.818 kHz)",
"75765","3.788 s","Timing","Times","Time","1.850 ms (540.541 Hz)",
"75802","3.790 s","Timing","Times","Time","550.000 탎 (1.818 kHz)",
"75813","3.791 s","Timing","Times","Time","700.000 탎 (1.429 kHz)",
"75827","3.791 s","Timing","Times","Time","550.000 탎 (1.818 kHz)",
"75838","3.792 s","Timing","Times","Time","1.850 ms (540.541 Hz)",
"75875","3.794 s","Timing","Times","Time","550.000 탎 (1.818 kHz)",
"75886","3.794 s","Timing","Times","Time","700.000 탎 (1.429 kHz)",
"75900","3.795 s","Timing","Times","Time","550.000 탎 (1.818 kHz)",
"75911","3.796 s","Timing","Times","Time","1.850 ms (540.541 Hz)",
"75948","3.797 s","Timing","Times","Time","600.000 탎 (1.667 kHz)",
"75960","3.798 s","Timing","Times","Time","1.800 ms (555.556 Hz)",
"75996","3.800 s","Timing","Times","Time","600.000 탎 (1.667 kHz)",
"76008","3.800 s","Timing","Times","Time","1.850 ms (540.541 Hz)",
"76045","3.802 s","Timing","Times","Time","84.050 ms (11.898 Hz)",
"77726","3.886 s","Timing","Times","Time","1.350 ms (740.741 Hz)",
"77753","3.888 s","Timing","Times","Time","2.600 ms (384.615 Hz)",
"77805","3.890 s","Timing","Times","Time","700.000 탎 (1.429 kHz)",
"77819","3.891 s","Timing","Times","Time","550.000 탎 (1.818 kHz)",
"77830","3.892 s","Timing","Times","Time","700.000 탎 (1.429 kHz)",
"77844","3.892 s","Timing","Times","Time","550.000 탎 (1.818 kHz)",
"77855","3.893 s","Timing","Times","Time","700.000 탎 (1.429 kHz)",
"77869","3.893 s","Timing","Times","Time","550.000 탎 (1.818 kHz)",
"77880","3.894 s","Timing","Times","Time","1.850 ms (540.541 Hz)",
"77917","3.896 s","Timing","Times","Time","550.000 탎 (1.818 kHz)",
"77928","3.896 s","Timing","Times","Time","1.850 ms (540.541 Hz)",
"77965","3.898 s","Timing","Times","Time","550.000 탎 (1.818 kHz)",
"77976","3.899 s","Timing","Times","Time","700.000 탎 (1.429 kHz)",
"77990","3.900 s","Timing","Times","Time","550.000 탎 (1.818 kHz)",
"78001","3.900 s","Timing","Times","Time","700.000 탎 (1.429 kHz)",
"78015","3.901 s","Timing","Times","Time","550.000 탎 (1.818 kHz)",
"78026","3.901 s","Timing","Times","Time","1.850 ms (540.541 Hz)",
"78063","3.903 s","Timing","Times","Time","550.000 탎 (1.818 kHz)",
"78074","3.904 s","Timing","Times","Time","1.850 ms (540.541 Hz)",
"78111","3.906 s","Timing","Times","Time","550.000 탎 (1.818 kHz)",
"78122","3.906 s","Timing","Times","Time","1.850 ms (540.541 Hz)",
"78159","3.908 s","Timing","Times","Time","550.000 탎 (1.818 kHz)",
"78170","3.909 s","Timing","Times","Time","1.850 ms (540.541 Hz)",
"78207","3.910 s","Timing","Times","Time","550.000 탎 (1.818 kHz)",
"78218","3.911 s","Timing","Times","Time","700.000 탎 (1.429 kHz)",
"78232","3.912 s","Timing","Times","Time","550.000 탎 (1.818 kHz)",
"78243","3.912 s","Timing","Times","Time","700.000 탎 (1.429 kHz)",
"78257","3.913 s","Timing","Times","Time","550.000 탎 (1.818 kHz)",
"78268","3.913 s","Timing","Times","Time","1.850 ms (540.541 Hz)",
"78305","3.915 s","Timing","Times","Time","550.000 탎 (1.818 kHz)",
"78316","3.916 s","Timing","Times","Time","1.850 ms (540.541 Hz)",
"78353","3.918 s","Timing","Times","Time","550.000 탎 (1.818 kHz)",
"78364","3.918 s","Timing","Times","Time","700.000 탎 (1.429 kHz)",
"78378","3.919 s","Timing","Times","Time","550.000 탎 (1.818 kHz)",
"78389","3.919 s","Timing","Times","Time","1.850 ms (540.541 Hz)",
"78426","3.921 s","Timing","Times","Time","550.000 탎 (1.818 kHz)",
"78437","3.922 s","Timing","Times","Time","700.000 탎 (1.429 kHz)",
"78451","3.923 s","Timing","Times","Time","550.000 탎 (1.818 kHz)",
"78462","3.923 s","Timing","Times","Time","1.850 ms (540.541 Hz)",
"78499","3.925 s","Timing","Times","Time","550.000 탎 (1.818 kHz)",
"78510","3.925 s","Timing","Times","Time","700.000 탎 (1.429 kHz)",
"78524","3.926 s","Timing","Times","Time","550.000 탎 (1.818 kHz)",
"78535","3.927 s","Timing","Times","Time","1.850 ms (540.541 Hz)",
"78572","3.929 s","Timing","Times","Time","550.000 탎 (1.818 kHz)",
"78583","3.929 s","Timing","Times","Time","700.000 탎 (1.429 kHz)",
"78597","3.930 s","Timing","Times","Time","550.000 탎 (1.818 kHz)",
"78608","3.930 s","Timing","Times","Time","700.000 탎 (1.429 kHz)",
"78622","3.931 s","Timing","Times","Time","550.000 탎 (1.818 kHz)",
"78633","3.932 s","Timing","Times","Time","700.000 탎 (1.429 kHz)",
"78647","3.932 s","Timing","Times","Time","550.000 탎 (1.818 kHz)",
"78658","3.933 s","Timing","Times","Time","700.000 탎 (1.429 kHz)",
"78672","3.934 s","Timing","Times","Time","550.000 탎 (1.818 kHz)",
"78683","3.934 s","Timing","Times","Time","1.850 ms (540.541 Hz)",
"78720","3.936 s","Timing","Times","Time","550.000 탎 (1.818 kHz)",
"78731","3.937 s","Timing","Times","Time","700.000 탎 (1.429 kHz)",
"78745","3.937 s","Timing","Times","Time","550.000 탎 (1.818 kHz)",
"78756","3.938 s","Timing","Times","Time","1.850 ms (540.541 Hz)",
"78793","3.940 s","Timing","Times","Time","550.000 탎 (1.818 kHz)",
"78804","3.940 s","Timing","Times","Time","700.000 탎 (1.429 kHz)",
"78818","3.941 s","Timing","Times","Time","550.000 탎 (1.818 kHz)",
"78829","3.941 s","Timing","Times","Time","1.850 ms (540.541 Hz)",
"78866","3.943 s","Timing","Times","Time","550.000 탎 (1.818 kHz)",
"78877","3.944 s","Timing","Times","Time","1.850 ms (540.541 Hz)",
"78914","3.946 s","Timing","Times","Time","550.000 탎 (1.818 kHz)",
"78925","3.946 s","Timing","Times","Time","1.850 ms (540.541 Hz)",
"78962","3.948 s","Timing","Times","Time","85.150 ms (11.744 Hz)",
"80665","4.033 s","Timing","Times","Time","1.350 ms (740.741 Hz)",
"80692","4.035 s","Timing","Times","Time","2.600 ms (384.615 Hz)",
"80744","4.037 s","Timing","Times","Time","700.000 탎 (1.429 kHz)",
"80758","4.038 s","Timing","Times","Time","550.000 탎 (1.818 kHz)",
"80769","4.038 s","Timing","Times","Time","700.000 탎 (1.429 kHz)",
"80783","4.039 s","Timing","Times","Time","550.000 탎 (1.818 kHz)",
"80794","4.040 s","Timing","Times","Time","700.000 탎 (1.429 kHz)",
"80808","4.040 s","Timing","Times","Time","550.000 탎 (1.818 kHz)",
"80819","4.041 s","Timing","Times","Time","1.850 ms (540.541 Hz)",
"80856","4.043 s","Timing","Times","Time","550.000 탎 (1.818 kHz)",
"80867","4.043 s","Timing","Times","Time","1.850 ms (540.541 Hz)",
"80904","4.045 s","Timing","Times","Time","550.000 탎 (1.818 kHz)",
"80915","4.046 s","Timing","Times","Time","700.000 탎 (1.429 kHz)",
"80929","4.046 s","Timing","Times","Time","550.000 탎 (1.818 kHz)",
"80940","4.047 s","Timing","Times","Time","700.000 탎 (1.429 kHz)",
"80954","4.048 s","Timing","Times","Time","550.000 탎 (1.818 kHz)",
"80965","4.048 s","Timing","Times","Time","1.850 ms (540.541 Hz)",
"81002","4.050 s","Timing","Times","Time","550.000 탎 (1.818 kHz)",
"81013","4.051 s","Timing","Times","Time","1.850 ms (540.541 Hz)",
"81050","4.053 s","Timing","Times","Time","550.000 탎 (1.818 kHz)",
"81061","4.053 s","Timing","Times","Time","1.850 ms (540.541 Hz)",
"81098","4.055 s","Timing","Times","Time","550.000 탎 (1.818 kHz)",
"81109","4.055 s","Timing","Times","Time","1.850 ms (540.541 Hz)",
"81146","4.057 s","Timing","Times","Time","550.000 탎 (1.818 kHz)",
"81157","4.058 s","Timing","Times","Time","700.000 탎 (1.429 kHz)",
"81171","4.059 s","Timing","Times","Time","550.000 탎 (1.818 kHz)",
"81182","4.059 s","Timing","Times","Time","700.000 탎 (1.429 kHz)",
"81196","4.060 s","Timing","Times","Time","550.000 탎 (1.818 kHz)",
"81207","4.060 s","Timing","Times","Time","1.850 ms (540.541 Hz)",
"81244","4.062 s","Timing","Times","Time","550.000 탎 (1.818 kHz)",
"81255","4.063 s","Timing","Times","Time","1.850 ms (540.541 Hz)",
"81292","4.065 s","Timing","Times","Time","550.000 탎 (1.818 kHz)",
"81303","4.065 s","Timing","Times","Time","700.000 탎 (1.429 kHz)",
"81317","4.066 s","Timing","Times","Time","550.000 탎 (1.818 kHz)",
"81328","4.066 s","Timing","Times","Time","1.850 ms (540.541 Hz)",
"81365","4.068 s","Timing","Times","Time","550.000 탎 (1.818 kHz)",
"81376","4.069 s","Timing","Times","Time","700.000 탎 (1.429 kHz)",
"81390","4.069 s","Timing","Times","Time","550.000 탎 (1.818 kHz)",
"81401","4.070 s","Timing","Times","Time","1.850 ms (540.541 Hz)",
"81438","4.072 s","Timing","Times","Time","550.000 탎 (1.818 kHz)",
"81449","4.072 s","Timing","Times","Time","700.000 탎 (1.429 kHz)",
"81463","4.073 s","Timing","Times","Time","550.000 탎 (1.818 kHz)",
"81474","4.074 s","Timing","Times","Time","1.850 ms (540.541 Hz)",
"81511","4.076 s","Timing","Times","Time","550.000 탎 (1.818 kHz)",
"81522","4.076 s","Timing","Times","Time","700.000 탎 (1.429 kHz)",
"81536","4.077 s","Timing","Times","Time","550.000 탎 (1.818 kHz)",
"81547","4.077 s","Timing","Times","Time","700.000 탎 (1.429 kHz)",
"81561","4.078 s","Timing","Times","Time","550.000 탎 (1.818 kHz)",
"81572","4.079 s","Timing","Times","Time","700.000 탎 (1.429 kHz)",
"81586","4.079 s","Timing","Times","Time","550.000 탎 (1.818 kHz)",
"81597","4.080 s","Timing","Times","Time","700.000 탎 (1.429 kHz)",
"81611","4.081 s","Timing","Times","Time","550.000 탎 (1.818 kHz)",
"81622","4.081 s","Timing","Times","Time","1.850 ms (540.541 Hz)",
"81659","4.083 s","Timing","Times","Time","550.000 탎 (1.818 kHz)",
"81670","4.083 s","Timing","Times","Time","700.000 탎 (1.429 kHz)",
"81684","4.084 s","Timing","Times","Time","550.000 탎 (1.818 kHz)",
"81695","4.085 s","Timing","Times","Time","1.850 ms (540.541 Hz)",
"81732","4.087 s","Timing","Times","Time","550.000 탎 (1.818 kHz)",
"81743","4.087 s","Timing","Times","Time","700.000 탎 (1.429 kHz)",
"81757","4.088 s","Timing","Times","Time","550.000 탎 (1.818 kHz)",
"81768","4.088 s","Timing","Times","Time","1.850 ms (540.541 Hz)",
"81805","4.090 s","Timing","Times","Time","550.000 탎 (1.818 kHz)",
"81816","4.091 s","Timing","Times","Time","1.850 ms (540.541 Hz)",
"81853","4.093 s","Timing","Times","Time","550.000 탎 (1.818 kHz)",
"81864","4.093 s","Timing","Times","Time","1.850 ms (540.541 Hz)",
"81901","4.095 s","Timing","Times","Time","84.300 ms (11.862 Hz)",
"83587","4.179 s","Timing","Times","Time","1.350 ms (740.741 Hz)",
"83614","4.181 s","Timing","Times","Time","2.550 ms (392.157 Hz)",
"83665","4.183 s","Timing","Times","Time","700.000 탎 (1.429 kHz)",
"83679","4.184 s","Timing","Times","Time","550.000 탎 (1.818 kHz)",
"83690","4.184 s","Timing","Times","Time","700.000 탎 (1.429 kHz)",
"83704","4.185 s","Timing","Times","Time","550.000 탎 (1.818 kHz)",
"83715","4.186 s","Timing","Times","Time","700.000 탎 (1.429 kHz)",
"83729","4.186 s","Timing","Times","Time","550.000 탎 (1.818 kHz)",
"83740","4.187 s","Timing","Times","Time","1.850 ms (540.541 Hz)",
"83777","4.189 s","Timing","Times","Time","550.000 탎 (1.818 kHz)",
"83788","4.189 s","Timing","Times","Time","1.850 ms (540.541 Hz)",
"83825","4.191 s","Timing","Times","Time","550.000 탎 (1.818 kHz)",
"83836","4.192 s","Timing","Times","Time","700.000 탎 (1.429 kHz)",
"83850","4.192 s","Timing","Times","Time","550.000 탎 (1.818 kHz)",
"83861","4.193 s","Timing","Times","Time","700.000 탎 (1.429 kHz)",
"83875","4.194 s","Timing","Times","Time","550.000 탎 (1.818 kHz)",
"83886","4.194 s","Timing","Times","Time","1.850 ms (540.541 Hz)",
"83923","4.196 s","Timing","Times","Time","550.000 탎 (1.818 kHz)",
"83934","4.197 s","Timing","Times","Time","1.850 ms (540.541 Hz)",
"83971","4.199 s","Timing","Times","Time","550.000 탎 (1.818 kHz)",
"83982","4.199 s","Timing","Times","Time","1.850 ms (540.541 Hz)",
"84019","4.201 s","Timing","Times","Time","550.000 탎 (1.818 kHz)",
"84030","4.202 s","Timing","Times","Time","1.850 ms (540.541 Hz)",
"84067","4.203 s","Timing","Times","Time","550.000 탎 (1.818 kHz)",
"84078","4.204 s","Timing","Times","Time","700.000 탎 (1.429 kHz)",
"84092","4.205 s","Timing","Times","Time","550.000 탎 (1.818 kHz)",
"84103","4.205 s","Timing","Times","Time","700.000 탎 (1.429 kHz)",
"84117","4.206 s","Timing","Times","Time","550.000 탎 (1.818 kHz)",
"84128","4.206 s","Timing","Times","Time","1.850 ms (540.541 Hz)",
"84165","4.208 s","Timing","Times","Time","550.000 탎 (1.818 kHz)",
"84176","4.209 s","Timing","Times","Time","1.850 ms (540.541 Hz)",
"84213","4.211 s","Timing","Times","Time","600.000 탎 (1.667 kHz)",
"84225","4.211 s","Timing","Times","Time","650.000 탎 (1.538 kHz)",
"84238","4.212 s","Timing","Times","Time","550.000 탎 (1.818 kHz)",
"84249","4.212 s","Timing","Times","Time","1.850 ms (540.541 Hz)",
"84286","4.214 s","Timing","Times","Time","600.000 탎 (1.667 kHz)",
"84298","4.215 s","Timing","Times","Time","650.000 탎 (1.538 kHz)",
"84311","4.216 s","Timing","Times","Time","550.000 탎 (1.818 kHz)",
"84322","4.216 s","Timing","Times","Time","1.850 ms (540.541 Hz)",
"84359","4.218 s","Timing","Times","Time","600.000 탎 (1.667 kHz)",
"84371","4.219 s","Timing","Times","Time","650.000 탎 (1.538 kHz)",
"84384","4.219 s","Timing","Times","Time","550.000 탎 (1.818 kHz)",
"84395","4.220 s","Timing","Times","Time","1.850 ms (540.541 Hz)",
"84432","4.222 s","Timing","Times","Time","600.000 탎 (1.667 kHz)",
"84444","4.222 s","Timing","Times","Time","650.000 탎 (1.538 kHz)",
"84457","4.223 s","Timing","Times","Time","600.000 탎 (1.667 kHz)",
"84469","4.223 s","Timing","Times","Time","650.000 탎 (1.538 kHz)",
"84482","4.224 s","Timing","Times","Time","550.000 탎 (1.818 kHz)",
"84493","4.225 s","Timing","Times","Time","700.000 탎 (1.429 kHz)",
"84507","4.225 s","Timing","Times","Time","550.000 탎 (1.818 kHz)",
"84518","4.226 s","Timing","Times","Time","700.000 탎 (1.429 kHz)",
"84532","4.227 s","Timing","Times","Time","550.000 탎 (1.818 kHz)",
"84543","4.227 s","Timing","Times","Time","1.850 ms (540.541 Hz)",
"84580","4.229 s","Timing","Times","Time","550.000 탎 (1.818 kHz)",
"84591","4.230 s","Timing","Times","Time","700.000 탎 (1.429 kHz)",
"84605","4.230 s","Timing","Times","Time","550.000 탎 (1.818 kHz)",
"84616","4.231 s","Timing","Times","Time","1.850 ms (540.541 Hz)",
"84653","4.233 s","Timing","Times","Time","550.000 탎 (1.818 kHz)",
"84664","4.233 s","Timing","Times","Time","700.000 탎 (1.429 kHz)",
"84678","4.234 s","Timing","Times","Time","550.000 탎 (1.818 kHz)",
"84689","4.234 s","Timing","Times","Time","1.850 ms (540.541 Hz)",
"84726","4.236 s","Timing","Times","Time","550.000 탎 (1.818 kHz)",
"84737","4.237 s","Timing","Times","Time","1.850 ms (540.541 Hz)",
"84774","4.239 s","Timing","Times","Time","600.000 탎 (1.667 kHz)",
"84786","4.239 s","Timing","Times","Time","1.800 ms (555.556 Hz)",
"84822","4.241 s","Timing","Times","Time","96.400 ms (10.373 Hz)",
"86750","4.338 s","Timing","Times","Time","1.350 ms (740.741 Hz)",
"86777","4.339 s","Timing","Times","Time","2.550 ms (392.157 Hz)",
"86828","4.341 s","Timing","Times","Time","700.000 탎 (1.429 kHz)",
"86842","4.342 s","Timing","Times","Time","550.000 탎 (1.818 kHz)",
"86853","4.343 s","Timing","Times","Time","700.000 탎 (1.429 kHz)",
"86867","4.343 s","Timing","Times","Time","550.000 탎 (1.818 kHz)",
"86878","4.344 s","Timing","Times","Time","700.000 탎 (1.429 kHz)",
"86892","4.345 s","Timing","Times","Time","550.000 탎 (1.818 kHz)",
"86903","4.345 s","Timing","Times","Time","1.850 ms (540.541 Hz)",
"86940","4.347 s","Timing","Times","Time","550.000 탎 (1.818 kHz)",
"86951","4.348 s","Timing","Times","Time","1.850 ms (540.541 Hz)",
"86988","4.349 s","Timing","Times","Time","550.000 탎 (1.818 kHz)",
"86999","4.350 s","Timing","Times","Time","700.000 탎 (1.429 kHz)",
"87013","4.351 s","Timing","Times","Time","550.000 탎 (1.818 kHz)",
"87024","4.351 s","Timing","Times","Time","700.000 탎 (1.429 kHz)",
"87038","4.352 s","Timing","Times","Time","550.000 탎 (1.818 kHz)",
"87049","4.352 s","Timing","Times","Time","1.850 ms (540.541 Hz)",
"87086","4.354 s","Timing","Times","Time","550.000 탎 (1.818 kHz)",
"87097","4.355 s","Timing","Times","Time","1.850 ms (540.541 Hz)",
"87134","4.357 s","Timing","Times","Time","550.000 탎 (1.818 kHz)",
"87145","4.357 s","Timing","Times","Time","1.850 ms (540.541 Hz)",
"87182","4.359 s","Timing","Times","Time","600.000 탎 (1.667 kHz)",
"87194","4.360 s","Timing","Times","Time","1.850 ms (540.541 Hz)",
"87231","4.362 s","Timing","Times","Time","550.000 탎 (1.818 kHz)",
"87242","4.362 s","Timing","Times","Time","650.000 탎 (1.538 kHz)",
"87255","4.363 s","Timing","Times","Time","600.000 탎 (1.667 kHz)",
"87267","4.363 s","Timing","Times","Time","650.000 탎 (1.538 kHz)",
"87280","4.364 s","Timing","Times","Time","600.000 탎 (1.667 kHz)",
"87292","4.365 s","Timing","Times","Time","1.850 ms (540.541 Hz)",
"87329","4.366 s","Timing","Times","Time","550.000 탎 (1.818 kHz)",
"87340","4.367 s","Timing","Times","Time","1.850 ms (540.541 Hz)",
"87377","4.369 s","Timing","Times","Time","550.000 탎 (1.818 kHz)",
"87388","4.369 s","Timing","Times","Time","700.000 탎 (1.429 kHz)",
"87402","4.370 s","Timing","Times","Time","550.000 탎 (1.818 kHz)",
"87413","4.371 s","Timing","Times","Time","1.850 ms (540.541 Hz)",
"87450","4.372 s","Timing","Times","Time","550.000 탎 (1.818 kHz)",
"87461","4.373 s","Timing","Times","Time","700.000 탎 (1.429 kHz)",
"87475","4.374 s","Timing","Times","Time","550.000 탎 (1.818 kHz)",
"87486","4.374 s","Timing","Times","Time","1.850 ms (540.541 Hz)",
"87523","4.376 s","Timing","Times","Time","550.000 탎 (1.818 kHz)",
"87534","4.377 s","Timing","Times","Time","700.000 탎 (1.429 kHz)",
"87548","4.377 s","Timing","Times","Time","550.000 탎 (1.818 kHz)",
"87559","4.378 s","Timing","Times","Time","1.850 ms (540.541 Hz)",
"87596","4.380 s","Timing","Times","Time","550.000 탎 (1.818 kHz)",
"87607","4.380 s","Timing","Times","Time","700.000 탎 (1.429 kHz)",
"87621","4.381 s","Timing","Times","Time","550.000 탎 (1.818 kHz)",
"87632","4.382 s","Timing","Times","Time","650.000 탎 (1.538 kHz)",
"87645","4.382 s","Timing","Times","Time","600.000 탎 (1.667 kHz)",
"87657","4.383 s","Timing","Times","Time","650.000 탎 (1.538 kHz)",
"87670","4.383 s","Timing","Times","Time","600.000 탎 (1.667 kHz)",
"87682","4.384 s","Timing","Times","Time","650.000 탎 (1.538 kHz)",
"87695","4.385 s","Timing","Times","Time","600.000 탎 (1.667 kHz)",
"87707","4.385 s","Timing","Times","Time","1.800 ms (555.556 Hz)",
"87743","4.387 s","Timing","Times","Time","600.000 탎 (1.667 kHz)",
"87755","4.388 s","Timing","Times","Time","650.000 탎 (1.538 kHz)",
"87768","4.388 s","Timing","Times","Time","600.000 탎 (1.667 kHz)",
"87780","4.389 s","Timing","Times","Time","1.800 ms (555.556 Hz)",
"87816","4.391 s","Timing","Times","Time","600.000 탎 (1.667 kHz)",
"87828","4.391 s","Timing","Times","Time","650.000 탎 (1.538 kHz)",
"87841","4.392 s","Timing","Times","Time","600.000 탎 (1.667 kHz)",
"87853","4.393 s","Timing","Times","Time","1.800 ms (555.556 Hz)",
"87889","4.394 s","Timing","Times","Time","600.000 탎 (1.667 kHz)",
"87901","4.395 s","Timing","Times","Time","1.850 ms (540.541 Hz)",
"87938","4.397 s","Timing","Times","Time","550.000 탎 (1.818 kHz)",
"87949","4.397 s","Timing","Times","Time","1.850 ms (540.541 Hz)",
"87986","4.399 s","Timing","Times","Time","85.050 ms (11.758 Hz)",
"89687","4.484 s","Timing","Times","Time","1.350 ms (740.741 Hz)",
"89714","4.486 s","Timing","Times","Time","2.550 ms (392.157 Hz)",
"89765","4.488 s","Timing","Times","Time","700.000 탎 (1.429 kHz)",
"89779","4.489 s","Timing","Times","Time","550.000 탎 (1.818 kHz)",
"89790","4.489 s","Timing","Times","Time","700.000 탎 (1.429 kHz)",
"89804","4.490 s","Timing","Times","Time","550.000 탎 (1.818 kHz)",
"89815","4.491 s","Timing","Times","Time","700.000 탎 (1.429 kHz)",
"89829","4.491 s","Timing","Times","Time","550.000 탎 (1.818 kHz)",
"89840","4.492 s","Timing","Times","Time","1.850 ms (540.541 Hz)",
"89877","4.494 s","Timing","Times","Time","550.000 탎 (1.818 kHz)",
"89888","4.494 s","Timing","Times","Time","1.850 ms (540.541 Hz)",
"89925","4.496 s","Timing","Times","Time","550.000 탎 (1.818 kHz)",
"89936","4.497 s","Timing","Times","Time","700.000 탎 (1.429 kHz)",
"89950","4.497 s","Timing","Times","Time","550.000 탎 (1.818 kHz)",
"89961","4.498 s","Timing","Times","Time","700.000 탎 (1.429 kHz)",
"89975","4.499 s","Timing","Times","Time","550.000 탎 (1.818 kHz)",
"89986","4.499 s","Timing","Times","Time","1.850 ms (540.541 Hz)",
"90023","4.501 s","Timing","Times","Time","550.000 탎 (1.818 kHz)",
"90034","4.502 s","Timing","Times","Time","1.850 ms (540.541 Hz)",
"90071","4.504 s","Timing","Times","Time","550.000 탎 (1.818 kHz)",
"90082","4.504 s","Timing","Times","Time","1.850 ms (540.541 Hz)",
"90119","4.506 s","Timing","Times","Time","600.000 탎 (1.667 kHz)",
"90131","4.507 s","Timing","Times","Time","1.850 ms (540.541 Hz)",
"90168","4.508 s","Timing","Times","Time","550.000 탎 (1.818 kHz)",
"90179","4.509 s","Timing","Times","Time","650.000 탎 (1.538 kHz)",
"90192","4.510 s","Timing","Times","Time","600.000 탎 (1.667 kHz)",
"90204","4.510 s","Timing","Times","Time","650.000 탎 (1.538 kHz)",
"90217","4.511 s","Timing","Times","Time","600.000 탎 (1.667 kHz)",
"90229","4.511 s","Timing","Times","Time","1.800 ms (555.556 Hz)",
"90265","4.513 s","Timing","Times","Time","600.000 탎 (1.667 kHz)",
"90277","4.514 s","Timing","Times","Time","1.850 ms (540.541 Hz)",
"90314","4.516 s","Timing","Times","Time","550.000 탎 (1.818 kHz)",
"90325","4.516 s","Timing","Times","Time","650.000 탎 (1.538 kHz)",
"90338","4.517 s","Timing","Times","Time","600.000 탎 (1.667 kHz)",
"90350","4.518 s","Timing","Times","Time","1.850 ms (540.541 Hz)",
"90387","4.519 s","Timing","Times","Time","550.000 탎 (1.818 kHz)",
"90398","4.520 s","Timing","Times","Time","650.000 탎 (1.538 kHz)",
"90411","4.521 s","Timing","Times","Time","600.000 탎 (1.667 kHz)",
"90423","4.521 s","Timing","Times","Time","1.850 ms (540.541 Hz)",
"90460","4.523 s","Timing","Times","Time","550.000 탎 (1.818 kHz)",
"90471","4.524 s","Timing","Times","Time","650.000 탎 (1.538 kHz)",
"90484","4.524 s","Timing","Times","Time","600.000 탎 (1.667 kHz)",
"90496","4.525 s","Timing","Times","Time","1.850 ms (540.541 Hz)",
"90533","4.527 s","Timing","Times","Time","550.000 탎 (1.818 kHz)",
"90544","4.527 s","Timing","Times","Time","700.000 탎 (1.429 kHz)",
"90558","4.528 s","Timing","Times","Time","550.000 탎 (1.818 kHz)",
"90569","4.528 s","Timing","Times","Time","650.000 탎 (1.538 kHz)",
"90582","4.529 s","Timing","Times","Time","600.000 탎 (1.667 kHz)",
"90594","4.530 s","Timing","Times","Time","650.000 탎 (1.538 kHz)",
"90607","4.530 s","Timing","Times","Time","600.000 탎 (1.667 kHz)",
"90619","4.531 s","Timing","Times","Time","650.000 탎 (1.538 kHz)",
"90632","4.532 s","Timing","Times","Time","550.000 탎 (1.818 kHz)",
"90643","4.532 s","Timing","Times","Time","1.850 ms (540.541 Hz)",
"90680","4.534 s","Timing","Times","Time","600.000 탎 (1.667 kHz)",
"90692","4.535 s","Timing","Times","Time","650.000 탎 (1.538 kHz)",
"90705","4.535 s","Timing","Times","Time","550.000 탎 (1.818 kHz)",
"90716","4.536 s","Timing","Times","Time","1.850 ms (540.541 Hz)",
"90753","4.538 s","Timing","Times","Time","600.000 탎 (1.667 kHz)",
"90765","4.538 s","Timing","Times","Time","650.000 탎 (1.538 kHz)",
"90778","4.539 s","Timing","Times","Time","600.000 탎 (1.667 kHz)",
"90790","4.540 s","Timing","Times","Time","1.800 ms (555.556 Hz)",
"90826","4.541 s","Timing","Times","Time","600.000 탎 (1.667 kHz)",
"90838","4.542 s","Timing","Times","Time","1.850 ms (540.541 Hz)",
"90875","4.544 s","Timing","Times","Time","550.000 탎 (1.818 kHz)",
"90886","4.544 s","Timing","Times","Time","1.850 ms (540.541 Hz)",
"90923","4.546 s","Timing","Times","Time","84.350 ms (11.855 Hz)",
"92610","4.630 s","Timing","Times","Time","1.350 ms (740.741 Hz)",
"92637","4.632 s","Timing","Times","Time","2.600 ms (384.615 Hz)",
"92689","4.634 s","Timing","Times","Time","700.000 탎 (1.429 kHz)",
"92703","4.635 s","Timing","Times","Time","550.000 탎 (1.818 kHz)",
"92714","4.636 s","Timing","Times","Time","700.000 탎 (1.429 kHz)",
"92728","4.636 s","Timing","Times","Time","550.000 탎 (1.818 kHz)",
"92739","4.637 s","Timing","Times","Time","700.000 탎 (1.429 kHz)",
"92753","4.638 s","Timing","Times","Time","550.000 탎 (1.818 kHz)",
"92764","4.638 s","Timing","Times","Time","1.850 ms (540.541 Hz)",
"92801","4.640 s","Timing","Times","Time","550.000 탎 (1.818 kHz)",
"92812","4.641 s","Timing","Times","Time","1.850 ms (540.541 Hz)",
"92849","4.642 s","Timing","Times","Time","550.000 탎 (1.818 kHz)",
"92860","4.643 s","Timing","Times","Time","700.000 탎 (1.429 kHz)",
"92874","4.644 s","Timing","Times","Time","550.000 탎 (1.818 kHz)",
"92885","4.644 s","Timing","Times","Time","700.000 탎 (1.429 kHz)",
"92899","4.645 s","Timing","Times","Time","550.000 탎 (1.818 kHz)",
"92910","4.646 s","Timing","Times","Time","1.850 ms (540.541 Hz)",
"92947","4.647 s","Timing","Times","Time","550.000 탎 (1.818 kHz)",
"92958","4.648 s","Timing","Times","Time","1.850 ms (540.541 Hz)",
"92995","4.650 s","Timing","Times","Time","550.000 탎 (1.818 kHz)",
"93006","4.650 s","Timing","Times","Time","1.850 ms (540.541 Hz)",
"93043","4.652 s","Timing","Times","Time","550.000 탎 (1.818 kHz)",
"93054","4.653 s","Timing","Times","Time","1.850 ms (540.541 Hz)",
"93091","4.655 s","Timing","Times","Time","550.000 탎 (1.818 kHz)",
"93102","4.655 s","Timing","Times","Time","700.000 탎 (1.429 kHz)",
"93116","4.656 s","Timing","Times","Time","550.000 탎 (1.818 kHz)",
"93127","4.656 s","Timing","Times","Time","700.000 탎 (1.429 kHz)",
"93141","4.657 s","Timing","Times","Time","550.000 탎 (1.818 kHz)",
"93152","4.658 s","Timing","Times","Time","1.850 ms (540.541 Hz)",
"93189","4.659 s","Timing","Times","Time","550.000 탎 (1.818 kHz)",
"93200","4.660 s","Timing","Times","Time","1.850 ms (540.541 Hz)",
"93237","4.662 s","Timing","Times","Time","550.000 탎 (1.818 kHz)",
"93248","4.662 s","Timing","Times","Time","700.000 탎 (1.429 kHz)",
"93262","4.663 s","Timing","Times","Time","550.000 탎 (1.818 kHz)",
"93273","4.664 s","Timing","Times","Time","1.850 ms (540.541 Hz)",
"93310","4.665 s","Timing","Times","Time","550.000 탎 (1.818 kHz)",
"93321","4.666 s","Timing","Times","Time","700.000 탎 (1.429 kHz)",
"93335","4.667 s","Timing","Times","Time","550.000 탎 (1.818 kHz)",
"93346","4.667 s","Timing","Times","Time","1.850 ms (540.541 Hz)",
"93383","4.669 s","Timing","Times","Time","550.000 탎 (1.818 kHz)",
"93394","4.670 s","Timing","Times","Time","700.000 탎 (1.429 kHz)",
"93408","4.670 s","Timing","Times","Time","550.000 탎 (1.818 kHz)",
"93419","4.671 s","Timing","Times","Time","1.850 ms (540.541 Hz)",
"93456","4.673 s","Timing","Times","Time","550.000 탎 (1.818 kHz)",
"93467","4.673 s","Timing","Times","Time","700.000 탎 (1.429 kHz)",
"93481","4.674 s","Timing","Times","Time","550.000 탎 (1.818 kHz)",
"93492","4.675 s","Timing","Times","Time","700.000 탎 (1.429 kHz)",
"93506","4.675 s","Timing","Times","Time","550.000 탎 (1.818 kHz)",
"93517","4.676 s","Timing","Times","Time","700.000 탎 (1.429 kHz)",
"93531","4.677 s","Timing","Times","Time","550.000 탎 (1.818 kHz)",
"93542","4.677 s","Timing","Times","Time","700.000 탎 (1.429 kHz)",
"93556","4.678 s","Timing","Times","Time","550.000 탎 (1.818 kHz)",
"93567","4.678 s","Timing","Times","Time","1.850 ms (540.541 Hz)",
"93604","4.680 s","Timing","Times","Time","550.000 탎 (1.818 kHz)",
"93615","4.681 s","Timing","Times","Time","700.000 탎 (1.429 kHz)",
"93629","4.681 s","Timing","Times","Time","550.000 탎 (1.818 kHz)",
"93640","4.682 s","Timing","Times","Time","1.850 ms (540.541 Hz)",
"93677","4.684 s","Timing","Times","Time","550.000 탎 (1.818 kHz)",
"93688","4.684 s","Timing","Times","Time","700.000 탎 (1.429 kHz)",
"93702","4.685 s","Timing","Times","Time","550.000 탎 (1.818 kHz)",
"93713","4.686 s","Timing","Times","Time","1.850 ms (540.541 Hz)",
"93750","4.688 s","Timing","Times","Time","550.000 탎 (1.818 kHz)",
"93761","4.688 s","Timing","Times","Time","1.850 ms (540.541 Hz)",
"93798","4.690 s","Timing","Times","Time","550.000 탎 (1.818 kHz)",
"93809","4.690 s","Timing","Times","Time","1.850 ms (540.541 Hz)",
"93846","4.692 s","Timing","Times","Time","84.100 ms (11.891 Hz)",
"95528","4.776 s","Timing","Times","Time","1.350 ms (740.741 Hz)",
"95555","4.778 s","Timing","Times","Time","2.600 ms (384.615 Hz)",
"95607","4.780 s","Timing","Times","Time","700.000 탎 (1.429 kHz)",
"95621","4.781 s","Timing","Times","Time","550.000 탎 (1.818 kHz)",
"95632","4.782 s","Timing","Times","Time","650.000 탎 (1.538 kHz)",
"95645","4.782 s","Timing","Times","Time","600.000 탎 (1.667 kHz)",
"95657","4.783 s","Timing","Times","Time","650.000 탎 (1.538 kHz)",
"95670","4.784 s","Timing","Times","Time","550.000 탎 (1.818 kHz)",
"95681","4.784 s","Timing","Times","Time","1.850 ms (540.541 Hz)",
"95718","4.786 s","Timing","Times","Time","600.000 탎 (1.667 kHz)",
"95730","4.787 s","Timing","Times","Time","1.850 ms (540.541 Hz)",
"95767","4.788 s","Timing","Times","Time","550.000 탎 (1.818 kHz)",
"95778","4.789 s","Timing","Times","Time","650.000 탎 (1.538 kHz)",
"95791","4.790 s","Timing","Times","Time","600.000 탎 (1.667 kHz)",
"95803","4.790 s","Timing","Times","Time","650.000 탎 (1.538 kHz)",
"95816","4.791 s","Timing","Times","Time","600.000 탎 (1.667 kHz)",
"95828","4.791 s","Timing","Times","Time","1.850 ms (540.541 Hz)",
"95865","4.793 s","Timing","Times","Time","550.000 탎 (1.818 kHz)",
"95876","4.794 s","Timing","Times","Time","1.850 ms (540.541 Hz)",
"95913","4.796 s","Timing","Times","Time","550.000 탎 (1.818 kHz)",
"95924","4.796 s","Timing","Times","Time","1.850 ms (540.541 Hz)",
"95961","4.798 s","Timing","Times","Time","550.000 탎 (1.818 kHz)",
"95972","4.799 s","Timing","Times","Time","1.850 ms (540.541 Hz)",
"96009","4.800 s","Timing","Times","Time","550.000 탎 (1.818 kHz)",
"96020","4.801 s","Timing","Times","Time","700.000 탎 (1.429 kHz)",
"96034","4.802 s","Timing","Times","Time","550.000 탎 (1.818 kHz)",
"96045","4.802 s","Timing","Times","Time","700.000 탎 (1.429 kHz)",
"96059","4.803 s","Timing","Times","Time","550.000 탎 (1.818 kHz)",
"96070","4.803 s","Timing","Times","Time","1.850 ms (540.541 Hz)",
"96107","4.805 s","Timing","Times","Time","550.000 탎 (1.818 kHz)",
"96118","4.806 s","Timing","Times","Time","1.850 ms (540.541 Hz)",
"96155","4.808 s","Timing","Times","Time","550.000 탎 (1.818 kHz)",
"96166","4.808 s","Timing","Times","Time","700.000 탎 (1.429 kHz)",
"96180","4.809 s","Timing","Times","Time","550.000 탎 (1.818 kHz)",
"96191","4.810 s","Timing","Times","Time","1.850 ms (540.541 Hz)",
"96228","4.811 s","Timing","Times","Time","550.000 탎 (1.818 kHz)",
"96239","4.812 s","Timing","Times","Time","700.000 탎 (1.429 kHz)",
"96253","4.813 s","Timing","Times","Time","550.000 탎 (1.818 kHz)",
"96264","4.813 s","Timing","Times","Time","1.850 ms (540.541 Hz)",
"96301","4.815 s","Timing","Times","Time","550.000 탎 (1.818 kHz)",
"96312","4.816 s","Timing","Times","Time","700.000 탎 (1.429 kHz)",
"96326","4.816 s","Timing","Times","Time","550.000 탎 (1.818 kHz)",
"96337","4.817 s","Timing","Times","Time","1.850 ms (540.541 Hz)",
"96374","4.819 s","Timing","Times","Time","550.000 탎 (1.818 kHz)",
"96385","4.819 s","Timing","Times","Time","700.000 탎 (1.429 kHz)",
"96399","4.820 s","Timing","Times","Time","550.000 탎 (1.818 kHz)",
"96410","4.821 s","Timing","Times","Time","700.000 탎 (1.429 kHz)",
"96424","4.821 s","Timing","Times","Time","550.000 탎 (1.818 kHz)",
"96435","4.822 s","Timing","Times","Time","700.000 탎 (1.429 kHz)",
"96449","4.822 s","Timing","Times","Time","550.000 탎 (1.818 kHz)",
"96460","4.823 s","Timing","Times","Time","700.000 탎 (1.429 kHz)",
"96474","4.824 s","Timing","Times","Time","550.000 탎 (1.818 kHz)",
"96485","4.824 s","Timing","Times","Time","1.850 ms (540.541 Hz)",
"96522","4.826 s","Timing","Times","Time","550.000 탎 (1.818 kHz)",
"96533","4.827 s","Timing","Times","Time","700.000 탎 (1.429 kHz)",
"96547","4.827 s","Timing","Times","Time","550.000 탎 (1.818 kHz)",
"96558","4.828 s","Timing","Times","Time","1.850 ms (540.541 Hz)",
"96595","4.830 s","Timing","Times","Time","550.000 탎 (1.818 kHz)",
"96606","4.830 s","Timing","Times","Time","700.000 탎 (1.429 kHz)",
"96620","4.831 s","Timing","Times","Time","550.000 탎 (1.818 kHz)",
"96631","4.832 s","Timing","Times","Time","1.850 ms (540.541 Hz)",
"96668","4.833 s","Timing","Times","Time","550.000 탎 (1.818 kHz)",
"96679","4.834 s","Timing","Times","Time","1.850 ms (540.541 Hz)",
"96716","4.836 s","Timing","Times","Time","550.000 탎 (1.818 kHz)",
"96727","4.836 s","Timing","Times","Time","1.850 ms (540.541 Hz)",
"96764","4.838 s","Timing","Times","Time","84.650 ms (11.813 Hz)",
"98457","4.923 s","Timing","Times","Time","1.350 ms (740.741 Hz)",
"98484","4.924 s","Timing","Times","Time","2.600 ms (384.615 Hz)",
"98536","4.927 s","Timing","Times","Time","700.000 탎 (1.429 kHz)",
"98550","4.928 s","Timing","Times","Time","550.000 탎 (1.818 kHz)",
"98561","4.928 s","Timing","Times","Time","700.000 탎 (1.429 kHz)",
"98575","4.929 s","Timing","Times","Time","550.000 탎 (1.818 kHz)",
"98586","4.929 s","Timing","Times","Time","700.000 탎 (1.429 kHz)",
"98600","4.930 s","Timing","Times","Time","550.000 탎 (1.818 kHz)",
"98611","4.931 s","Timing","Times","Time","1.850 ms (540.541 Hz)",
"98648","4.932 s","Timing","Times","Time","550.000 탎 (1.818 kHz)",
"98659","4.933 s","Timing","Times","Time","1.850 ms (540.541 Hz)",
"98696","4.935 s","Timing","Times","Time","550.000 탎 (1.818 kHz)",
"98707","4.935 s","Timing","Times","Time","700.000 탎 (1.429 kHz)",
"98721","4.936 s","Timing","Times","Time","550.000 탎 (1.818 kHz)",
"98732","4.937 s","Timing","Times","Time","700.000 탎 (1.429 kHz)",
"98746","4.937 s","Timing","Times","Time","550.000 탎 (1.818 kHz)",
"98757","4.938 s","Timing","Times","Time","1.850 ms (540.541 Hz)",
"98794","4.940 s","Timing","Times","Time","550.000 탎 (1.818 kHz)",
"98805","4.940 s","Timing","Times","Time","1.850 ms (540.541 Hz)",
"98842","4.942 s","Timing","Times","Time","550.000 탎 (1.818 kHz)",
"98853","4.943 s","Timing","Times","Time","1.850 ms (540.541 Hz)",
"98890","4.944 s","Timing","Times","Time","550.000 탎 (1.818 kHz)",
"98901","4.945 s","Timing","Times","Time","1.850 ms (540.541 Hz)",
"98938","4.947 s","Timing","Times","Time","550.000 탎 (1.818 kHz)",
"98949","4.947 s","Timing","Times","Time","700.000 탎 (1.429 kHz)",
"98963","4.948 s","Timing","Times","Time","550.000 탎 (1.818 kHz)",
"98974","4.949 s","Timing","Times","Time","700.000 탎 (1.429 kHz)",
"98988","4.949 s","Timing","Times","Time","550.000 탎 (1.818 kHz)",
"98999","4.950 s","Timing","Times","Time","1.850 ms (540.541 Hz)",
"99036","4.952 s","Timing","Times","Time","550.000 탎 (1.818 kHz)",
"99047","4.952 s","Timing","Times","Time","1.850 ms (540.541 Hz)",
"99084","4.954 s","Timing","Times","Time","550.000 탎 (1.818 kHz)",
"99095","4.955 s","Timing","Times","Time","700.000 탎 (1.429 kHz)",
"99109","4.955 s","Timing","Times","Time","550.000 탎 (1.818 kHz)",
"99120","4.956 s","Timing","Times","Time","1.850 ms (540.541 Hz)",
"99157","4.958 s","Timing","Times","Time","550.000 탎 (1.818 kHz)",
"99168","4.958 s","Timing","Times","Time","700.000 탎 (1.429 kHz)",
"99182","4.959 s","Timing","Times","Time","550.000 탎 (1.818 kHz)",
"99193","4.960 s","Timing","Times","Time","1.850 ms (540.541 Hz)",
"99230","4.962 s","Timing","Times","Time","550.000 탎 (1.818 kHz)",
"99241","4.962 s","Timing","Times","Time","700.000 탎 (1.429 kHz)",
"99255","4.963 s","Timing","Times","Time","550.000 탎 (1.818 kHz)",
"99266","4.963 s","Timing","Times","Time","1.850 ms (540.541 Hz)",
"99303","4.965 s","Timing","Times","Time","550.000 탎 (1.818 kHz)",
"99314","4.966 s","Timing","Times","Time","700.000 탎 (1.429 kHz)",
"99328","4.966 s","Timing","Times","Time","550.000 탎 (1.818 kHz)",
"99339","4.967 s","Timing","Times","Time","700.000 탎 (1.429 kHz)",
"99353","4.968 s","Timing","Times","Time","550.000 탎 (1.818 kHz)",
"99364","4.968 s","Timing","Times","Time","700.000 탎 (1.429 kHz)",
"99378","4.969 s","Timing","Times","Time","550.000 탎 (1.818 kHz)",
"99389","4.969 s","Timing","Times","Time","700.000 탎 (1.429 kHz)",
"99403","4.970 s","Timing","Times","Time","550.000 탎 (1.818 kHz)",
"99414","4.971 s","Timing","Times","Time","1.850 ms (540.541 Hz)",
"99451","4.973 s","Timing","Times","Time","550.000 탎 (1.818 kHz)",
"99462","4.973 s","Timing","Times","Time","700.000 탎 (1.429 kHz)",
"99476","4.974 s","Timing","Times","Time","550.000 탎 (1.818 kHz)",
"99487","4.974 s","Timing","Times","Time","1.850 ms (540.541 Hz)",
"99524","4.976 s","Timing","Times","Time","550.000 탎 (1.818 kHz)",
"99535","4.977 s","Timing","Times","Time","700.000 탎 (1.429 kHz)",
"99549","4.977 s","Timing","Times","Time","550.000 탎 (1.818 kHz)",
"99560","4.978 s","Timing","Times","Time","1.850 ms (540.541 Hz)",
"99597","4.980 s","Timing","Times","Time","550.000 탎 (1.818 kHz)",
"99608","4.980 s","Timing","Times","Time","1.850 ms (540.541 Hz)",
"99645","4.982 s","Timing","Times","Time","550.000 탎 (1.818 kHz)",
"99656","4.983 s","Timing","Times","Time","1.850 ms (540.541 Hz)",
"99693","4.985 s","Timing","Times","Time","84.700 ms (11.806 Hz)",
"101387","5.069 s","Timing","Times","Time","1.350 ms (740.741 Hz)",
"101414","5.071 s","Timing","Times","Time","2.600 ms (384.615 Hz)",
"101466","5.073 s","Timing","Times","Time","700.000 탎 (1.429 kHz)",
"101480","5.074 s","Timing","Times","Time","550.000 탎 (1.818 kHz)",
"101491","5.075 s","Timing","Times","Time","700.000 탎 (1.429 kHz)",
"101505","5.075 s","Timing","Times","Time","550.000 탎 (1.818 kHz)",
"101516","5.076 s","Timing","Times","Time","700.000 탎 (1.429 kHz)",
"101530","5.077 s","Timing","Times","Time","550.000 탎 (1.818 kHz)",
"101541","5.077 s","Timing","Times","Time","1.850 ms (540.541 Hz)",
"101578","5.079 s","Timing","Times","Time","550.000 탎 (1.818 kHz)",
"101589","5.079 s","Timing","Times","Time","1.850 ms (540.541 Hz)",
"101626","5.081 s","Timing","Times","Time","550.000 탎 (1.818 kHz)",
"101637","5.082 s","Timing","Times","Time","700.000 탎 (1.429 kHz)",
"101651","5.083 s","Timing","Times","Time","550.000 탎 (1.818 kHz)",
"101662","5.083 s","Timing","Times","Time","700.000 탎 (1.429 kHz)",
"101676","5.084 s","Timing","Times","Time","550.000 탎 (1.818 kHz)",
"101687","5.084 s","Timing","Times","Time","1.850 ms (540.541 Hz)",
"101724","5.086 s","Timing","Times","Time","550.000 탎 (1.818 kHz)",
"101735","5.087 s","Timing","Times","Time","1.850 ms (540.541 Hz)",
"101772","5.089 s","Timing","Times","Time","550.000 탎 (1.818 kHz)",
"101783","5.089 s","Timing","Times","Time","1.850 ms (540.541 Hz)",
"101820","5.091 s","Timing","Times","Time","550.000 탎 (1.818 kHz)",
"101831","5.092 s","Timing","Times","Time","1.850 ms (540.541 Hz)",
"101868","5.093 s","Timing","Times","Time","550.000 탎 (1.818 kHz)",
"101879","5.094 s","Timing","Times","Time","700.000 탎 (1.429 kHz)",
"101893","5.095 s","Timing","Times","Time","550.000 탎 (1.818 kHz)",
"101904","5.095 s","Timing","Times","Time","700.000 탎 (1.429 kHz)",
"101918","5.096 s","Timing","Times","Time","550.000 탎 (1.818 kHz)",
"101929","5.096 s","Timing","Times","Time","1.850 ms (540.541 Hz)",
"101966","5.098 s","Timing","Times","Time","550.000 탎 (1.818 kHz)",
"101977","5.099 s","Timing","Times","Time","1.850 ms (540.541 Hz)",
"102014","5.101 s","Timing","Times","Time","550.000 탎 (1.818 kHz)",
"102025","5.101 s","Timing","Times","Time","700.000 탎 (1.429 kHz)",
"102039","5.102 s","Timing","Times","Time","550.000 탎 (1.818 kHz)",
"102050","5.103 s","Timing","Times","Time","1.850 ms (540.541 Hz)",
"102087","5.104 s","Timing","Times","Time","550.000 탎 (1.818 kHz)",
"102098","5.105 s","Timing","Times","Time","700.000 탎 (1.429 kHz)",
"102112","5.106 s","Timing","Times","Time","550.000 탎 (1.818 kHz)",
"102123","5.106 s","Timing","Times","Time","1.850 ms (540.541 Hz)",
"102160","5.108 s","Timing","Times","Time","550.000 탎 (1.818 kHz)",
"102171","5.109 s","Timing","Times","Time","700.000 탎 (1.429 kHz)",
"102185","5.109 s","Timing","Times","Time","550.000 탎 (1.818 kHz)",
"102196","5.110 s","Timing","Times","Time","1.850 ms (540.541 Hz)",
"102233","5.112 s","Timing","Times","Time","550.000 탎 (1.818 kHz)",
"102244","5.112 s","Timing","Times","Time","700.000 탎 (1.429 kHz)",
"102258","5.113 s","Timing","Times","Time","550.000 탎 (1.818 kHz)",
"102269","5.113 s","Timing","Times","Time","700.000 탎 (1.429 kHz)",
"102283","5.114 s","Timing","Times","Time","550.000 탎 (1.818 kHz)",
"102294","5.115 s","Timing","Times","Time","700.000 탎 (1.429 kHz)",
"102308","5.115 s","Timing","Times","Time","550.000 탎 (1.818 kHz)",
"102319","5.116 s","Timing","Times","Time","700.000 탎 (1.429 kHz)",
"102333","5.117 s","Timing","Times","Time","550.000 탎 (1.818 kHz)",
"102344","5.117 s","Timing","Times","Time","1.850 ms (540.541 Hz)",
"102381","5.119 s","Timing","Times","Time","550.000 탎 (1.818 kHz)",
"102392","5.120 s","Timing","Times","Time","700.000 탎 (1.429 kHz)",
"102406","5.120 s","Timing","Times","Time","550.000 탎 (1.818 kHz)",
"102417","5.121 s","Timing","Times","Time","1.850 ms (540.541 Hz)",
"102454","5.123 s","Timing","Times","Time","550.000 탎 (1.818 kHz)",
"102465","5.123 s","Timing","Times","Time","700.000 탎 (1.429 kHz)",
"102479","5.124 s","Timing","Times","Time","550.000 탎 (1.818 kHz)",
"102490","5.125 s","Timing","Times","Time","1.850 ms (540.541 Hz)",
"102527","5.126 s","Timing","Times","Time","550.000 탎 (1.818 kHz)",
"102538","5.127 s","Timing","Times","Time","1.850 ms (540.541 Hz)",
"102575","5.129 s","Timing","Times","Time","550.000 탎 (1.818 kHz)",
"102586","5.129 s","Timing","Times","Time","1.850 ms (540.541 Hz)",
"102623","5.131 s","Timing","Times","Time","84.350 ms (11.855 Hz)",
"104310","5.215 s","Timing","Times","Time","1.350 ms (740.741 Hz)",
"104337","5.217 s","Timing","Times","Time","2.550 ms (392.157 Hz)",
"104388","5.219 s","Timing","Times","Time","700.000 탎 (1.429 kHz)",
"104402","5.220 s","Timing","Times","Time","550.000 탎 (1.818 kHz)",
"104413","5.221 s","Timing","Times","Time","700.000 탎 (1.429 kHz)",
"104427","5.221 s","Timing","Times","Time","550.000 탎 (1.818 kHz)",
"104438","5.222 s","Timing","Times","Time","700.000 탎 (1.429 kHz)",
"104452","5.223 s","Timing","Times","Time","550.000 탎 (1.818 kHz)",
"104463","5.223 s","Timing","Times","Time","1.850 ms (540.541 Hz)",
"104500","5.225 s","Timing","Times","Time","550.000 탎 (1.818 kHz)",
"104511","5.226 s","Timing","Times","Time","1.850 ms (540.541 Hz)",
"104548","5.227 s","Timing","Times","Time","550.000 탎 (1.818 kHz)",
"104559","5.228 s","Timing","Times","Time","700.000 탎 (1.429 kHz)",
"104573","5.229 s","Timing","Times","Time","550.000 탎 (1.818 kHz)",
"104584","5.229 s","Timing","Times","Time","700.000 탎 (1.429 kHz)",
"104598","5.230 s","Timing","Times","Time","550.000 탎 (1.818 kHz)",
"104609","5.230 s","Timing","Times","Time","1.850 ms (540.541 Hz)",
"104646","5.232 s","Timing","Times","Time","550.000 탎 (1.818 kHz)",
"104657","5.233 s","Timing","Times","Time","1.850 ms (540.541 Hz)",
"104694","5.235 s","Timing","Times","Time","550.000 탎 (1.818 kHz)",
"104705","5.235 s","Timing","Times","Time","1.850 ms (540.541 Hz)",
"104742","5.237 s","Timing","Times","Time","550.000 탎 (1.818 kHz)",
"104753","5.238 s","Timing","Times","Time","1.850 ms (540.541 Hz)",
"104790","5.239 s","Timing","Times","Time","600.000 탎 (1.667 kHz)",
"104802","5.240 s","Timing","Times","Time","650.000 탎 (1.538 kHz)",
"104815","5.241 s","Timing","Times","Time","550.000 탎 (1.818 kHz)",
"104826","5.241 s","Timing","Times","Time","700.000 탎 (1.429 kHz)",
"104840","5.242 s","Timing","Times","Time","550.000 탎 (1.818 kHz)",
"104851","5.243 s","Timing","Times","Time","1.850 ms (540.541 Hz)",
"104888","5.244 s","Timing","Times","Time","600.000 탎 (1.667 kHz)",
"104900","5.245 s","Timing","Times","Time","1.800 ms (555.556 Hz)",
"104936","5.247 s","Timing","Times","Time","600.000 탎 (1.667 kHz)",
"104948","5.247 s","Timing","Times","Time","650.000 탎 (1.538 kHz)",
"104961","5.248 s","Timing","Times","Time","600.000 탎 (1.667 kHz)",
"104973","5.249 s","Timing","Times","Time","1.800 ms (555.556 Hz)",
"105009","5.250 s","Timing","Times","Time","600.000 탎 (1.667 kHz)",
"105021","5.251 s","Timing","Times","Time","650.000 탎 (1.538 kHz)",
"105034","5.252 s","Timing","Times","Time","600.000 탎 (1.667 kHz)",
"105046","5.252 s","Timing","Times","Time","1.800 ms (555.556 Hz)",
"105082","5.254 s","Timing","Times","Time","600.000 탎 (1.667 kHz)",
"105094","5.255 s","Timing","Times","Time","650.000 탎 (1.538 kHz)",
"105107","5.255 s","Timing","Times","Time","600.000 탎 (1.667 kHz)",
"105119","5.256 s","Timing","Times","Time","1.850 ms (540.541 Hz)",
"105156","5.258 s","Timing","Times","Time","550.000 탎 (1.818 kHz)",
"105167","5.258 s","Timing","Times","Time","650.000 탎 (1.538 kHz)",
"105180","5.259 s","Timing","Times","Time","600.000 탎 (1.667 kHz)",
"105192","5.260 s","Timing","Times","Time","650.000 탎 (1.538 kHz)",
"105205","5.260 s","Timing","Times","Time","600.000 탎 (1.667 kHz)",
"105217","5.261 s","Timing","Times","Time","650.000 탎 (1.538 kHz)",
"105230","5.261 s","Timing","Times","Time","550.000 탎 (1.818 kHz)",
"105241","5.262 s","Timing","Times","Time","700.000 탎 (1.429 kHz)",
"105255","5.263 s","Timing","Times","Time","550.000 탎 (1.818 kHz)",
"105266","5.263 s","Timing","Times","Time","1.850 ms (540.541 Hz)",
"105303","5.265 s","Timing","Times","Time","550.000 탎 (1.818 kHz)",
"105314","5.266 s","Timing","Times","Time","700.000 탎 (1.429 kHz)",
"105328","5.266 s","Timing","Times","Time","550.000 탎 (1.818 kHz)",
"105339","5.267 s","Timing","Times","Time","1.850 ms (540.541 Hz)",
"105376","5.269 s","Timing","Times","Time","550.000 탎 (1.818 kHz)",
"105387","5.269 s","Timing","Times","Time","700.000 탎 (1.429 kHz)",
"105401","5.270 s","Timing","Times","Time","550.000 탎 (1.818 kHz)",
"105412","5.271 s","Timing","Times","Time","1.850 ms (540.541 Hz)",
"105449","5.272 s","Timing","Times","Time","600.000 탎 (1.667 kHz)",
"105461","5.273 s","Timing","Times","Time","1.800 ms (555.556 Hz)",
"105497","5.275 s","Timing","Times","Time","600.000 탎 (1.667 kHz)",
"105509","5.275 s","Timing","Times","Time","1.850 ms (540.541 Hz)",
"105546","5.277 s","Timing","Times","Time","84.350 ms (11.855 Hz)",
"107233","5.362 s","Timing","Times","Time","1.350 ms (740.741 Hz)",
"107260","5.363 s","Timing","Times","Time","2.550 ms (392.157 Hz)",
"107311","5.366 s","Timing","Times","Time","700.000 탎 (1.429 kHz)",
"107325","5.366 s","Timing","Times","Time","550.000 탎 (1.818 kHz)",
"107336","5.367 s","Timing","Times","Time","700.000 탎 (1.429 kHz)",
"107350","5.367 s","Timing","Times","Time","550.000 탎 (1.818 kHz)",
"107361","5.368 s","Timing","Times","Time","700.000 탎 (1.429 kHz)",
"107375","5.369 s","Timing","Times","Time","550.000 탎 (1.818 kHz)",
"107386","5.369 s","Timing","Times","Time","1.850 ms (540.541 Hz)",
"107423","5.371 s","Timing","Times","Time","550.000 탎 (1.818 kHz)",
"107434","5.372 s","Timing","Times","Time","1.850 ms (540.541 Hz)",
"107471","5.374 s","Timing","Times","Time","550.000 탎 (1.818 kHz)",
"107482","5.374 s","Timing","Times","Time","700.000 탎 (1.429 kHz)",
"107496","5.375 s","Timing","Times","Time","550.000 탎 (1.818 kHz)",
"107507","5.375 s","Timing","Times","Time","700.000 탎 (1.429 kHz)",
"107521","5.376 s","Timing","Times","Time","550.000 탎 (1.818 kHz)",
"107532","5.377 s","Timing","Times","Time","1.850 ms (540.541 Hz)",
"107569","5.378 s","Timing","Times","Time","550.000 탎 (1.818 kHz)",
"107580","5.379 s","Timing","Times","Time","1.850 ms (540.541 Hz)",
"107617","5.381 s","Timing","Times","Time","550.000 탎 (1.818 kHz)",
"107628","5.381 s","Timing","Times","Time","1.850 ms (540.541 Hz)",
"107665","5.383 s","Timing","Times","Time","550.000 탎 (1.818 kHz)",
"107676","5.384 s","Timing","Times","Time","1.850 ms (540.541 Hz)",
"107713","5.386 s","Timing","Times","Time","550.000 탎 (1.818 kHz)",
"107724","5.386 s","Timing","Times","Time","700.000 탎 (1.429 kHz)",
"107738","5.387 s","Timing","Times","Time","550.000 탎 (1.818 kHz)",
"107749","5.387 s","Timing","Times","Time","700.000 탎 (1.429 kHz)",
"107763","5.388 s","Timing","Times","Time","550.000 탎 (1.818 kHz)",
"107774","5.389 s","Timing","Times","Time","1.850 ms (540.541 Hz)",
"107811","5.391 s","Timing","Times","Time","550.000 탎 (1.818 kHz)",
"107822","5.391 s","Timing","Times","Time","1.850 ms (540.541 Hz)",
"107859","5.393 s","Timing","Times","Time","550.000 탎 (1.818 kHz)",
"107870","5.394 s","Timing","Times","Time","700.000 탎 (1.429 kHz)",
"107884","5.394 s","Timing","Times","Time","550.000 탎 (1.818 kHz)",
"107895","5.395 s","Timing","Times","Time","1.850 ms (540.541 Hz)",
"107932","5.397 s","Timing","Times","Time","550.000 탎 (1.818 kHz)",
"107943","5.397 s","Timing","Times","Time","700.000 탎 (1.429 kHz)",
"107957","5.398 s","Timing","Times","Time","550.000 탎 (1.818 kHz)",
"107968","5.398 s","Timing","Times","Time","1.850 ms (540.541 Hz)",
"108005","5.400 s","Timing","Times","Time","550.000 탎 (1.818 kHz)",
"108016","5.401 s","Timing","Times","Time","700.000 탎 (1.429 kHz)",
"108030","5.402 s","Timing","Times","Time","550.000 탎 (1.818 kHz)",
"108041","5.402 s","Timing","Times","Time","1.850 ms (540.541 Hz)",
"108078","5.404 s","Timing","Times","Time","550.000 탎 (1.818 kHz)",
"108089","5.404 s","Timing","Times","Time","700.000 탎 (1.429 kHz)",
"108103","5.405 s","Timing","Times","Time","550.000 탎 (1.818 kHz)",
"108114","5.406 s","Timing","Times","Time","700.000 탎 (1.429 kHz)",
"108128","5.406 s","Timing","Times","Time","550.000 탎 (1.818 kHz)",
"108139","5.407 s","Timing","Times","Time","700.000 탎 (1.429 kHz)",
"108153","5.408 s","Timing","Times","Time","550.000 탎 (1.818 kHz)",
"108164","5.408 s","Timing","Times","Time","700.000 탎 (1.429 kHz)",
"108178","5.409 s","Timing","Times","Time","550.000 탎 (1.818 kHz)",
"108189","5.409 s","Timing","Times","Time","1.850 ms (540.541 Hz)",
"108226","5.411 s","Timing","Times","Time","550.000 탎 (1.818 kHz)",
"108237","5.412 s","Timing","Times","Time","700.000 탎 (1.429 kHz)",
"108251","5.413 s","Timing","Times","Time","550.000 탎 (1.818 kHz)",
"108262","5.413 s","Timing","Times","Time","1.850 ms (540.541 Hz)",
"108299","5.415 s","Timing","Times","Time","550.000 탎 (1.818 kHz)",
"108310","5.415 s","Timing","Times","Time","700.000 탎 (1.429 kHz)",
"108324","5.416 s","Timing","Times","Time","550.000 탎 (1.818 kHz)",
"108335","5.417 s","Timing","Times","Time","1.850 ms (540.541 Hz)",
"108372","5.419 s","Timing","Times","Time","550.000 탎 (1.818 kHz)",
"108383","5.419 s","Timing","Times","Time","1.850 ms (540.541 Hz)",
"108420","5.421 s","Timing","Times","Time","550.000 탎 (1.818 kHz)",
"108431","5.422 s","Timing","Times","Time","1.850 ms (540.541 Hz)",
"108468","5.423 s","Timing","Times","Time","84.350 ms (11.855 Hz)",
"110155","5.508 s","Timing","Times","Time","1.350 ms (740.741 Hz)",
"110182","5.509 s","Timing","Times","Time","2.550 ms (392.157 Hz)",
"110233","5.512 s","Timing","Times","Time","700.000 탎 (1.429 kHz)",
"110247","5.512 s","Timing","Times","Time","550.000 탎 (1.818 kHz)",
"110258","5.513 s","Timing","Times","Time","700.000 탎 (1.429 kHz)",
"110272","5.514 s","Timing","Times","Time","550.000 탎 (1.818 kHz)",
"110283","5.514 s","Timing","Times","Time","700.000 탎 (1.429 kHz)",
"110297","5.515 s","Timing","Times","Time","550.000 탎 (1.818 kHz)",
"110308","5.515 s","Timing","Times","Time","1.850 ms (540.541 Hz)",
"110345","5.517 s","Timing","Times","Time","550.000 탎 (1.818 kHz)",
"110356","5.518 s","Timing","Times","Time","1.850 ms (540.541 Hz)",
"110393","5.520 s","Timing","Times","Time","550.000 탎 (1.818 kHz)",
"110404","5.520 s","Timing","Times","Time","700.000 탎 (1.429 kHz)",
"110418","5.521 s","Timing","Times","Time","550.000 탎 (1.818 kHz)",
"110429","5.521 s","Timing","Times","Time","700.000 탎 (1.429 kHz)",
"110443","5.522 s","Timing","Times","Time","550.000 탎 (1.818 kHz)",
"110454","5.523 s","Timing","Times","Time","1.850 ms (540.541 Hz)",
"110491","5.525 s","Timing","Times","Time","550.000 탎 (1.818 kHz)",
"110502","5.525 s","Timing","Times","Time","1.850 ms (540.541 Hz)",
"110539","5.527 s","Timing","Times","Time","550.000 탎 (1.818 kHz)",
"110550","5.527 s","Timing","Times","Time","1.850 ms (540.541 Hz)",
"110587","5.529 s","Timing","Times","Time","550.000 탎 (1.818 kHz)",
"110598","5.530 s","Timing","Times","Time","1.850 ms (540.541 Hz)",
"110635","5.532 s","Timing","Times","Time","550.000 탎 (1.818 kHz)",
"110646","5.532 s","Timing","Times","Time","700.000 탎 (1.429 kHz)",
"110660","5.533 s","Timing","Times","Time","550.000 탎 (1.818 kHz)",
"110671","5.534 s","Timing","Times","Time","700.000 탎 (1.429 kHz)",
"110685","5.534 s","Timing","Times","Time","550.000 탎 (1.818 kHz)",
"110696","5.535 s","Timing","Times","Time","1.850 ms (540.541 Hz)",
"110733","5.537 s","Timing","Times","Time","550.000 탎 (1.818 kHz)",
"110744","5.537 s","Timing","Times","Time","1.850 ms (540.541 Hz)",
"110781","5.539 s","Timing","Times","Time","600.000 탎 (1.667 kHz)",
"110793","5.540 s","Timing","Times","Time","650.000 탎 (1.538 kHz)",
"110806","5.540 s","Timing","Times","Time","550.000 탎 (1.818 kHz)",
"110817","5.541 s","Timing","Times","Time","1.850 ms (540.541 Hz)",
"110854","5.543 s","Timing","Times","Time","600.000 탎 (1.667 kHz)",
"110866","5.543 s","Timing","Times","Time","650.000 탎 (1.538 kHz)",
"110879","5.544 s","Timing","Times","Time","550.000 탎 (1.818 kHz)",
"110890","5.545 s","Timing","Times","Time","1.850 ms (540.541 Hz)",
"110927","5.546 s","Timing","Times","Time","600.000 탎 (1.667 kHz)",
"110939","5.547 s","Timing","Times","Time","650.000 탎 (1.538 kHz)",
"110952","5.548 s","Timing","Times","Time","550.000 탎 (1.818 kHz)",
"110963","5.548 s","Timing","Times","Time","1.850 ms (540.541 Hz)",
"111000","5.550 s","Timing","Times","Time","600.000 탎 (1.667 kHz)",
"111012","5.551 s","Timing","Times","Time","650.000 탎 (1.538 kHz)",
"111025","5.551 s","Timing","Times","Time","550.000 탎 (1.818 kHz)",
"111036","5.552 s","Timing","Times","Time","700.000 탎 (1.429 kHz)",
"111050","5.553 s","Timing","Times","Time","550.000 탎 (1.818 kHz)",
"111061","5.553 s","Timing","Times","Time","700.000 탎 (1.429 kHz)",
"111075","5.554 s","Timing","Times","Time","550.000 탎 (1.818 kHz)",
"111086","5.554 s","Timing","Times","Time","700.000 탎 (1.429 kHz)",
"111100","5.555 s","Timing","Times","Time","550.000 탎 (1.818 kHz)",
"111111","5.556 s","Timing","Times","Time","1.850 ms (540.541 Hz)",
"111148","5.557 s","Timing","Times","Time","550.000 탎 (1.818 kHz)",
"111159","5.558 s","Timing","Times","Time","700.000 탎 (1.429 kHz)",
"111173","5.559 s","Timing","Times","Time","550.000 탎 (1.818 kHz)",
"111184","5.559 s","Timing","Times","Time","1.850 ms (540.541 Hz)",
"111221","5.561 s","Timing","Times","Time","550.000 탎 (1.818 kHz)",
"111232","5.562 s","Timing","Times","Time","700.000 탎 (1.429 kHz)",
"111246","5.562 s","Timing","Times","Time","550.000 탎 (1.818 kHz)",
"111257","5.563 s","Timing","Times","Time","1.850 ms (540.541 Hz)",
"111294","5.565 s","Timing","Times","Time","550.000 탎 (1.818 kHz)",
"111305","5.565 s","Timing","Times","Time","1.850 ms (540.541 Hz)",
"111342","5.567 s","Timing","Times","Time","600.000 탎 (1.667 kHz)",
"111354","5.568 s","Timing","Times","Time","1.800 ms (555.556 Hz)",
"111390","5.569 s","Timing","Times","Time","83.850 ms (11.926 Hz)",
"113067","5.653 s","Timing","Times","Time","1.350 ms (740.741 Hz)",
"113094","5.655 s","Timing","Times","Time","2.600 ms (384.615 Hz)",
"113146","5.657 s","Timing","Times","Time","700.000 탎 (1.429 kHz)",
"113160","5.658 s","Timing","Times","Time","550.000 탎 (1.818 kHz)",
"113171","5.659 s","Timing","Times","Time","700.000 탎 (1.429 kHz)",
"113185","5.659 s","Timing","Times","Time","550.000 탎 (1.818 kHz)",
"113196","5.660 s","Timing","Times","Time","700.000 탎 (1.429 kHz)",
"113210","5.660 s","Timing","Times","Time","550.000 탎 (1.818 kHz)",
"113221","5.661 s","Timing","Times","Time","1.850 ms (540.541 Hz)",
"113258","5.663 s","Timing","Times","Time","550.000 탎 (1.818 kHz)",
"113269","5.663 s","Timing","Times","Time","1.850 ms (540.541 Hz)",
"113306","5.665 s","Timing","Times","Time","550.000 탎 (1.818 kHz)",
"113317","5.666 s","Timing","Times","Time","700.000 탎 (1.429 kHz)",
"113331","5.667 s","Timing","Times","Time","550.000 탎 (1.818 kHz)",
"113342","5.667 s","Timing","Times","Time","700.000 탎 (1.429 kHz)",
"113356","5.668 s","Timing","Times","Time","550.000 탎 (1.818 kHz)",
"113367","5.668 s","Timing","Times","Time","1.850 ms (540.541 Hz)",
"113404","5.670 s","Timing","Times","Time","550.000 탎 (1.818 kHz)",
"113415","5.671 s","Timing","Times","Time","1.850 ms (540.541 Hz)",
"113452","5.673 s","Timing","Times","Time","550.000 탎 (1.818 kHz)",
"113463","5.673 s","Timing","Times","Time","1.850 ms (540.541 Hz)",
"113500","5.675 s","Timing","Times","Time","550.000 탎 (1.818 kHz)",
"113511","5.676 s","Timing","Times","Time","1.850 ms (540.541 Hz)",
"113548","5.677 s","Timing","Times","Time","550.000 탎 (1.818 kHz)",
"113559","5.678 s","Timing","Times","Time","700.000 탎 (1.429 kHz)",
"113573","5.679 s","Timing","Times","Time","550.000 탎 (1.818 kHz)",
"113584","5.679 s","Timing","Times","Time","700.000 탎 (1.429 kHz)",
"113598","5.680 s","Timing","Times","Time","550.000 탎 (1.818 kHz)",
"113609","5.680 s","Timing","Times","Time","1.850 ms (540.541 Hz)",
"113646","5.682 s","Timing","Times","Time","550.000 탎 (1.818 kHz)",
"113657","5.683 s","Timing","Times","Time","1.850 ms (540.541 Hz)",
"113694","5.685 s","Timing","Times","Time","550.000 탎 (1.818 kHz)",
"113705","5.685 s","Timing","Times","Time","700.000 탎 (1.429 kHz)",
"113719","5.686 s","Timing","Times","Time","550.000 탎 (1.818 kHz)",
"113730","5.686 s","Timing","Times","Time","1.850 ms (540.541 Hz)",
"113767","5.688 s","Timing","Times","Time","550.000 탎 (1.818 kHz)",
"113778","5.689 s","Timing","Times","Time","700.000 탎 (1.429 kHz)",
"113792","5.690 s","Timing","Times","Time","550.000 탎 (1.818 kHz)",
"113803","5.690 s","Timing","Times","Time","1.850 ms (540.541 Hz)",
"113840","5.692 s","Timing","Times","Time","550.000 탎 (1.818 kHz)",
"113851","5.693 s","Timing","Times","Time","700.000 탎 (1.429 kHz)",
"113865","5.693 s","Timing","Times","Time","550.000 탎 (1.818 kHz)",
"113876","5.694 s","Timing","Times","Time","1.850 ms (540.541 Hz)",
"113913","5.696 s","Timing","Times","Time","550.000 탎 (1.818 kHz)",
"113924","5.696 s","Timing","Times","Time","700.000 탎 (1.429 kHz)",
"113938","5.697 s","Timing","Times","Time","550.000 탎 (1.818 kHz)",
"113949","5.697 s","Timing","Times","Time","700.000 탎 (1.429 kHz)",
"113963","5.698 s","Timing","Times","Time","550.000 탎 (1.818 kHz)",
"113974","5.699 s","Timing","Times","Time","700.000 탎 (1.429 kHz)",
"113988","5.699 s","Timing","Times","Time","550.000 탎 (1.818 kHz)",
"113999","5.700 s","Timing","Times","Time","700.000 탎 (1.429 kHz)",
"114013","5.701 s","Timing","Times","Time","550.000 탎 (1.818 kHz)",
"114024","5.701 s","Timing","Times","Time","1.850 ms (540.541 Hz)",
"114061","5.703 s","Timing","Times","Time","550.000 탎 (1.818 kHz)",
"114072","5.704 s","Timing","Times","Time","700.000 탎 (1.429 kHz)",
"114086","5.704 s","Timing","Times","Time","550.000 탎 (1.818 kHz)",
"114097","5.705 s","Timing","Times","Time","1.850 ms (540.541 Hz)",
"114134","5.707 s","Timing","Times","Time","550.000 탎 (1.818 kHz)",
"114145","5.707 s","Timing","Times","Time","700.000 탎 (1.429 kHz)",
"114159","5.708 s","Timing","Times","Time","550.000 탎 (1.818 kHz)",
"114170","5.708 s","Timing","Times","Time","1.850 ms (540.541 Hz)",
"114207","5.710 s","Timing","Times","Time","550.000 탎 (1.818 kHz)",
"114218","5.711 s","Timing","Times","Time","1.850 ms (540.541 Hz)",
"114255","5.713 s","Timing","Times","Time","550.000 탎 (1.818 kHz)",
"114266","5.713 s","Timing","Times","Time","1.850 ms (540.541 Hz)",
