Sample,Time,Decoder,Ann Row,Ann Class,Value,
34015,1.701 s,Timing,Times,Time,1.150 ms (869.565 Hz),
34038,1.702 s,Timing,Times,Time,2.600 ms (384.615 Hz),
34090,1.704 s,Timing,Times,Time,500.000 탎 (2.000 kHz),
34100,1.705 s,Timing,Times,Time,600.000 탎 (1.667 kHz),
34112,1.706 s,Timing,Times,Time,550.000 탎 (1.818 kHz),
34123,1.706 s,Timing,Times,Time,600.000 탎 (1.667 kHz),
34135,1.707 s,Timing,Times,Time,500.000 탎 (2.000 kHz),
34145,1.707 s,Timing,Times,Time,600.000 탎 (1.667 kHz),
34157,1.708 s,Timing,Times,Time,1.600 ms (625.000 Hz),
34189,1.709 s,Timing,Times,Time,650.000 탎 (1.538 kHz),
34202,1.710 s,Timing,Times,Time,1.600 ms (625.000 Hz),
34234,1.712 s,Timing,Times,Time,600.000 탎 (1.667 kHz),
34246,1.712 s,Timing,Times,Time,500.000 탎 (2.000 kHz),
34256,1.713 s,Timing,Times,Time,600.000 탎 (1.667 kHz),
34268,1.713 s,Timing,Times,Time,550.000 탎 (1.818 kHz),
34279,1.714 s,Timing,Times,Time,550.000 탎 (1.818 kHz),
34290,1.714 s,Timing,Times,Time,1.650 ms (606.061 Hz),
34323,1.716 s,Timing,Times,Time,600.000 탎 (1.667 kHz),
34335,1.717 s,Timing,Times,Time,1.600 ms (625.000 Hz),
34367,1.718 s,Timing,Times,Time,600.000 탎 (1.667 kHz),
34379,1.719 s,Timing,Times,Time,1.650 ms (606.061 Hz),
34412,1.721 s,Timing,Times,Time,600.000 탎 (1.667 kHz),
34424,1.721 s,Timing,Times,Time,1.600 ms (625.000 Hz),
34456,1.723 s,Timing,Times,Time,600.000 탎 (1.667 kHz),
34468,1.723 s,Timing,Times,Time,500.000 탎 (2.000 kHz),
34478,1.724 s,Timing,Times,Time,600.000 탎 (1.667 kHz),
34490,1.724 s,Timing,Times,Time,550.000 탎 (1.818 kHz),
34501,1.725 s,Timing,Times,Time,600.000 탎 (1.667 kHz),
34513,1.726 s,Timing,Times,Time,1.600 ms (625.000 Hz),
34545,1.727 s,Timing,Times,Time,600.000 탎 (1.667 kHz),
34557,1.728 s,Timing,Times,Time,1.600 ms (625.000 Hz),
34589,1.729 s,Timing,Times,Time,600.000 탎 (1.667 kHz),
34601,1.730 s,Timing,Times,Time,550.000 탎 (1.818 kHz),
34612,1.731 s,Timing,Times,Time,600.000 탎 (1.667 kHz),
34624,1.731 s,Timing,Times,Time,1.600 ms (625.000 Hz),
34656,1.733 s,Timing,Times,Time,600.000 탎 (1.667 kHz),
34668,1.733 s,Timing,Times,Time,500.000 탎 (2.000 kHz),
34678,1.734 s,Timing,Times,Time,600.000 탎 (1.667 kHz),
34690,1.734 s,Timing,Times,Time,1.650 ms (606.061 Hz),
34723,1.736 s,Timing,Times,Time,600.000 탎 (1.667 kHz),
34735,1.737 s,Timing,Times,Time,500.000 탎 (2.000 kHz),
34745,1.737 s,Timing,Times,Time,600.000 탎 (1.667 kHz),
34757,1.738 s,Timing,Times,Time,1.650 ms (606.061 Hz),
34790,1.740 s,Timing,Times,Time,550.000 탎 (1.818 kHz),
34801,1.740 s,Timing,Times,Time,550.000 탎 (1.818 kHz),
34812,1.741 s,Timing,Times,Time,600.000 탎 (1.667 kHz),
34824,1.741 s,Timing,Times,Time,550.000 탎 (1.818 kHz),
34835,1.742 s,Timing,Times,Time,550.000 탎 (1.818 kHz),
34846,1.742 s,Timing,Times,Time,550.000 탎 (1.818 kHz),
34857,1.743 s,Timing,Times,Time,550.000 탎 (1.818 kHz),
34868,1.743 s,Timing,Times,Time,550.000 탎 (1.818 kHz),
34879,1.744 s,Timing,Times,Time,600.000 탎 (1.667 kHz),
34891,1.745 s,Timing,Times,Time,1.650 ms (606.061 Hz),
34924,1.746 s,Timing,Times,Time,550.000 탎 (1.818 kHz),
34935,1.747 s,Timing,Times,Time,550.000 탎 (1.818 kHz),
34946,1.747 s,Timing,Times,Time,550.000 탎 (1.818 kHz),
34957,1.748 s,Timing,Times,Time,1.650 ms (606.061 Hz),
34990,1.750 s,Timing,Times,Time,600.000 탎 (1.667 kHz),
35002,1.750 s,Timing,Times,Time,550.000 탎 (1.818 kHz),
35013,1.751 s,Timing,Times,Time,550.000 탎 (1.818 kHz),
35024,1.751 s,Timing,Times,Time,1.650 ms (606.061 Hz),
35057,1.753 s,Timing,Times,Time,550.000 탎 (1.818 kHz),
35068,1.753 s,Timing,Times,Time,1.650 ms (606.061 Hz),
35101,1.755 s,Timing,Times,Time,600.000 탎 (1.667 kHz),
35113,1.756 s,Timing,Times,Time,1.650 ms (606.061 Hz),
35146,1.757 s,Timing,Times,Time,80.800 ms (12.376 Hz),
36762,1.838 s,Timing,Times,Time,1.100 ms (909.091 Hz),
36784,1.839 s,Timing,Times,Time,2.600 ms (384.615 Hz),
36836,1.842 s,Timing,Times,Time,550.000 탎 (1.818 kHz),
36847,1.842 s,Timing,Times,Time,600.000 탎 (1.667 kHz),
36859,1.843 s,Timing,Times,Time,500.000 탎 (2.000 kHz),
36869,1.843 s,Timing,Times,Time,600.000 탎 (1.667 kHz),
36881,1.844 s,Timing,Times,Time,550.000 탎 (1.818 kHz),
36892,1.845 s,Timing,Times,Time,550.000 탎 (1.818 kHz),
36903,1.845 s,Timing,Times,Time,1.650 ms (606.061 Hz),
36936,1.847 s,Timing,Times,Time,600.000 탎 (1.667 kHz),
36948,1.847 s,Timing,Times,Time,1.650 ms (606.061 Hz),
36981,1.849 s,Timing,Times,Time,550.000 탎 (1.818 kHz),
36992,1.850 s,Timing,Times,Time,550.000 탎 (1.818 kHz),
37003,1.850 s,Timing,Times,Time,550.000 탎 (1.818 kHz),
37014,1.851 s,Timing,Times,Time,550.000 탎 (1.818 kHz),
37025,1.851 s,Timing,Times,Time,600.000 탎 (1.667 kHz),
37037,1.852 s,Timing,Times,Time,1.650 ms (606.061 Hz),
37070,1.853 s,Timing,Times,Time,550.000 탎 (1.818 kHz),
37081,1.854 s,Timing,Times,Time,1.650 ms (606.061 Hz),
37114,1.856 s,Timing,Times,Time,550.000 탎 (1.818 kHz),
37125,1.856 s,Timing,Times,Time,1.650 ms (606.061 Hz),
37158,1.858 s,Timing,Times,Time,600.000 탎 (1.667 kHz),
37170,1.859 s,Timing,Times,Time,1.650 ms (606.061 Hz),
37203,1.860 s,Timing,Times,Time,550.000 탎 (1.818 kHz),
37214,1.861 s,Timing,Times,Time,600.000 탎 (1.667 kHz),
37226,1.861 s,Timing,Times,Time,550.000 탎 (1.818 kHz),
37237,1.862 s,Timing,Times,Time,500.000 탎 (2.000 kHz),
37247,1.862 s,Timing,Times,Time,600.000 탎 (1.667 kHz),
37259,1.863 s,Timing,Times,Time,1.650 ms (606.061 Hz),
37292,1.865 s,Timing,Times,Time,550.000 탎 (1.818 kHz),
37303,1.865 s,Timing,Times,Time,1.650 ms (606.061 Hz),
37336,1.867 s,Timing,Times,Time,600.000 탎 (1.667 kHz),
37348,1.867 s,Timing,Times,Time,550.000 탎 (1.818 kHz),
37359,1.868 s,Timing,Times,Time,550.000 탎 (1.818 kHz),
37370,1.869 s,Timing,Times,Time,1.650 ms (606.061 Hz),
37403,1.870 s,Timing,Times,Time,550.000 탎 (1.818 kHz),
37414,1.871 s,Timing,Times,Time,600.000 탎 (1.667 kHz),
37426,1.871 s,Timing,Times,Time,550.000 탎 (1.818 kHz),
37437,1.872 s,Timing,Times,Time,1.650 ms (606.061 Hz),
37470,1.873 s,Timing,Times,Time,550.000 탎 (1.818 kHz),
37481,1.874 s,Timing,Times,Time,550.000 탎 (1.818 kHz),
37492,1.875 s,Timing,Times,Time,550.000 탎 (1.818 kHz),
37503,1.875 s,Timing,Times,Time,1.650 ms (606.061 Hz),
37536,1.877 s,Timing,Times,Time,600.000 탎 (1.667 kHz),
37548,1.877 s,Timing,Times,Time,550.000 탎 (1.818 kHz),
37559,1.878 s,Timing,Times,Time,550.000 탎 (1.818 kHz),
37570,1.879 s,Timing,Times,Time,550.000 탎 (1.818 kHz),
37581,1.879 s,Timing,Times,Time,550.000 탎 (1.818 kHz),
37592,1.880 s,Timing,Times,Time,600.000 탎 (1.667 kHz),
37604,1.880 s,Timing,Times,Time,550.000 탎 (1.818 kHz),
37615,1.881 s,Timing,Times,Time,550.000 탎 (1.818 kHz),
37626,1.881 s,Timing,Times,Time,550.000 탎 (1.818 kHz),
37637,1.882 s,Timing,Times,Time,1.650 ms (606.061 Hz),
37670,1.883 s,Timing,Times,Time,550.000 탎 (1.818 kHz),
37681,1.884 s,Timing,Times,Time,600.000 탎 (1.667 kHz),
37693,1.885 s,Timing,Times,Time,550.000 탎 (1.818 kHz),
37704,1.885 s,Timing,Times,Time,1.650 ms (606.061 Hz),
37737,1.887 s,Timing,Times,Time,550.000 탎 (1.818 kHz),
37748,1.887 s,Timing,Times,Time,550.000 탎 (1.818 kHz),
37759,1.888 s,Timing,Times,Time,550.000 탎 (1.818 kHz),
37770,1.889 s,Timing,Times,Time,1.700 ms (588.235 Hz),
37804,1.890 s,Timing,Times,Time,550.000 탎 (1.818 kHz),
37815,1.891 s,Timing,Times,Time,1.650 ms (606.061 Hz),
37848,1.892 s,Timing,Times,Time,550.000 탎 (1.818 kHz),
37859,1.893 s,Timing,Times,Time,1.700 ms (588.235 Hz),
37893,1.895 s,Timing,Times,Time,80.650 ms (12.399 Hz),
39506,1.975 s,Timing,Times,Time,1.100 ms (909.091 Hz),
39528,1.976 s,Timing,Times,Time,2.600 ms (384.615 Hz),
39580,1.979 s,Timing,Times,Time,550.000 탎 (1.818 kHz),
39591,1.980 s,Timing,Times,Time,550.000 탎 (1.818 kHz),
39602,1.980 s,Timing,Times,Time,600.000 탎 (1.667 kHz),
39614,1.981 s,Timing,Times,Time,550.000 탎 (1.818 kHz),
39625,1.981 s,Timing,Times,Time,550.000 탎 (1.818 kHz),
39636,1.982 s,Timing,Times,Time,550.000 탎 (1.818 kHz),
39647,1.982 s,Timing,Times,Time,1.650 ms (606.061 Hz),
39680,1.984 s,Timing,Times,Time,550.000 탎 (1.818 kHz),
39691,1.985 s,Timing,Times,Time,1.700 ms (588.235 Hz),
39725,1.986 s,Timing,Times,Time,550.000 탎 (1.818 kHz),
39736,1.987 s,Timing,Times,Time,550.000 탎 (1.818 kHz),
39747,1.987 s,Timing,Times,Time,550.000 탎 (1.818 kHz),
39758,1.988 s,Timing,Times,Time,550.000 탎 (1.818 kHz),
39769,1.988 s,Timing,Times,Time,550.000 탎 (1.818 kHz),
39780,1.989 s,Timing,Times,Time,1.700 ms (588.235 Hz),
39814,1.991 s,Timing,Times,Time,550.000 탎 (1.818 kHz),
39825,1.991 s,Timing,Times,Time,1.650 ms (606.061 Hz),
39858,1.993 s,Timing,Times,Time,550.000 탎 (1.818 kHz),
39869,1.993 s,Timing,Times,Time,1.700 ms (588.235 Hz),
39903,1.995 s,Timing,Times,Time,550.000 탎 (1.818 kHz),
39914,1.996 s,Timing,Times,Time,1.650 ms (606.061 Hz),
39947,1.997 s,Timing,Times,Time,550.000 탎 (1.818 kHz),
39958,1.998 s,Timing,Times,Time,550.000 탎 (1.818 kHz),
39969,1.998 s,Timing,Times,Time,550.000 탎 (1.818 kHz),
39980,1.999 s,Timing,Times,Time,600.000 탎 (1.667 kHz),
39992,2.000 s,Timing,Times,Time,550.000 탎 (1.818 kHz),
40003,2.000 s,Timing,Times,Time,1.650 ms (606.061 Hz),
40036,2.002 s,Timing,Times,Time,550.000 탎 (1.818 kHz),
40047,2.002 s,Timing,Times,Time,1.650 ms (606.061 Hz),
40080,2.004 s,Timing,Times,Time,550.000 탎 (1.818 kHz),
40091,2.005 s,Timing,Times,Time,600.000 탎 (1.667 kHz),
40103,2.005 s,Timing,Times,Time,550.000 탎 (1.818 kHz),
40114,2.006 s,Timing,Times,Time,1.650 ms (606.061 Hz),
40147,2.007 s,Timing,Times,Time,550.000 탎 (1.818 kHz),
40158,2.008 s,Timing,Times,Time,550.000 탎 (1.818 kHz),
40169,2.008 s,Timing,Times,Time,550.000 탎 (1.818 kHz),
40180,2.009 s,Timing,Times,Time,1.700 ms (588.235 Hz),
40214,2.011 s,Timing,Times,Time,550.000 탎 (1.818 kHz),
40225,2.011 s,Timing,Times,Time,550.000 탎 (1.818 kHz),
40236,2.012 s,Timing,Times,Time,550.000 탎 (1.818 kHz),
40247,2.012 s,Timing,Times,Time,1.700 ms (588.235 Hz),
40281,2.014 s,Timing,Times,Time,500.000 탎 (2.000 kHz),
40291,2.015 s,Timing,Times,Time,600.000 탎 (1.667 kHz),
40303,2.015 s,Timing,Times,Time,550.000 탎 (1.818 kHz),
40314,2.016 s,Timing,Times,Time,550.000 탎 (1.818 kHz),
40325,2.016 s,Timing,Times,Time,550.000 탎 (1.818 kHz),
40336,2.017 s,Timing,Times,Time,550.000 탎 (1.818 kHz),
40347,2.017 s,Timing,Times,Time,550.000 탎 (1.818 kHz),
40358,2.018 s,Timing,Times,Time,600.000 탎 (1.667 kHz),
40370,2.018 s,Timing,Times,Time,550.000 탎 (1.818 kHz),
40381,2.019 s,Timing,Times,Time,1.650 ms (606.061 Hz),
40414,2.021 s,Timing,Times,Time,550.000 탎 (1.818 kHz),
40425,2.021 s,Timing,Times,Time,550.000 탎 (1.818 kHz),
40436,2.022 s,Timing,Times,Time,550.000 탎 (1.818 kHz),
40447,2.022 s,Timing,Times,Time,1.700 ms (588.235 Hz),
40481,2.024 s,Timing,Times,Time,550.000 탎 (1.818 kHz),
40492,2.025 s,Timing,Times,Time,550.000 탎 (1.818 kHz),
40503,2.025 s,Timing,Times,Time,550.000 탎 (1.818 kHz),
40514,2.026 s,Timing,Times,Time,1.700 ms (588.235 Hz),
40548,2.027 s,Timing,Times,Time,500.000 탎 (2.000 kHz),
40558,2.028 s,Timing,Times,Time,1.700 ms (588.235 Hz),
40592,2.030 s,Timing,Times,Time,550.000 탎 (1.818 kHz),
40603,2.030 s,Timing,Times,Time,1.650 ms (606.061 Hz),
40636,2.032 s,Timing,Times,Time,79.250 ms (12.618 Hz),
42221,2.111 s,Timing,Times,Time,1.150 ms (869.565 Hz),
42244,2.112 s,Timing,Times,Time,2.550 ms (392.157 Hz),
42295,2.115 s,Timing,Times,Time,550.000 탎 (1.818 kHz),
42306,2.115 s,Timing,Times,Time,550.000 탎 (1.818 kHz),
42317,2.116 s,Timing,Times,Time,600.000 탎 (1.667 kHz),
42329,2.116 s,Timing,Times,Time,550.000 탎 (1.818 kHz),
42340,2.117 s,Timing,Times,Time,550.000 탎 (1.818 kHz),
42351,2.118 s,Timing,Times,Time,550.000 탎 (1.818 kHz),
42362,2.118 s,Timing,Times,Time,1.650 ms (606.061 Hz),
42395,2.120 s,Timing,Times,Time,550.000 탎 (1.818 kHz),
42406,2.120 s,Timing,Times,Time,1.700 ms (588.235 Hz),
42440,2.122 s,Timing,Times,Time,550.000 탎 (1.818 kHz),
42451,2.123 s,Timing,Times,Time,550.000 탎 (1.818 kHz),
42462,2.123 s,Timing,Times,Time,550.000 탎 (1.818 kHz),
42473,2.124 s,Timing,Times,Time,550.000 탎 (1.818 kHz),
42484,2.124 s,Timing,Times,Time,550.000 탎 (1.818 kHz),
42495,2.125 s,Timing,Times,Time,1.700 ms (588.235 Hz),
42529,2.126 s,Timing,Times,Time,550.000 탎 (1.818 kHz),
42540,2.127 s,Timing,Times,Time,1.650 ms (606.061 Hz),
42573,2.129 s,Timing,Times,Time,550.000 탎 (1.818 kHz),
42584,2.129 s,Timing,Times,Time,1.700 ms (588.235 Hz),
42618,2.131 s,Timing,Times,Time,500.000 탎 (2.000 kHz),
42628,2.131 s,Timing,Times,Time,1.700 ms (588.235 Hz),
42662,2.133 s,Timing,Times,Time,550.000 탎 (1.818 kHz),
42673,2.134 s,Timing,Times,Time,550.000 탎 (1.818 kHz),
42684,2.134 s,Timing,Times,Time,550.000 탎 (1.818 kHz),
42695,2.135 s,Timing,Times,Time,600.000 탎 (1.667 kHz),
42707,2.135 s,Timing,Times,Time,500.000 탎 (2.000 kHz),
42717,2.136 s,Timing,Times,Time,1.700 ms (588.235 Hz),
42751,2.138 s,Timing,Times,Time,550.000 탎 (1.818 kHz),
42762,2.138 s,Timing,Times,Time,1.650 ms (606.061 Hz),
42795,2.140 s,Timing,Times,Time,550.000 탎 (1.818 kHz),
42806,2.140 s,Timing,Times,Time,600.000 탎 (1.667 kHz),
42818,2.141 s,Timing,Times,Time,550.000 탎 (1.818 kHz),
42829,2.141 s,Timing,Times,Time,1.650 ms (606.061 Hz),
42862,2.143 s,Timing,Times,Time,550.000 탎 (1.818 kHz),
42873,2.144 s,Timing,Times,Time,550.000 탎 (1.818 kHz),
42884,2.144 s,Timing,Times,Time,550.000 탎 (1.818 kHz),
42895,2.145 s,Timing,Times,Time,1.700 ms (588.235 Hz),
42929,2.146 s,Timing,Times,Time,550.000 탎 (1.818 kHz),
42940,2.147 s,Timing,Times,Time,550.000 탎 (1.818 kHz),
42951,2.148 s,Timing,Times,Time,550.000 탎 (1.818 kHz),
42962,2.148 s,Timing,Times,Time,1.650 ms (606.061 Hz),
42995,2.150 s,Timing,Times,Time,550.000 탎 (1.818 kHz),
43006,2.150 s,Timing,Times,Time,600.000 탎 (1.667 kHz),
43018,2.151 s,Timing,Times,Time,550.000 탎 (1.818 kHz),
43029,2.151 s,Timing,Times,Time,550.000 탎 (1.818 kHz),
43040,2.152 s,Timing,Times,Time,550.000 탎 (1.818 kHz),
43051,2.153 s,Timing,Times,Time,550.000 탎 (1.818 kHz),
43062,2.153 s,Timing,Times,Time,550.000 탎 (1.818 kHz),
43073,2.154 s,Timing,Times,Time,600.000 탎 (1.667 kHz),
43085,2.154 s,Timing,Times,Time,550.000 탎 (1.818 kHz),
43096,2.155 s,Timing,Times,Time,1.650 ms (606.061 Hz),
43129,2.156 s,Timing,Times,Time,550.000 탎 (1.818 kHz),
43140,2.157 s,Timing,Times,Time,550.000 탎 (1.818 kHz),
43151,2.158 s,Timing,Times,Time,550.000 탎 (1.818 kHz),
43162,2.158 s,Timing,Times,Time,1.700 ms (588.235 Hz),
43196,2.160 s,Timing,Times,Time,550.000 탎 (1.818 kHz),
43207,2.160 s,Timing,Times,Time,550.000 탎 (1.818 kHz),
43218,2.161 s,Timing,Times,Time,550.000 탎 (1.818 kHz),
43229,2.161 s,Timing,Times,Time,1.650 ms (606.061 Hz),
43262,2.163 s,Timing,Times,Time,550.000 탎 (1.818 kHz),
43273,2.164 s,Timing,Times,Time,1.700 ms (588.235 Hz),
43307,2.165 s,Timing,Times,Time,550.000 탎 (1.818 kHz),
43318,2.166 s,Timing,Times,Time,1.650 ms (606.061 Hz),
43351,2.168 s,Timing,Times,Time,79.700 ms (12.547 Hz),
44945,2.247 s,Timing,Times,Time,1.150 ms (869.565 Hz),
44968,2.248 s,Timing,Times,Time,2.550 ms (392.157 Hz),
45019,2.251 s,Timing,Times,Time,600.000 탎 (1.667 kHz),
45031,2.252 s,Timing,Times,Time,500.000 탎 (2.000 kHz),
45041,2.252 s,Timing,Times,Time,600.000 탎 (1.667 kHz),
45053,2.253 s,Timing,Times,Time,550.000 탎 (1.818 kHz),
45064,2.253 s,Timing,Times,Time,550.000 탎 (1.818 kHz),
45075,2.254 s,Timing,Times,Time,550.000 탎 (1.818 kHz),
45086,2.254 s,Timing,Times,Time,1.700 ms (588.235 Hz),
45120,2.256 s,Timing,Times,Time,500.000 탎 (2.000 kHz),
45130,2.256 s,Timing,Times,Time,1.700 ms (588.235 Hz),
45164,2.258 s,Timing,Times,Time,550.000 탎 (1.818 kHz),
45175,2.259 s,Timing,Times,Time,550.000 탎 (1.818 kHz),
45186,2.259 s,Timing,Times,Time,550.000 탎 (1.818 kHz),
45197,2.260 s,Timing,Times,Time,600.000 탎 (1.667 kHz),
45209,2.260 s,Timing,Times,Time,500.000 탎 (2.000 kHz),
45219,2.261 s,Timing,Times,Time,1.700 ms (588.235 Hz),
45253,2.263 s,Timing,Times,Time,550.000 탎 (1.818 kHz),
45264,2.263 s,Timing,Times,Time,1.650 ms (606.061 Hz),
45297,2.265 s,Timing,Times,Time,550.000 탎 (1.818 kHz),
45308,2.265 s,Timing,Times,Time,1.700 ms (588.235 Hz),
45342,2.267 s,Timing,Times,Time,550.000 탎 (1.818 kHz),
45353,2.268 s,Timing,Times,Time,1.650 ms (606.061 Hz),
45386,2.269 s,Timing,Times,Time,550.000 탎 (1.818 kHz),
45397,2.270 s,Timing,Times,Time,550.000 탎 (1.818 kHz),
45408,2.270 s,Timing,Times,Time,550.000 탎 (1.818 kHz),
45419,2.271 s,Timing,Times,Time,600.000 탎 (1.667 kHz),
45431,2.272 s,Timing,Times,Time,550.000 탎 (1.818 kHz),
45442,2.272 s,Timing,Times,Time,1.650 ms (606.061 Hz),
45475,2.274 s,Timing,Times,Time,550.000 탎 (1.818 kHz),
45486,2.274 s,Timing,Times,Time,1.700 ms (588.235 Hz),
45520,2.276 s,Timing,Times,Time,500.000 탎 (2.000 kHz),
45530,2.276 s,Timing,Times,Time,600.000 탎 (1.667 kHz),
45542,2.277 s,Timing,Times,Time,550.000 탎 (1.818 kHz),
45553,2.278 s,Timing,Times,Time,1.650 ms (606.061 Hz),
45586,2.279 s,Timing,Times,Time,550.000 탎 (1.818 kHz),
45597,2.280 s,Timing,Times,Time,600.000 탎 (1.667 kHz),
45609,2.280 s,Timing,Times,Time,500.000 탎 (2.000 kHz),
45619,2.281 s,Timing,Times,Time,1.700 ms (588.235 Hz),
45653,2.283 s,Timing,Times,Time,550.000 탎 (1.818 kHz),
45664,2.283 s,Timing,Times,Time,550.000 탎 (1.818 kHz),
45675,2.284 s,Timing,Times,Time,550.000 탎 (1.818 kHz),
45686,2.284 s,Timing,Times,Time,1.700 ms (588.235 Hz),
45720,2.286 s,Timing,Times,Time,550.000 탎 (1.818 kHz),
45731,2.287 s,Timing,Times,Time,550.000 탎 (1.818 kHz),
45742,2.287 s,Timing,Times,Time,550.000 탎 (1.818 kHz),
45753,2.288 s,Timing,Times,Time,550.000 탎 (1.818 kHz),
45764,2.288 s,Timing,Times,Time,550.000 탎 (1.818 kHz),
45775,2.289 s,Timing,Times,Time,550.000 탎 (1.818 kHz),
45786,2.289 s,Timing,Times,Time,550.000 탎 (1.818 kHz),
45797,2.290 s,Timing,Times,Time,600.000 탎 (1.667 kHz),
45809,2.290 s,Timing,Times,Time,550.000 탎 (1.818 kHz),
45820,2.291 s,Timing,Times,Time,1.650 ms (606.061 Hz),
45853,2.293 s,Timing,Times,Time,550.000 탎 (1.818 kHz),
45864,2.293 s,Timing,Times,Time,550.000 탎 (1.818 kHz),
45875,2.294 s,Timing,Times,Time,550.000 탎 (1.818 kHz),
45886,2.294 s,Timing,Times,Time,1.700 ms (588.235 Hz),
45920,2.296 s,Timing,Times,Time,550.000 탎 (1.818 kHz),
45931,2.297 s,Timing,Times,Time,550.000 탎 (1.818 kHz),
45942,2.297 s,Timing,Times,Time,550.000 탎 (1.818 kHz),
45953,2.298 s,Timing,Times,Time,1.700 ms (588.235 Hz),
45987,2.299 s,Timing,Times,Time,550.000 탎 (1.818 kHz),
45998,2.300 s,Timing,Times,Time,1.650 ms (606.061 Hz),
46031,2.302 s,Timing,Times,Time,550.000 탎 (1.818 kHz),
46042,2.302 s,Timing,Times,Time,1.650 ms (606.061 Hz),
46075,2.304 s,Timing,Times,Time,80.400 ms (12.438 Hz),
47683,2.384 s,Timing,Times,Time,1.100 ms (909.091 Hz),
47705,2.385 s,Timing,Times,Time,2.600 ms (384.615 Hz),
47757,2.388 s,Timing,Times,Time,550.000 탎 (1.818 kHz),
47768,2.388 s,Timing,Times,Time,550.000 탎 (1.818 kHz),
47779,2.389 s,Timing,Times,Time,550.000 탎 (1.818 kHz),
47790,2.389 s,Timing,Times,Time,550.000 탎 (1.818 kHz),
47801,2.390 s,Timing,Times,Time,600.000 탎 (1.667 kHz),
47813,2.391 s,Timing,Times,Time,550.000 탎 (1.818 kHz),
47824,2.391 s,Timing,Times,Time,1.650 ms (606.061 Hz),
47857,2.393 s,Timing,Times,Time,550.000 탎 (1.818 kHz),
47868,2.393 s,Timing,Times,Time,1.650 ms (606.061 Hz),
47901,2.395 s,Timing,Times,Time,550.000 탎 (1.818 kHz),
47912,2.396 s,Timing,Times,Time,600.000 탎 (1.667 kHz),
47924,2.396 s,Timing,Times,Time,550.000 탎 (1.818 kHz),
47935,2.397 s,Timing,Times,Time,550.000 탎 (1.818 kHz),
47946,2.397 s,Timing,Times,Time,550.000 탎 (1.818 kHz),
47957,2.398 s,Timing,Times,Time,1.650 ms (606.061 Hz),
47990,2.400 s,Timing,Times,Time,550.000 탎 (1.818 kHz),
48001,2.400 s,Timing,Times,Time,1.700 ms (588.235 Hz),
48035,2.402 s,Timing,Times,Time,550.000 탎 (1.818 kHz),
48046,2.402 s,Timing,Times,Time,1.650 ms (606.061 Hz),
48079,2.404 s,Timing,Times,Time,550.000 탎 (1.818 kHz),
48090,2.405 s,Timing,Times,Time,1.700 ms (588.235 Hz),
48124,2.406 s,Timing,Times,Time,550.000 탎 (1.818 kHz),
48135,2.407 s,Timing,Times,Time,550.000 탎 (1.818 kHz),
48146,2.407 s,Timing,Times,Time,550.000 탎 (1.818 kHz),
48157,2.408 s,Timing,Times,Time,550.000 탎 (1.818 kHz),
48168,2.408 s,Timing,Times,Time,550.000 탎 (1.818 kHz),
48179,2.409 s,Timing,Times,Time,1.700 ms (588.235 Hz),
48213,2.411 s,Timing,Times,Time,550.000 탎 (1.818 kHz),
48224,2.411 s,Timing,Times,Time,1.650 ms (606.061 Hz),
48257,2.413 s,Timing,Times,Time,550.000 탎 (1.818 kHz),
48268,2.413 s,Timing,Times,Time,550.000 탎 (1.818 kHz),
48279,2.414 s,Timing,Times,Time,550.000 탎 (1.818 kHz),
48290,2.414 s,Timing,Times,Time,1.650 ms (606.061 Hz),
48323,2.416 s,Timing,Times,Time,600.000 탎 (1.667 kHz),
48335,2.417 s,Timing,Times,Time,550.000 탎 (1.818 kHz),
48346,2.417 s,Timing,Times,Time,550.000 탎 (1.818 kHz),
48357,2.418 s,Timing,Times,Time,1.650 ms (606.061 Hz),
48390,2.420 s,Timing,Times,Time,550.000 탎 (1.818 kHz),
48401,2.420 s,Timing,Times,Time,600.000 탎 (1.667 kHz),
48413,2.421 s,Timing,Times,Time,550.000 탎 (1.818 kHz),
48424,2.421 s,Timing,Times,Time,1.650 ms (606.061 Hz),
48457,2.423 s,Timing,Times,Time,550.000 탎 (1.818 kHz),
48468,2.423 s,Timing,Times,Time,550.000 탎 (1.818 kHz),
48479,2.424 s,Timing,Times,Time,550.000 탎 (1.818 kHz),
48490,2.425 s,Timing,Times,Time,550.000 탎 (1.818 kHz),
48501,2.425 s,Timing,Times,Time,600.000 탎 (1.667 kHz),
48513,2.426 s,Timing,Times,Time,550.000 탎 (1.818 kHz),
48524,2.426 s,Timing,Times,Time,550.000 탎 (1.818 kHz),
48535,2.427 s,Timing,Times,Time,550.000 탎 (1.818 kHz),
48546,2.427 s,Timing,Times,Time,550.000 탎 (1.818 kHz),
48557,2.428 s,Timing,Times,Time,1.650 ms (606.061 Hz),
48590,2.429 s,Timing,Times,Time,600.000 탎 (1.667 kHz),
48602,2.430 s,Timing,Times,Time,550.000 탎 (1.818 kHz),
48613,2.431 s,Timing,Times,Time,550.000 탎 (1.818 kHz),
48624,2.431 s,Timing,Times,Time,1.650 ms (606.061 Hz),
48657,2.433 s,Timing,Times,Time,600.000 탎 (1.667 kHz),
48669,2.433 s,Timing,Times,Time,500.000 탎 (2.000 kHz),
48679,2.434 s,Timing,Times,Time,600.000 탎 (1.667 kHz),
48691,2.435 s,Timing,Times,Time,1.650 ms (606.061 Hz),
48724,2.436 s,Timing,Times,Time,550.000 탎 (1.818 kHz),
48735,2.437 s,Timing,Times,Time,1.650 ms (606.061 Hz),
48768,2.438 s,Timing,Times,Time,600.000 탎 (1.667 kHz),
48780,2.439 s,Timing,Times,Time,1.600 ms (625.000 Hz),
48812,2.441 s,Timing,Times,Time,80.600 ms (12.407 Hz),
50424,2.521 s,Timing,Times,Time,1.100 ms (909.091 Hz),
50446,2.522 s,Timing,Times,Time,2.550 ms (392.157 Hz),
50497,2.525 s,Timing,Times,Time,600.000 탎 (1.667 kHz),
50509,2.525 s,Timing,Times,Time,550.000 탎 (1.818 kHz),
50520,2.526 s,Timing,Times,Time,550.000 탎 (1.818 kHz),
50531,2.527 s,Timing,Times,Time,550.000 탎 (1.818 kHz),
50542,2.527 s,Timing,Times,Time,550.000 탎 (1.818 kHz),
50553,2.528 s,Timing,Times,Time,550.000 탎 (1.818 kHz),
50564,2.528 s,Timing,Times,Time,1.650 ms (606.061 Hz),
50597,2.530 s,Timing,Times,Time,600.000 탎 (1.667 kHz),
50609,2.530 s,Timing,Times,Time,1.650 ms (606.061 Hz),
50642,2.532 s,Timing,Times,Time,550.000 탎 (1.818 kHz),
50653,2.533 s,Timing,Times,Time,550.000 탎 (1.818 kHz),
50664,2.533 s,Timing,Times,Time,550.000 탎 (1.818 kHz),
50675,2.534 s,Timing,Times,Time,550.000 탎 (1.818 kHz),
50686,2.534 s,Timing,Times,Time,600.000 탎 (1.667 kHz),
50698,2.535 s,Timing,Times,Time,1.650 ms (606.061 Hz),
50731,2.537 s,Timing,Times,Time,550.000 탎 (1.818 kHz),
50742,2.537 s,Timing,Times,Time,1.650 ms (606.061 Hz),
50775,2.539 s,Timing,Times,Time,550.000 탎 (1.818 kHz),
50786,2.539 s,Timing,Times,Time,1.650 ms (606.061 Hz),
50819,2.541 s,Timing,Times,Time,600.000 탎 (1.667 kHz),
50831,2.542 s,Timing,Times,Time,1.650 ms (606.061 Hz),
50864,2.543 s,Timing,Times,Time,550.000 탎 (1.818 kHz),
50875,2.544 s,Timing,Times,Time,550.000 탎 (1.818 kHz),
50886,2.544 s,Timing,Times,Time,600.000 탎 (1.667 kHz),
50898,2.545 s,Timing,Times,Time,500.000 탎 (2.000 kHz),
50908,2.545 s,Timing,Times,Time,600.000 탎 (1.667 kHz),
50920,2.546 s,Timing,Times,Time,1.650 ms (606.061 Hz),
50953,2.548 s,Timing,Times,Time,550.000 탎 (1.818 kHz),
50964,2.548 s,Timing,Times,Time,1.650 ms (606.061 Hz),
50997,2.550 s,Timing,Times,Time,600.000 탎 (1.667 kHz),
51009,2.550 s,Timing,Times,Time,500.000 탎 (2.000 kHz),
51019,2.551 s,Timing,Times,Time,600.000 탎 (1.667 kHz),
51031,2.552 s,Timing,Times,Time,1.650 ms (606.061 Hz),
51064,2.553 s,Timing,Times,Time,550.000 탎 (1.818 kHz),
51075,2.554 s,Timing,Times,Time,550.000 탎 (1.818 kHz),
51086,2.554 s,Timing,Times,Time,600.000 탎 (1.667 kHz),
51098,2.555 s,Timing,Times,Time,1.600 ms (625.000 Hz),
51130,2.557 s,Timing,Times,Time,600.000 탎 (1.667 kHz),
51142,2.557 s,Timing,Times,Time,550.000 탎 (1.818 kHz),
51153,2.558 s,Timing,Times,Time,550.000 탎 (1.818 kHz),
51164,2.558 s,Timing,Times,Time,1.650 ms (606.061 Hz),
51197,2.560 s,Timing,Times,Time,600.000 탎 (1.667 kHz),
51209,2.560 s,Timing,Times,Time,500.000 탎 (2.000 kHz),
51219,2.561 s,Timing,Times,Time,650.000 탎 (1.538 kHz),
51232,2.562 s,Timing,Times,Time,500.000 탎 (2.000 kHz),
51242,2.562 s,Timing,Times,Time,600.000 탎 (1.667 kHz),
51254,2.563 s,Timing,Times,Time,500.000 탎 (2.000 kHz),
51264,2.563 s,Timing,Times,Time,600.000 탎 (1.667 kHz),
51276,2.564 s,Timing,Times,Time,500.000 탎 (2.000 kHz),
51286,2.564 s,Timing,Times,Time,600.000 탎 (1.667 kHz),
51298,2.565 s,Timing,Times,Time,1.650 ms (606.061 Hz),
51331,2.567 s,Timing,Times,Time,600.000 탎 (1.667 kHz),
51343,2.567 s,Timing,Times,Time,500.000 탎 (2.000 kHz),
51353,2.568 s,Timing,Times,Time,600.000 탎 (1.667 kHz),
51365,2.568 s,Timing,Times,Time,1.600 ms (625.000 Hz),
51397,2.570 s,Timing,Times,Time,650.000 탎 (1.538 kHz),
51410,2.571 s,Timing,Times,Time,500.000 탎 (2.000 kHz),
51420,2.571 s,Timing,Times,Time,600.000 탎 (1.667 kHz),
51432,2.572 s,Timing,Times,Time,1.600 ms (625.000 Hz),
51464,2.573 s,Timing,Times,Time,600.000 탎 (1.667 kHz),
51476,2.574 s,Timing,Times,Time,1.650 ms (606.061 Hz),
51509,2.575 s,Timing,Times,Time,600.000 탎 (1.667 kHz),
51521,2.576 s,Timing,Times,Time,1.600 ms (625.000 Hz),
51553,2.578 s,Timing,Times,Time,80.700 ms (12.392 Hz),
53167,2.658 s,Timing,Times,Time,1.050 ms (952.381 Hz),
53188,2.659 s,Timing,Times,Time,2.650 ms (377.358 Hz),
53241,2.662 s,Timing,Times,Time,500.000 탎 (2.000 kHz),
53251,2.663 s,Timing,Times,Time,600.000 탎 (1.667 kHz),
53263,2.663 s,Timing,Times,Time,500.000 탎 (2.000 kHz),
53273,2.664 s,Timing,Times,Time,600.000 탎 (1.667 kHz),
53285,2.664 s,Timing,Times,Time,550.000 탎 (1.818 kHz),
53296,2.665 s,Timing,Times,Time,600.000 탎 (1.667 kHz),
53308,2.665 s,Timing,Times,Time,1.600 ms (625.000 Hz),
53340,2.667 s,Timing,Times,Time,600.000 탎 (1.667 kHz),
53352,2.668 s,Timing,Times,Time,1.650 ms (606.061 Hz),
53385,2.669 s,Timing,Times,Time,600.000 탎 (1.667 kHz),
53397,2.670 s,Timing,Times,Time,500.000 탎 (2.000 kHz),
53407,2.670 s,Timing,Times,Time,600.000 탎 (1.667 kHz),
53419,2.671 s,Timing,Times,Time,500.000 탎 (2.000 kHz),
53429,2.671 s,Timing,Times,Time,600.000 탎 (1.667 kHz),
53441,2.672 s,Timing,Times,Time,1.650 ms (606.061 Hz),
53474,2.674 s,Timing,Times,Time,600.000 탎 (1.667 kHz),
53486,2.674 s,Timing,Times,Time,1.600 ms (625.000 Hz),
53518,2.676 s,Timing,Times,Time,600.000 탎 (1.667 kHz),
53530,2.676 s,Timing,Times,Time,1.600 ms (625.000 Hz),
53562,2.678 s,Timing,Times,Time,600.000 탎 (1.667 kHz),
53574,2.679 s,Timing,Times,Time,1.650 ms (606.061 Hz),
53607,2.680 s,Timing,Times,Time,600.000 탎 (1.667 kHz),
53619,2.681 s,Timing,Times,Time,500.000 탎 (2.000 kHz),
53629,2.681 s,Timing,Times,Time,600.000 탎 (1.667 kHz),
53641,2.682 s,Timing,Times,Time,500.000 탎 (2.000 kHz),
53651,2.683 s,Timing,Times,Time,600.000 탎 (1.667 kHz),
53663,2.683 s,Timing,Times,Time,1.650 ms (606.061 Hz),
53696,2.685 s,Timing,Times,Time,600.000 탎 (1.667 kHz),
53708,2.685 s,Timing,Times,Time,1.600 ms (625.000 Hz),
53740,2.687 s,Timing,Times,Time,600.000 탎 (1.667 kHz),
53752,2.688 s,Timing,Times,Time,500.000 탎 (2.000 kHz),
53762,2.688 s,Timing,Times,Time,650.000 탎 (1.538 kHz),
53775,2.689 s,Timing,Times,Time,1.600 ms (625.000 Hz),
53807,2.690 s,Timing,Times,Time,600.000 탎 (1.667 kHz),
53819,2.691 s,Timing,Times,Time,500.000 탎 (2.000 kHz),
53829,2.691 s,Timing,Times,Time,600.000 탎 (1.667 kHz),
53841,2.692 s,Timing,Times,Time,1.600 ms (625.000 Hz),
53873,2.694 s,Timing,Times,Time,650.000 탎 (1.538 kHz),
53886,2.694 s,Timing,Times,Time,500.000 탎 (2.000 kHz),
53896,2.695 s,Timing,Times,Time,600.000 탎 (1.667 kHz),
53908,2.695 s,Timing,Times,Time,1.600 ms (625.000 Hz),
53940,2.697 s,Timing,Times,Time,600.000 탎 (1.667 kHz),
53952,2.698 s,Timing,Times,Time,500.000 탎 (2.000 kHz),
53962,2.698 s,Timing,Times,Time,650.000 탎 (1.538 kHz),
53975,2.699 s,Timing,Times,Time,500.000 탎 (2.000 kHz),
53985,2.699 s,Timing,Times,Time,600.000 탎 (1.667 kHz),
53997,2.700 s,Timing,Times,Time,500.000 탎 (2.000 kHz),
54007,2.700 s,Timing,Times,Time,600.000 탎 (1.667 kHz),
54019,2.701 s,Timing,Times,Time,500.000 탎 (2.000 kHz),
54029,2.701 s,Timing,Times,Time,650.000 탎 (1.538 kHz),
54042,2.702 s,Timing,Times,Time,1.600 ms (625.000 Hz),
54074,2.704 s,Timing,Times,Time,600.000 탎 (1.667 kHz),
54086,2.704 s,Timing,Times,Time,500.000 탎 (2.000 kHz),
54096,2.705 s,Timing,Times,Time,600.000 탎 (1.667 kHz),
54108,2.705 s,Timing,Times,Time,1.600 ms (625.000 Hz),
54140,2.707 s,Timing,Times,Time,650.000 탎 (1.538 kHz),
54153,2.708 s,Timing,Times,Time,500.000 탎 (2.000 kHz),
54163,2.708 s,Timing,Times,Time,600.000 탎 (1.667 kHz),
54175,2.709 s,Timing,Times,Time,1.600 ms (625.000 Hz),
54207,2.710 s,Timing,Times,Time,600.000 탎 (1.667 kHz),
54219,2.711 s,Timing,Times,Time,1.650 ms (606.061 Hz),
54252,2.713 s,Timing,Times,Time,600.000 탎 (1.667 kHz),
54264,2.713 s,Timing,Times,Time,1.600 ms (625.000 Hz),
54296,2.715 s,Timing,Times,Time,79.150 ms (12.634 Hz),
55879,2.794 s,Timing,Times,Time,1.050 ms (952.381 Hz),
55900,2.795 s,Timing,Times,Time,2.650 ms (377.358 Hz),
55953,2.798 s,Timing,Times,Time,500.000 탎 (2.000 kHz),
55963,2.798 s,Timing,Times,Time,600.000 탎 (1.667 kHz),
55975,2.799 s,Timing,Times,Time,500.000 탎 (2.000 kHz),
55985,2.799 s,Timing,Times,Time,600.000 탎 (1.667 kHz),
55997,2.800 s,Timing,Times,Time,500.000 탎 (2.000 kHz),
56007,2.800 s,Timing,Times,Time,650.000 탎 (1.538 kHz),
56020,2.801 s,Timing,Times,Time,1.600 ms (625.000 Hz),
56052,2.803 s,Timing,Times,Time,600.000 탎 (1.667 kHz),
56064,2.803 s,Timing,Times,Time,1.600 ms (625.000 Hz),
56096,2.805 s,Timing,Times,Time,600.000 탎 (1.667 kHz),
56108,2.805 s,Timing,Times,Time,550.000 탎 (1.818 kHz),
56119,2.806 s,Timing,Times,Time,600.000 탎 (1.667 kHz),
56131,2.807 s,Timing,Times,Time,500.000 탎 (2.000 kHz),
56141,2.807 s,Timing,Times,Time,600.000 탎 (1.667 kHz),
56153,2.808 s,Timing,Times,Time,1.600 ms (625.000 Hz),
56185,2.809 s,Timing,Times,Time,600.000 탎 (1.667 kHz),
56197,2.810 s,Timing,Times,Time,1.650 ms (606.061 Hz),
56230,2.812 s,Timing,Times,Time,600.000 탎 (1.667 kHz),
56242,2.812 s,Timing,Times,Time,1.600 ms (625.000 Hz),
56274,2.814 s,Timing,Times,Time,600.000 탎 (1.667 kHz),
56286,2.814 s,Timing,Times,Time,1.600 ms (625.000 Hz),
56318,2.816 s,Timing,Times,Time,650.000 탎 (1.538 kHz),
56331,2.817 s,Timing,Times,Time,500.000 탎 (2.000 kHz),
56341,2.817 s,Timing,Times,Time,600.000 탎 (1.667 kHz),
56353,2.818 s,Timing,Times,Time,500.000 탎 (2.000 kHz),
56363,2.818 s,Timing,Times,Time,600.000 탎 (1.667 kHz),
56375,2.819 s,Timing,Times,Time,1.600 ms (625.000 Hz),
56407,2.820 s,Timing,Times,Time,650.000 탎 (1.538 kHz),
56420,2.821 s,Timing,Times,Time,1.600 ms (625.000 Hz),
56452,2.823 s,Timing,Times,Time,600.000 탎 (1.667 kHz),
56464,2.823 s,Timing,Times,Time,500.000 탎 (2.000 kHz),
56474,2.824 s,Timing,Times,Time,600.000 탎 (1.667 kHz),
56486,2.824 s,Timing,Times,Time,1.650 ms (606.061 Hz),
56519,2.826 s,Timing,Times,Time,600.000 탎 (1.667 kHz),
56531,2.827 s,Timing,Times,Time,500.000 탎 (2.000 kHz),
56541,2.827 s,Timing,Times,Time,600.000 탎 (1.667 kHz),
56553,2.828 s,Timing,Times,Time,1.600 ms (625.000 Hz),
56585,2.829 s,Timing,Times,Time,600.000 탎 (1.667 kHz),
56597,2.830 s,Timing,Times,Time,550.000 탎 (1.818 kHz),
56608,2.830 s,Timing,Times,Time,600.000 탎 (1.667 kHz),
56620,2.831 s,Timing,Times,Time,1.600 ms (625.000 Hz),
56652,2.833 s,Timing,Times,Time,600.000 탎 (1.667 kHz),
56664,2.833 s,Timing,Times,Time,500.000 탎 (2.000 kHz),
56674,2.834 s,Timing,Times,Time,600.000 탎 (1.667 kHz),
56686,2.834 s,Timing,Times,Time,550.000 탎 (1.818 kHz),
56697,2.835 s,Timing,Times,Time,600.000 탎 (1.667 kHz),
56709,2.835 s,Timing,Times,Time,500.000 탎 (2.000 kHz),
56719,2.836 s,Timing,Times,Time,600.000 탎 (1.667 kHz),
56731,2.837 s,Timing,Times,Time,500.000 탎 (2.000 kHz),
56741,2.837 s,Timing,Times,Time,600.000 탎 (1.667 kHz),
56753,2.838 s,Timing,Times,Time,1.650 ms (606.061 Hz),
56786,2.839 s,Timing,Times,Time,600.000 탎 (1.667 kHz),
56798,2.840 s,Timing,Times,Time,500.000 탎 (2.000 kHz),
56808,2.840 s,Timing,Times,Time,600.000 탎 (1.667 kHz),
56820,2.841 s,Timing,Times,Time,1.600 ms (625.000 Hz),
56852,2.843 s,Timing,Times,Time,600.000 탎 (1.667 kHz),
56864,2.843 s,Timing,Times,Time,550.000 탎 (1.818 kHz),
56875,2.844 s,Timing,Times,Time,600.000 탎 (1.667 kHz),
56887,2.844 s,Timing,Times,Time,1.600 ms (625.000 Hz),
56919,2.846 s,Timing,Times,Time,600.000 탎 (1.667 kHz),
56931,2.847 s,Timing,Times,Time,1.600 ms (625.000 Hz),
56963,2.848 s,Timing,Times,Time,650.000 탎 (1.538 kHz),
56976,2.849 s,Timing,Times,Time,1.600 ms (625.000 Hz),
57008,2.850 s,Timing,Times,Time,79.800 ms (12.531 Hz),
58604,2.930 s,Timing,Times,Time,1.050 ms (952.381 Hz),
58625,2.931 s,Timing,Times,Time,2.650 ms (377.358 Hz),
58678,2.934 s,Timing,Times,Time,500.000 탎 (2.000 kHz),
58688,2.934 s,Timing,Times,Time,600.000 탎 (1.667 kHz),
58700,2.935 s,Timing,Times,Time,500.000 탎 (2.000 kHz),
58710,2.936 s,Timing,Times,Time,600.000 탎 (1.667 kHz),
58722,2.936 s,Timing,Times,Time,550.000 탎 (1.818 kHz),
58733,2.937 s,Timing,Times,Time,600.000 탎 (1.667 kHz),
58745,2.937 s,Timing,Times,Time,1.600 ms (625.000 Hz),
58777,2.939 s,Timing,Times,Time,600.000 탎 (1.667 kHz),
58789,2.939 s,Timing,Times,Time,1.600 ms (625.000 Hz),
58821,2.941 s,Timing,Times,Time,600.000 탎 (1.667 kHz),
58833,2.942 s,Timing,Times,Time,550.000 탎 (1.818 kHz),
58844,2.942 s,Timing,Times,Time,600.000 탎 (1.667 kHz),
58856,2.943 s,Timing,Times,Time,500.000 탎 (2.000 kHz),
58866,2.943 s,Timing,Times,Time,600.000 탎 (1.667 kHz),
58878,2.944 s,Timing,Times,Time,1.600 ms (625.000 Hz),
58910,2.946 s,Timing,Times,Time,650.000 탎 (1.538 kHz),
58923,2.946 s,Timing,Times,Time,1.600 ms (625.000 Hz),
58955,2.948 s,Timing,Times,Time,600.000 탎 (1.667 kHz),
58967,2.948 s,Timing,Times,Time,1.600 ms (625.000 Hz),
58999,2.950 s,Timing,Times,Time,600.000 탎 (1.667 kHz),
59011,2.951 s,Timing,Times,Time,1.650 ms (606.061 Hz),
59044,2.952 s,Timing,Times,Time,600.000 탎 (1.667 kHz),
59056,2.953 s,Timing,Times,Time,500.000 탎 (2.000 kHz),
59066,2.953 s,Timing,Times,Time,600.000 탎 (1.667 kHz),
59078,2.954 s,Timing,Times,Time,500.000 탎 (2.000 kHz),
59088,2.954 s,Timing,Times,Time,600.000 탎 (1.667 kHz),
59100,2.955 s,Timing,Times,Time,1.650 ms (606.061 Hz),
59133,2.957 s,Timing,Times,Time,600.000 탎 (1.667 kHz),
59145,2.957 s,Timing,Times,Time,1.600 ms (625.000 Hz),
59177,2.959 s,Timing,Times,Time,600.000 탎 (1.667 kHz),
59189,2.959 s,Timing,Times,Time,500.000 탎 (2.000 kHz),
59199,2.960 s,Timing,Times,Time,600.000 탎 (1.667 kHz),
59211,2.961 s,Timing,Times,Time,1.650 ms (606.061 Hz),
59244,2.962 s,Timing,Times,Time,600.000 탎 (1.667 kHz),
59256,2.963 s,Timing,Times,Time,500.000 탎 (2.000 kHz),
59266,2.963 s,Timing,Times,Time,600.000 탎 (1.667 kHz),
59278,2.964 s,Timing,Times,Time,1.600 ms (625.000 Hz),
59310,2.966 s,Timing,Times,Time,650.000 탎 (1.538 kHz),
59323,2.966 s,Timing,Times,Time,500.000 탎 (2.000 kHz),
59333,2.967 s,Timing,Times,Time,600.000 탎 (1.667 kHz),
59345,2.967 s,Timing,Times,Time,1.600 ms (625.000 Hz),
59377,2.969 s,Timing,Times,Time,600.000 탎 (1.667 kHz),
59389,2.969 s,Timing,Times,Time,500.000 탎 (2.000 kHz),
59399,2.970 s,Timing,Times,Time,650.000 탎 (1.538 kHz),
59412,2.971 s,Timing,Times,Time,500.000 탎 (2.000 kHz),
59422,2.971 s,Timing,Times,Time,600.000 탎 (1.667 kHz),
59434,2.972 s,Timing,Times,Time,500.000 탎 (2.000 kHz),
59444,2.972 s,Timing,Times,Time,600.000 탎 (1.667 kHz),
59456,2.973 s,Timing,Times,Time,500.000 탎 (2.000 kHz),
59466,2.973 s,Timing,Times,Time,600.000 탎 (1.667 kHz),
59478,2.974 s,Timing,Times,Time,1.650 ms (606.061 Hz),
59511,2.976 s,Timing,Times,Time,600.000 탎 (1.667 kHz),
59523,2.976 s,Timing,Times,Time,500.000 탎 (2.000 kHz),
59533,2.977 s,Timing,Times,Time,600.000 탎 (1.667 kHz),
59545,2.977 s,Timing,Times,Time,1.600 ms (625.000 Hz),
59577,2.979 s,Timing,Times,Time,650.000 탎 (1.538 kHz),
59590,2.979 s,Timing,Times,Time,500.000 탎 (2.000 kHz),
59600,2.980 s,Timing,Times,Time,600.000 탎 (1.667 kHz),
59612,2.981 s,Timing,Times,Time,1.600 ms (625.000 Hz),
59644,2.982 s,Timing,Times,Time,600.000 탎 (1.667 kHz),
59656,2.983 s,Timing,Times,Time,1.600 ms (625.000 Hz),
59688,2.984 s,Timing,Times,Time,650.000 탎 (1.538 kHz),
59701,2.985 s,Timing,Times,Time,1.600 ms (625.000 Hz),
59733,2.987 s,Timing,Times,Time,79.650 ms (12.555 Hz),
61326,3.066 s,Timing,Times,Time,1.050 ms (952.381 Hz),
61347,3.067 s,Timing,Times,Time,2.650 ms (377.358 Hz),
61400,3.070 s,Timing,Times,Time,500.000 탎 (2.000 kHz),
61410,3.071 s,Timing,Times,Time,600.000 탎 (1.667 kHz),
61422,3.071 s,Timing,Times,Time,550.000 탎 (1.818 kHz),
61433,3.072 s,Timing,Times,Time,600.000 탎 (1.667 kHz),
61445,3.072 s,Timing,Times,Time,500.000 탎 (2.000 kHz),
61455,3.073 s,Timing,Times,Time,600.000 탎 (1.667 kHz),
61467,3.073 s,Timing,Times,Time,1.600 ms (625.000 Hz),
61499,3.075 s,Timing,Times,Time,600.000 탎 (1.667 kHz),
61511,3.076 s,Timing,Times,Time,1.650 ms (606.061 Hz),
61544,3.077 s,Timing,Times,Time,600.000 탎 (1.667 kHz),
61556,3.078 s,Timing,Times,Time,500.000 탎 (2.000 kHz),
61566,3.078 s,Timing,Times,Time,600.000 탎 (1.667 kHz),
61578,3.079 s,Timing,Times,Time,500.000 탎 (2.000 kHz),
61588,3.079 s,Timing,Times,Time,600.000 탎 (1.667 kHz),
61600,3.080 s,Timing,Times,Time,1.650 ms (606.061 Hz),
61633,3.082 s,Timing,Times,Time,600.000 탎 (1.667 kHz),
61645,3.082 s,Timing,Times,Time,1.600 ms (625.000 Hz),
61677,3.084 s,Timing,Times,Time,600.000 탎 (1.667 kHz),
61689,3.084 s,Timing,Times,Time,1.600 ms (625.000 Hz),
61721,3.086 s,Timing,Times,Time,650.000 탎 (1.538 kHz),
61734,3.087 s,Timing,Times,Time,1.600 ms (625.000 Hz),
61766,3.088 s,Timing,Times,Time,600.000 탎 (1.667 kHz),
61778,3.089 s,Timing,Times,Time,500.000 탎 (2.000 kHz),
61788,3.089 s,Timing,Times,Time,600.000 탎 (1.667 kHz),
61800,3.090 s,Timing,Times,Time,500.000 탎 (2.000 kHz),
61810,3.091 s,Timing,Times,Time,650.000 탎 (1.538 kHz),
61823,3.091 s,Timing,Times,Time,1.600 ms (625.000 Hz),
61855,3.093 s,Timing,Times,Time,600.000 탎 (1.667 kHz),
61867,3.093 s,Timing,Times,Time,1.600 ms (625.000 Hz),
61899,3.095 s,Timing,Times,Time,600.000 탎 (1.667 kHz),
61911,3.096 s,Timing,Times,Time,550.000 탎 (1.818 kHz),
61922,3.096 s,Timing,Times,Time,600.000 탎 (1.667 kHz),
61934,3.097 s,Timing,Times,Time,1.600 ms (625.000 Hz),
61966,3.098 s,Timing,Times,Time,600.000 탎 (1.667 kHz),
61978,3.099 s,Timing,Times,Time,500.000 탎 (2.000 kHz),
61988,3.099 s,Timing,Times,Time,600.000 탎 (1.667 kHz),
62000,3.100 s,Timing,Times,Time,1.650 ms (606.061 Hz),
62033,3.102 s,Timing,Times,Time,600.000 탎 (1.667 kHz),
62045,3.102 s,Timing,Times,Time,500.000 탎 (2.000 kHz),
62055,3.103 s,Timing,Times,Time,600.000 탎 (1.667 kHz),
62067,3.103 s,Timing,Times,Time,1.600 ms (625.000 Hz),
62099,3.105 s,Timing,Times,Time,650.000 탎 (1.538 kHz),
62112,3.106 s,Timing,Times,Time,500.000 탎 (2.000 kHz),
62122,3.106 s,Timing,Times,Time,600.000 탎 (1.667 kHz),
62134,3.107 s,Timing,Times,Time,500.000 탎 (2.000 kHz),
62144,3.107 s,Timing,Times,Time,600.000 탎 (1.667 kHz),
62156,3.108 s,Timing,Times,Time,500.000 탎 (2.000 kHz),
62166,3.108 s,Timing,Times,Time,600.000 탎 (1.667 kHz),
62178,3.109 s,Timing,Times,Time,550.000 탎 (1.818 kHz),
62189,3.109 s,Timing,Times,Time,600.000 탎 (1.667 kHz),
62201,3.110 s,Timing,Times,Time,1.600 ms (625.000 Hz),
62233,3.112 s,Timing,Times,Time,600.000 탎 (1.667 kHz),
62245,3.112 s,Timing,Times,Time,500.000 탎 (2.000 kHz),
62255,3.113 s,Timing,Times,Time,600.000 탎 (1.667 kHz),
62267,3.113 s,Timing,Times,Time,1.650 ms (606.061 Hz),
62300,3.115 s,Timing,Times,Time,600.000 탎 (1.667 kHz),
62312,3.116 s,Timing,Times,Time,500.000 탎 (2.000 kHz),
62322,3.116 s,Timing,Times,Time,600.000 탎 (1.667 kHz),
62334,3.117 s,Timing,Times,Time,1.600 ms (625.000 Hz),
62366,3.118 s,Timing,Times,Time,650.000 탎 (1.538 kHz),
62379,3.119 s,Timing,Times,Time,1.600 ms (625.000 Hz),
62411,3.121 s,Timing,Times,Time,600.000 탎 (1.667 kHz),
62423,3.121 s,Timing,Times,Time,1.600 ms (625.000 Hz),
62455,3.123 s,Timing,Times,Time,79.200 ms (12.626 Hz),
64039,3.202 s,Timing,Times,Time,1.100 ms (909.091 Hz),
64061,3.203 s,Timing,Times,Time,2.600 ms (384.615 Hz),
64113,3.206 s,Timing,Times,Time,500.000 탎 (2.000 kHz),
64123,3.206 s,Timing,Times,Time,600.000 탎 (1.667 kHz),
64135,3.207 s,Timing,Times,Time,550.000 탎 (1.818 kHz),
64146,3.207 s,Timing,Times,Time,600.000 탎 (1.667 kHz),
64158,3.208 s,Timing,Times,Time,500.000 탎 (2.000 kHz),
64168,3.208 s,Timing,Times,Time,600.000 탎 (1.667 kHz),
64180,3.209 s,Timing,Times,Time,1.600 ms (625.000 Hz),
64212,3.211 s,Timing,Times,Time,600.000 탎 (1.667 kHz),
64224,3.211 s,Timing,Times,Time,1.650 ms (606.061 Hz),
64257,3.213 s,Timing,Times,Time,600.000 탎 (1.667 kHz),
64269,3.213 s,Timing,Times,Time,500.000 탎 (2.000 kHz),
64279,3.214 s,Timing,Times,Time,600.000 탎 (1.667 kHz),
64291,3.215 s,Timing,Times,Time,500.000 탎 (2.000 kHz),
64301,3.215 s,Timing,Times,Time,650.000 탎 (1.538 kHz),
64314,3.216 s,Timing,Times,Time,1.600 ms (625.000 Hz),
64346,3.217 s,Timing,Times,Time,600.000 탎 (1.667 kHz),
64358,3.218 s,Timing,Times,Time,1.600 ms (625.000 Hz),
64390,3.220 s,Timing,Times,Time,600.000 탎 (1.667 kHz),
64402,3.220 s,Timing,Times,Time,1.650 ms (606.061 Hz),
64435,3.222 s,Timing,Times,Time,600.000 탎 (1.667 kHz),
64447,3.222 s,Timing,Times,Time,1.600 ms (625.000 Hz),
64479,3.224 s,Timing,Times,Time,600.000 탎 (1.667 kHz),
64491,3.225 s,Timing,Times,Time,500.000 탎 (2.000 kHz),
64501,3.225 s,Timing,Times,Time,600.000 탎 (1.667 kHz),
64513,3.226 s,Timing,Times,Time,550.000 탎 (1.818 kHz),
64524,3.226 s,Timing,Times,Time,600.000 탎 (1.667 kHz),
64536,3.227 s,Timing,Times,Time,1.600 ms (625.000 Hz),
64568,3.228 s,Timing,Times,Time,600.000 탎 (1.667 kHz),
64580,3.229 s,Timing,Times,Time,1.600 ms (625.000 Hz),
64612,3.231 s,Timing,Times,Time,650.000 탎 (1.538 kHz),
64625,3.231 s,Timing,Times,Time,500.000 탎 (2.000 kHz),
64635,3.232 s,Timing,Times,Time,600.000 탎 (1.667 kHz),
64647,3.232 s,Timing,Times,Time,1.600 ms (625.000 Hz),
64679,3.234 s,Timing,Times,Time,600.000 탎 (1.667 kHz),
64691,3.235 s,Timing,Times,Time,500.000 탎 (2.000 kHz),
64701,3.235 s,Timing,Times,Time,650.000 탎 (1.538 kHz),
64714,3.236 s,Timing,Times,Time,1.600 ms (625.000 Hz),
64746,3.237 s,Timing,Times,Time,600.000 탎 (1.667 kHz),
64758,3.238 s,Timing,Times,Time,500.000 탎 (2.000 kHz),
64768,3.238 s,Timing,Times,Time,600.000 탎 (1.667 kHz),
64780,3.239 s,Timing,Times,Time,1.600 ms (625.000 Hz),
64812,3.241 s,Timing,Times,Time,650.000 탎 (1.538 kHz),
64825,3.241 s,Timing,Times,Time,500.000 탎 (2.000 kHz),
64835,3.242 s,Timing,Times,Time,600.000 탎 (1.667 kHz),
64847,3.242 s,Timing,Times,Time,500.000 탎 (2.000 kHz),
64857,3.243 s,Timing,Times,Time,600.000 탎 (1.667 kHz),
64869,3.243 s,Timing,Times,Time,500.000 탎 (2.000 kHz),
64879,3.244 s,Timing,Times,Time,650.000 탎 (1.538 kHz),
64892,3.245 s,Timing,Times,Time,500.000 탎 (2.000 kHz),
64902,3.245 s,Timing,Times,Time,600.000 탎 (1.667 kHz),
64914,3.246 s,Timing,Times,Time,1.600 ms (625.000 Hz),
64946,3.247 s,Timing,Times,Time,600.000 탎 (1.667 kHz),
64958,3.248 s,Timing,Times,Time,500.000 탎 (2.000 kHz),
64968,3.248 s,Timing,Times,Time,650.000 탎 (1.538 kHz),
64981,3.249 s,Timing,Times,Time,1.600 ms (625.000 Hz),
65013,3.251 s,Timing,Times,Time,600.000 탎 (1.667 kHz),
65025,3.251 s,Timing,Times,Time,500.000 탎 (2.000 kHz),
65035,3.252 s,Timing,Times,Time,600.000 탎 (1.667 kHz),
65047,3.252 s,Timing,Times,Time,1.600 ms (625.000 Hz),
65079,3.254 s,Timing,Times,Time,650.000 탎 (1.538 kHz),
65092,3.255 s,Timing,Times,Time,1.600 ms (625.000 Hz),
65124,3.256 s,Timing,Times,Time,600.000 탎 (1.667 kHz),
65136,3.257 s,Timing,Times,Time,1.600 ms (625.000 Hz),
65168,3.258 s,Timing,Times,Time,79.750 ms (12.539 Hz),
66763,3.338 s,Timing,Times,Time,1.050 ms (952.381 Hz),
66784,3.339 s,Timing,Times,Time,2.650 ms (377.358 Hz),
66837,3.342 s,Timing,Times,Time,500.000 탎 (2.000 kHz),
66847,3.342 s,Timing,Times,Time,600.000 탎 (1.667 kHz),
66859,3.343 s,Timing,Times,Time,500.000 탎 (2.000 kHz),
66869,3.343 s,Timing,Times,Time,600.000 탎 (1.667 kHz),
66881,3.344 s,Timing,Times,Time,500.000 탎 (2.000 kHz),
66891,3.345 s,Timing,Times,Time,600.000 탎 (1.667 kHz),
66903,3.345 s,Timing,Times,Time,1.650 ms (606.061 Hz),
66936,3.347 s,Timing,Times,Time,600.000 탎 (1.667 kHz),
66948,3.347 s,Timing,Times,Time,1.600 ms (625.000 Hz),
66980,3.349 s,Timing,Times,Time,600.000 탎 (1.667 kHz),
66992,3.350 s,Timing,Times,Time,500.000 탎 (2.000 kHz),
67002,3.350 s,Timing,Times,Time,650.000 탎 (1.538 kHz),
67015,3.351 s,Timing,Times,Time,500.000 탎 (2.000 kHz),
67025,3.351 s,Timing,Times,Time,600.000 탎 (1.667 kHz),
67037,3.352 s,Timing,Times,Time,1.600 ms (625.000 Hz),
67069,3.353 s,Timing,Times,Time,600.000 탎 (1.667 kHz),
67081,3.354 s,Timing,Times,Time,1.650 ms (606.061 Hz),
67114,3.356 s,Timing,Times,Time,600.000 탎 (1.667 kHz),
67126,3.356 s,Timing,Times,Time,1.600 ms (625.000 Hz),
67158,3.358 s,Timing,Times,Time,600.000 탎 (1.667 kHz),
67170,3.358 s,Timing,Times,Time,1.600 ms (625.000 Hz),
67202,3.360 s,Timing,Times,Time,600.000 탎 (1.667 kHz),
67214,3.361 s,Timing,Times,Time,550.000 탎 (1.818 kHz),
67225,3.361 s,Timing,Times,Time,600.000 탎 (1.667 kHz),
67237,3.362 s,Timing,Times,Time,500.000 탎 (2.000 kHz),
67247,3.362 s,Timing,Times,Time,600.000 탎 (1.667 kHz),
67259,3.363 s,Timing,Times,Time,1.600 ms (625.000 Hz),
67291,3.365 s,Timing,Times,Time,600.000 탎 (1.667 kHz),
67303,3.365 s,Timing,Times,Time,1.650 ms (606.061 Hz),
67336,3.367 s,Timing,Times,Time,600.000 탎 (1.667 kHz),
67348,3.367 s,Timing,Times,Time,500.000 탎 (2.000 kHz),
67358,3.368 s,Timing,Times,Time,600.000 탎 (1.667 kHz),
67370,3.369 s,Timing,Times,Time,1.600 ms (625.000 Hz),
67402,3.370 s,Timing,Times,Time,650.000 탎 (1.538 kHz),
67415,3.371 s,Timing,Times,Time,500.000 탎 (2.000 kHz),
67425,3.371 s,Timing,Times,Time,600.000 탎 (1.667 kHz),
67437,3.372 s,Timing,Times,Time,1.600 ms (625.000 Hz),
67469,3.373 s,Timing,Times,Time,600.000 탎 (1.667 kHz),
67481,3.374 s,Timing,Times,Time,500.000 탎 (2.000 kHz),
67491,3.375 s,Timing,Times,Time,650.000 탎 (1.538 kHz),
67504,3.375 s,Timing,Times,Time,1.600 ms (625.000 Hz),
67536,3.377 s,Timing,Times,Time,600.000 탎 (1.667 kHz),
67548,3.377 s,Timing,Times,Time,500.000 탎 (2.000 kHz),
67558,3.378 s,Timing,Times,Time,600.000 탎 (1.667 kHz),
67570,3.378 s,Timing,Times,Time,500.000 탎 (2.000 kHz),
67580,3.379 s,Timing,Times,Time,650.000 탎 (1.538 kHz),
67593,3.380 s,Timing,Times,Time,500.000 탎 (2.000 kHz),
67603,3.380 s,Timing,Times,Time,600.000 탎 (1.667 kHz),
67615,3.381 s,Timing,Times,Time,500.000 탎 (2.000 kHz),
67625,3.381 s,Timing,Times,Time,600.000 탎 (1.667 kHz),
67637,3.382 s,Timing,Times,Time,1.600 ms (625.000 Hz),
67669,3.383 s,Timing,Times,Time,650.000 탎 (1.538 kHz),
67682,3.384 s,Timing,Times,Time,500.000 탎 (2.000 kHz),
67692,3.385 s,Timing,Times,Time,600.000 탎 (1.667 kHz),
67704,3.385 s,Timing,Times,Time,1.600 ms (625.000 Hz),
67736,3.387 s,Timing,Times,Time,600.000 탎 (1.667 kHz),
67748,3.387 s,Timing,Times,Time,500.000 탎 (2.000 kHz),
67758,3.388 s,Timing,Times,Time,650.000 탎 (1.538 kHz),
67771,3.389 s,Timing,Times,Time,1.600 ms (625.000 Hz),
67803,3.390 s,Timing,Times,Time,600.000 탎 (1.667 kHz),
67815,3.391 s,Timing,Times,Time,1.600 ms (625.000 Hz),
67847,3.392 s,Timing,Times,Time,600.000 탎 (1.667 kHz),
67859,3.393 s,Timing,Times,Time,1.650 ms (606.061 Hz),
67892,3.395 s,Timing,Times,Time,80.700 ms (12.392 Hz),
69506,3.475 s,Timing,Times,Time,1.050 ms (952.381 Hz),
69527,3.476 s,Timing,Times,Time,2.650 ms (377.358 Hz),
69580,3.479 s,Timing,Times,Time,500.000 탎 (2.000 kHz),
69590,3.479 s,Timing,Times,Time,600.000 탎 (1.667 kHz),
69602,3.480 s,Timing,Times,Time,500.000 탎 (2.000 kHz),
69612,3.481 s,Timing,Times,Time,650.000 탎 (1.538 kHz),
69625,3.481 s,Timing,Times,Time,500.000 탎 (2.000 kHz),
69635,3.482 s,Timing,Times,Time,600.000 탎 (1.667 kHz),
69647,3.482 s,Timing,Times,Time,1.600 ms (625.000 Hz),
69679,3.484 s,Timing,Times,Time,600.000 탎 (1.667 kHz),
69691,3.485 s,Timing,Times,Time,1.650 ms (606.061 Hz),
69724,3.486 s,Timing,Times,Time,600.000 탎 (1.667 kHz),
69736,3.487 s,Timing,Times,Time,500.000 탎 (2.000 kHz),
69746,3.487 s,Timing,Times,Time,600.000 탎 (1.667 kHz),
69758,3.488 s,Timing,Times,Time,500.000 탎 (2.000 kHz),
69768,3.488 s,Timing,Times,Time,600.000 탎 (1.667 kHz),
69780,3.489 s,Timing,Times,Time,1.650 ms (606.061 Hz),
69813,3.491 s,Timing,Times,Time,600.000 탎 (1.667 kHz),
69825,3.491 s,Timing,Times,Time,1.600 ms (625.000 Hz),
69857,3.493 s,Timing,Times,Time,600.000 탎 (1.667 kHz),
69869,3.493 s,Timing,Times,Time,1.600 ms (625.000 Hz),
69901,3.495 s,Timing,Times,Time,600.000 탎 (1.667 kHz),
69913,3.496 s,Timing,Times,Time,1.650 ms (606.061 Hz),
69946,3.497 s,Timing,Times,Time,600.000 탎 (1.667 kHz),
69958,3.498 s,Timing,Times,Time,500.000 탎 (2.000 kHz),
69968,3.498 s,Timing,Times,Time,600.000 탎 (1.667 kHz),
69980,3.499 s,Timing,Times,Time,500.000 탎 (2.000 kHz),
69990,3.499 s,Timing,Times,Time,600.000 탎 (1.667 kHz),
70002,3.500 s,Timing,Times,Time,1.650 ms (606.061 Hz),
70035,3.502 s,Timing,Times,Time,600.000 탎 (1.667 kHz),
70047,3.502 s,Timing,Times,Time,1.600 ms (625.000 Hz),
70079,3.504 s,Timing,Times,Time,600.000 탎 (1.667 kHz),
70091,3.505 s,Timing,Times,Time,500.000 탎 (2.000 kHz),
70101,3.505 s,Timing,Times,Time,650.000 탎 (1.538 kHz),
70114,3.506 s,Timing,Times,Time,1.600 ms (625.000 Hz),
70146,3.507 s,Timing,Times,Time,600.000 탎 (1.667 kHz),
70158,3.508 s,Timing,Times,Time,500.000 탎 (2.000 kHz),
70168,3.508 s,Timing,Times,Time,600.000 탎 (1.667 kHz),
70180,3.509 s,Timing,Times,Time,1.650 ms (606.061 Hz),
70213,3.511 s,Timing,Times,Time,600.000 탎 (1.667 kHz),
70225,3.511 s,Timing,Times,Time,500.000 탎 (2.000 kHz),
70235,3.512 s,Timing,Times,Time,600.000 탎 (1.667 kHz),
70247,3.512 s,Timing,Times,Time,1.600 ms (625.000 Hz),
70279,3.514 s,Timing,Times,Time,600.000 탎 (1.667 kHz),
70291,3.515 s,Timing,Times,Time,550.000 탎 (1.818 kHz),
70302,3.515 s,Timing,Times,Time,600.000 탎 (1.667 kHz),
70314,3.516 s,Timing,Times,Time,500.000 탎 (2.000 kHz),
70324,3.516 s,Timing,Times,Time,600.000 탎 (1.667 kHz),
70336,3.517 s,Timing,Times,Time,500.000 탎 (2.000 kHz),
70346,3.517 s,Timing,Times,Time,600.000 탎 (1.667 kHz),
70358,3.518 s,Timing,Times,Time,500.000 탎 (2.000 kHz),
70368,3.518 s,Timing,Times,Time,650.000 탎 (1.538 kHz),
70381,3.519 s,Timing,Times,Time,1.600 ms (625.000 Hz),
70413,3.521 s,Timing,Times,Time,600.000 탎 (1.667 kHz),
70425,3.521 s,Timing,Times,Time,500.000 탎 (2.000 kHz),
70435,3.522 s,Timing,Times,Time,600.000 탎 (1.667 kHz),
70447,3.522 s,Timing,Times,Time,1.650 ms (606.061 Hz),
70480,3.524 s,Timing,Times,Time,600.000 탎 (1.667 kHz),
70492,3.525 s,Timing,Times,Time,500.000 탎 (2.000 kHz),
70502,3.525 s,Timing,Times,Time,600.000 탎 (1.667 kHz),
70514,3.526 s,Timing,Times,Time,1.600 ms (625.000 Hz),
70546,3.527 s,Timing,Times,Time,600.000 탎 (1.667 kHz),
70558,3.528 s,Timing,Times,Time,1.650 ms (606.061 Hz),
70591,3.530 s,Timing,Times,Time,600.000 탎 (1.667 kHz),
70603,3.530 s,Timing,Times,Time,1.600 ms (625.000 Hz),
70635,3.532 s,Timing,Times,Time,79.500 ms (12.579 Hz),
72225,3.611 s,Timing,Times,Time,1.050 ms (952.381 Hz),
72246,3.612 s,Timing,Times,Time,2.600 ms (384.615 Hz),
72298,3.615 s,Timing,Times,Time,550.000 탎 (1.818 kHz),
72309,3.615 s,Timing,Times,Time,600.000 탎 (1.667 kHz),
72321,3.616 s,Timing,Times,Time,500.000 탎 (2.000 kHz),
72331,3.617 s,Timing,Times,Time,600.000 탎 (1.667 kHz),
72343,3.617 s,Timing,Times,Time,500.000 탎 (2.000 kHz),
72353,3.618 s,Timing,Times,Time,600.000 탎 (1.667 kHz),
72365,3.618 s,Timing,Times,Time,1.650 ms (606.061 Hz),
72398,3.620 s,Timing,Times,Time,600.000 탎 (1.667 kHz),
72410,3.620 s,Timing,Times,Time,1.600 ms (625.000 Hz),
72442,3.622 s,Timing,Times,Time,600.000 탎 (1.667 kHz),
72454,3.623 s,Timing,Times,Time,500.000 탎 (2.000 kHz),
72464,3.623 s,Timing,Times,Time,600.000 탎 (1.667 kHz),
72476,3.624 s,Timing,Times,Time,550.000 탎 (1.818 kHz),
72487,3.624 s,Timing,Times,Time,600.000 탎 (1.667 kHz),
72499,3.625 s,Timing,Times,Time,1.600 ms (625.000 Hz),
72531,3.627 s,Timing,Times,Time,600.000 탎 (1.667 kHz),
72543,3.627 s,Timing,Times,Time,1.600 ms (625.000 Hz),
72575,3.629 s,Timing,Times,Time,650.000 탎 (1.538 kHz),
72588,3.629 s,Timing,Times,Time,1.600 ms (625.000 Hz),
72620,3.631 s,Timing,Times,Time,600.000 탎 (1.667 kHz),
72632,3.632 s,Timing,Times,Time,1.600 ms (625.000 Hz),
72664,3.633 s,Timing,Times,Time,600.000 탎 (1.667 kHz),
72676,3.634 s,Timing,Times,Time,550.000 탎 (1.818 kHz),
72687,3.634 s,Timing,Times,Time,600.000 탎 (1.667 kHz),
72699,3.635 s,Timing,Times,Time,500.000 탎 (2.000 kHz),
72709,3.635 s,Timing,Times,Time,600.000 탎 (1.667 kHz),
72721,3.636 s,Timing,Times,Time,1.600 ms (625.000 Hz),
72753,3.638 s,Timing,Times,Time,600.000 탎 (1.667 kHz),
72765,3.638 s,Timing,Times,Time,1.650 ms (606.061 Hz),
72798,3.640 s,Timing,Times,Time,600.000 탎 (1.667 kHz),
72810,3.640 s,Timing,Times,Time,500.000 탎 (2.000 kHz),
72820,3.641 s,Timing,Times,Time,600.000 탎 (1.667 kHz),
72832,3.642 s,Timing,Times,Time,1.600 ms (625.000 Hz),
72864,3.643 s,Timing,Times,Time,650.000 탎 (1.538 kHz),
72877,3.644 s,Timing,Times,Time,500.000 탎 (2.000 kHz),
72887,3.644 s,Timing,Times,Time,600.000 탎 (1.667 kHz),
72899,3.645 s,Timing,Times,Time,1.600 ms (625.000 Hz),
72931,3.647 s,Timing,Times,Time,600.000 탎 (1.667 kHz),
72943,3.647 s,Timing,Times,Time,500.000 탎 (2.000 kHz),
72953,3.648 s,Timing,Times,Time,650.000 탎 (1.538 kHz),
72966,3.648 s,Timing,Times,Time,1.600 ms (625.000 Hz),
72998,3.650 s,Timing,Times,Time,600.000 탎 (1.667 kHz),
73010,3.651 s,Timing,Times,Time,500.000 탎 (2.000 kHz),
73020,3.651 s,Timing,Times,Time,600.000 탎 (1.667 kHz),
73032,3.652 s,Timing,Times,Time,500.000 탎 (2.000 kHz),
73042,3.652 s,Timing,Times,Time,650.000 탎 (1.538 kHz),
73055,3.653 s,Timing,Times,Time,500.000 탎 (2.000 kHz),
73065,3.653 s,Timing,Times,Time,600.000 탎 (1.667 kHz),
73077,3.654 s,Timing,Times,Time,500.000 탎 (2.000 kHz),
73087,3.654 s,Timing,Times,Time,600.000 탎 (1.667 kHz),
73099,3.655 s,Timing,Times,Time,1.600 ms (625.000 Hz),
73131,3.657 s,Timing,Times,Time,650.000 탎 (1.538 kHz),
73144,3.657 s,Timing,Times,Time,500.000 탎 (2.000 kHz),
73154,3.658 s,Timing,Times,Time,600.000 탎 (1.667 kHz),
73166,3.658 s,Timing,Times,Time,1.600 ms (625.000 Hz),
73198,3.660 s,Timing,Times,Time,600.000 탎 (1.667 kHz),
73210,3.660 s,Timing,Times,Time,500.000 탎 (2.000 kHz),
73220,3.661 s,Timing,Times,Time,650.000 탎 (1.538 kHz),
73233,3.662 s,Timing,Times,Time,1.600 ms (625.000 Hz),
73265,3.663 s,Timing,Times,Time,600.000 탎 (1.667 kHz),
73277,3.664 s,Timing,Times,Time,1.600 ms (625.000 Hz),
73309,3.665 s,Timing,Times,Time,600.000 탎 (1.667 kHz),
73321,3.666 s,Timing,Times,Time,1.650 ms (606.061 Hz),
73354,3.668 s,Timing,Times,Time,80.800 ms (12.376 Hz),
74970,3.748 s,Timing,Times,Time,1.050 ms (952.381 Hz),
74991,3.750 s,Timing,Times,Time,2.650 ms (377.358 Hz),
75044,3.752 s,Timing,Times,Time,500.000 탎 (2.000 kHz),
75054,3.753 s,Timing,Times,Time,600.000 탎 (1.667 kHz),
75066,3.753 s,Timing,Times,Time,500.000 탎 (2.000 kHz),
75076,3.754 s,Timing,Times,Time,600.000 탎 (1.667 kHz),
75088,3.754 s,Timing,Times,Time,500.000 탎 (2.000 kHz),
75098,3.755 s,Timing,Times,Time,600.000 탎 (1.667 kHz),
75110,3.756 s,Timing,Times,Time,1.650 ms (606.061 Hz),
75143,3.757 s,Timing,Times,Time,600.000 탎 (1.667 kHz),
75155,3.758 s,Timing,Times,Time,1.600 ms (625.000 Hz),
75187,3.759 s,Timing,Times,Time,600.000 탎 (1.667 kHz),
75199,3.760 s,Timing,Times,Time,500.000 탎 (2.000 kHz),
75209,3.760 s,Timing,Times,Time,650.000 탎 (1.538 kHz),
75222,3.761 s,Timing,Times,Time,500.000 탎 (2.000 kHz),
75232,3.762 s,Timing,Times,Time,600.000 탎 (1.667 kHz),
75244,3.762 s,Timing,Times,Time,1.600 ms (625.000 Hz),
75276,3.764 s,Timing,Times,Time,600.000 탎 (1.667 kHz),
75288,3.764 s,Timing,Times,Time,1.650 ms (606.061 Hz),
75321,3.766 s,Timing,Times,Time,600.000 탎 (1.667 kHz),
75333,3.767 s,Timing,Times,Time,1.600 ms (625.000 Hz),
75365,3.768 s,Timing,Times,Time,600.000 탎 (1.667 kHz),
75377,3.769 s,Timing,Times,Time,1.600 ms (625.000 Hz),
75409,3.770 s,Timing,Times,Time,650.000 탎 (1.538 kHz),
75422,3.771 s,Timing,Times,Time,500.000 탎 (2.000 kHz),
75432,3.772 s,Timing,Times,Time,600.000 탎 (1.667 kHz),
75444,3.772 s,Timing,Times,Time,500.000 탎 (2.000 kHz),
75454,3.773 s,Timing,Times,Time,600.000 탎 (1.667 kHz),
75466,3.773 s,Timing,Times,Time,1.600 ms (625.000 Hz),
75498,3.775 s,Timing,Times,Time,650.000 탎 (1.538 kHz),
75511,3.776 s,Timing,Times,Time,1.600 ms (625.000 Hz),
75543,3.777 s,Timing,Times,Time,600.000 탎 (1.667 kHz),
75555,3.778 s,Timing,Times,Time,500.000 탎 (2.000 kHz),
75565,3.778 s,Timing,Times,Time,600.000 탎 (1.667 kHz),
75577,3.779 s,Timing,Times,Time,1.600 ms (625.000 Hz),
75609,3.780 s,Timing,Times,Time,650.000 탎 (1.538 kHz),
75622,3.781 s,Timing,Times,Time,500.000 탎 (2.000 kHz),
75632,3.782 s,Timing,Times,Time,600.000 탎 (1.667 kHz),
75644,3.782 s,Timing,Times,Time,1.600 ms (625.000 Hz),
75676,3.784 s,Timing,Times,Time,600.000 탎 (1.667 kHz),
75688,3.784 s,Timing,Times,Time,500.000 탎 (2.000 kHz),
75698,3.785 s,Timing,Times,Time,650.000 탎 (1.538 kHz),
75711,3.786 s,Timing,Times,Time,1.600 ms (625.000 Hz),
75743,3.787 s,Timing,Times,Time,600.000 탎 (1.667 kHz),
75755,3.788 s,Timing,Times,Time,500.000 탎 (2.000 kHz),
75765,3.788 s,Timing,Times,Time,600.000 탎 (1.667 kHz),
75777,3.789 s,Timing,Times,Time,500.000 탎 (2.000 kHz),
75787,3.789 s,Timing,Times,Time,650.000 탎 (1.538 kHz),
75800,3.790 s,Timing,Times,Time,500.000 탎 (2.000 kHz),
75810,3.791 s,Timing,Times,Time,600.000 탎 (1.667 kHz),
75822,3.791 s,Timing,Times,Time,500.000 탎 (2.000 kHz),
75832,3.792 s,Timing,Times,Time,600.000 탎 (1.667 kHz),
75844,3.792 s,Timing,Times,Time,1.600 ms (625.000 Hz),
75876,3.794 s,Timing,Times,Time,650.000 탎 (1.538 kHz),
75889,3.794 s,Timing,Times,Time,500.000 탎 (2.000 kHz),
75899,3.795 s,Timing,Times,Time,600.000 탎 (1.667 kHz),
75911,3.796 s,Timing,Times,Time,1.600 ms (625.000 Hz),
75943,3.797 s,Timing,Times,Time,600.000 탎 (1.667 kHz),
75955,3.798 s,Timing,Times,Time,500.000 탎 (2.000 kHz),
75965,3.798 s,Timing,Times,Time,650.000 탎 (1.538 kHz),
75978,3.799 s,Timing,Times,Time,1.600 ms (625.000 Hz),
76010,3.800 s,Timing,Times,Time,600.000 탎 (1.667 kHz),
76022,3.801 s,Timing,Times,Time,1.600 ms (625.000 Hz),
76054,3.803 s,Timing,Times,Time,600.000 탎 (1.667 kHz),
76066,3.803 s,Timing,Times,Time,1.650 ms (606.061 Hz),
76099,3.805 s,Timing,Times,Time,80.150 ms (12.477 Hz),
77702,3.885 s,Timing,Times,Time,1.050 ms (952.381 Hz),
77723,3.886 s,Timing,Times,Time,2.650 ms (377.358 Hz),
77776,3.889 s,Timing,Times,Time,500.000 탎 (2.000 kHz),
77786,3.889 s,Timing,Times,Time,600.000 탎 (1.667 kHz),
77798,3.890 s,Timing,Times,Time,500.000 탎 (2.000 kHz),
77808,3.890 s,Timing,Times,Time,600.000 탎 (1.667 kHz),
77820,3.891 s,Timing,Times,Time,550.000 탎 (1.818 kHz),
77831,3.892 s,Timing,Times,Time,600.000 탎 (1.667 kHz),
77843,3.892 s,Timing,Times,Time,1.600 ms (625.000 Hz),
77875,3.894 s,Timing,Times,Time,600.000 탎 (1.667 kHz),
77887,3.894 s,Timing,Times,Time,1.600 ms (625.000 Hz),
77919,3.896 s,Timing,Times,Time,650.000 탎 (1.538 kHz),
77932,3.897 s,Timing,Times,Time,500.000 탎 (2.000 kHz),
77942,3.897 s,Timing,Times,Time,600.000 탎 (1.667 kHz),
77954,3.898 s,Timing,Times,Time,500.000 탎 (2.000 kHz),
77964,3.898 s,Timing,Times,Time,600.000 탎 (1.667 kHz),
77976,3.899 s,Timing,Times,Time,1.600 ms (625.000 Hz),
78008,3.900 s,Timing,Times,Time,650.000 탎 (1.538 kHz),
78021,3.901 s,Timing,Times,Time,1.600 ms (625.000 Hz),
78053,3.903 s,Timing,Times,Time,600.000 탎 (1.667 kHz),
78065,3.903 s,Timing,Times,Time,1.600 ms (625.000 Hz),
78097,3.905 s,Timing,Times,Time,600.000 탎 (1.667 kHz),
78109,3.905 s,Timing,Times,Time,1.650 ms (606.061 Hz),
78142,3.907 s,Timing,Times,Time,600.000 탎 (1.667 kHz),
78154,3.908 s,Timing,Times,Time,500.000 탎 (2.000 kHz),
78164,3.908 s,Timing,Times,Time,600.000 탎 (1.667 kHz),
78176,3.909 s,Timing,Times,Time,500.000 탎 (2.000 kHz),
78186,3.909 s,Timing,Times,Time,600.000 탎 (1.667 kHz),
78198,3.910 s,Timing,Times,Time,1.650 ms (606.061 Hz),
78231,3.912 s,Timing,Times,Time,600.000 탎 (1.667 kHz),
78243,3.912 s,Timing,Times,Time,1.600 ms (625.000 Hz),
78275,3.914 s,Timing,Times,Time,600.000 탎 (1.667 kHz),
78287,3.914 s,Timing,Times,Time,500.000 탎 (2.000 kHz),
78297,3.915 s,Timing,Times,Time,600.000 탎 (1.667 kHz),
78309,3.915 s,Timing,Times,Time,1.650 ms (606.061 Hz),
78342,3.917 s,Timing,Times,Time,600.000 탎 (1.667 kHz),
78354,3.918 s,Timing,Times,Time,500.000 탎 (2.000 kHz),
78364,3.918 s,Timing,Times,Time,600.000 탎 (1.667 kHz),
78376,3.919 s,Timing,Times,Time,1.600 ms (625.000 Hz),
78408,3.920 s,Timing,Times,Time,650.000 탎 (1.538 kHz),
78421,3.921 s,Timing,Times,Time,500.000 탎 (2.000 kHz),
78431,3.922 s,Timing,Times,Time,600.000 탎 (1.667 kHz),
78443,3.922 s,Timing,Times,Time,1.600 ms (625.000 Hz),
78475,3.924 s,Timing,Times,Time,600.000 탎 (1.667 kHz),
78487,3.924 s,Timing,Times,Time,500.000 탎 (2.000 kHz),
78497,3.925 s,Timing,Times,Time,650.000 탎 (1.538 kHz),
78510,3.925 s,Timing,Times,Time,500.000 탎 (2.000 kHz),
78520,3.926 s,Timing,Times,Time,600.000 탎 (1.667 kHz),
78532,3.927 s,Timing,Times,Time,500.000 탎 (2.000 kHz),
78542,3.927 s,Timing,Times,Time,600.000 탎 (1.667 kHz),
78554,3.928 s,Timing,Times,Time,500.000 탎 (2.000 kHz),
78564,3.928 s,Timing,Times,Time,650.000 탎 (1.538 kHz),
78577,3.929 s,Timing,Times,Time,1.600 ms (625.000 Hz),
78609,3.930 s,Timing,Times,Time,600.000 탎 (1.667 kHz),
78621,3.931 s,Timing,Times,Time,500.000 탎 (2.000 kHz),
78631,3.932 s,Timing,Times,Time,600.000 탎 (1.667 kHz),
78643,3.932 s,Timing,Times,Time,1.600 ms (625.000 Hz),
78675,3.934 s,Timing,Times,Time,650.000 탎 (1.538 kHz),
78688,3.934 s,Timing,Times,Time,500.000 탎 (2.000 kHz),
78698,3.935 s,Timing,Times,Time,600.000 탎 (1.667 kHz),
78710,3.936 s,Timing,Times,Time,1.600 ms (625.000 Hz),
78742,3.937 s,Timing,Times,Time,600.000 탎 (1.667 kHz),
78754,3.938 s,Timing,Times,Time,1.600 ms (625.000 Hz),
78786,3.939 s,Timing,Times,Time,650.000 탎 (1.538 kHz),
78799,3.940 s,Timing,Times,Time,1.600 ms (625.000 Hz),
78831,3.942 s,Timing,Times,Time,79.750 ms (12.539 Hz),
80426,4.021 s,Timing,Times,Time,1.050 ms (952.381 Hz),
80447,4.022 s,Timing,Times,Time,2.650 ms (377.358 Hz),
80500,4.025 s,Timing,Times,Time,500.000 탎 (2.000 kHz),
80510,4.026 s,Timing,Times,Time,600.000 탎 (1.667 kHz),
80522,4.026 s,Timing,Times,Time,500.000 탎 (2.000 kHz),
80532,4.027 s,Timing,Times,Time,600.000 탎 (1.667 kHz),
80544,4.027 s,Timing,Times,Time,550.000 탎 (1.818 kHz),
80555,4.028 s,Timing,Times,Time,600.000 탎 (1.667 kHz),
80567,4.028 s,Timing,Times,Time,1.600 ms (625.000 Hz),
80599,4.030 s,Timing,Times,Time,600.000 탎 (1.667 kHz),
80611,4.031 s,Timing,Times,Time,1.600 ms (625.000 Hz),
80643,4.032 s,Timing,Times,Time,650.000 탎 (1.538 kHz),
80656,4.033 s,Timing,Times,Time,500.000 탎 (2.000 kHz),
80666,4.033 s,Timing,Times,Time,600.000 탎 (1.667 kHz),
80678,4.034 s,Timing,Times,Time,500.000 탎 (2.000 kHz),
80688,4.034 s,Timing,Times,Time,600.000 탎 (1.667 kHz),
80700,4.035 s,Timing,Times,Time,1.600 ms (625.000 Hz),
80732,4.037 s,Timing,Times,Time,650.000 탎 (1.538 kHz),
80745,4.037 s,Timing,Times,Time,1.600 ms (625.000 Hz),
80777,4.039 s,Timing,Times,Time,600.000 탎 (1.667 kHz),
80789,4.039 s,Timing,Times,Time,1.600 ms (625.000 Hz),
80821,4.041 s,Timing,Times,Time,600.000 탎 (1.667 kHz),
80833,4.042 s,Timing,Times,Time,1.650 ms (606.061 Hz),
80866,4.043 s,Timing,Times,Time,600.000 탎 (1.667 kHz),
80878,4.044 s,Timing,Times,Time,500.000 탎 (2.000 kHz),
80888,4.044 s,Timing,Times,Time,600.000 탎 (1.667 kHz),
80900,4.045 s,Timing,Times,Time,500.000 탎 (2.000 kHz),
80910,4.045 s,Timing,Times,Time,600.000 탎 (1.667 kHz),
80922,4.046 s,Timing,Times,Time,1.650 ms (606.061 Hz),
80955,4.048 s,Timing,Times,Time,600.000 탎 (1.667 kHz),
80967,4.048 s,Timing,Times,Time,1.600 ms (625.000 Hz),
80999,4.050 s,Timing,Times,Time,600.000 탎 (1.667 kHz),
81011,4.051 s,Timing,Times,Time,500.000 탎 (2.000 kHz),
81021,4.051 s,Timing,Times,Time,600.000 탎 (1.667 kHz),
81033,4.052 s,Timing,Times,Time,1.650 ms (606.061 Hz),
81066,4.053 s,Timing,Times,Time,600.000 탎 (1.667 kHz),
81078,4.054 s,Timing,Times,Time,500.000 탎 (2.000 kHz),
81088,4.054 s,Timing,Times,Time,600.000 탎 (1.667 kHz),
81100,4.055 s,Timing,Times,Time,1.600 ms (625.000 Hz),
81132,4.057 s,Timing,Times,Time,650.000 탎 (1.538 kHz),
81145,4.057 s,Timing,Times,Time,500.000 탎 (2.000 kHz),
81155,4.058 s,Timing,Times,Time,600.000 탎 (1.667 kHz),
81167,4.058 s,Timing,Times,Time,1.600 ms (625.000 Hz),
81199,4.060 s,Timing,Times,Time,600.000 탎 (1.667 kHz),
81211,4.061 s,Timing,Times,Time,500.000 탎 (2.000 kHz),
81221,4.061 s,Timing,Times,Time,650.000 탎 (1.538 kHz),
81234,4.062 s,Timing,Times,Time,500.000 탎 (2.000 kHz),
81244,4.062 s,Timing,Times,Time,600.000 탎 (1.667 kHz),
81256,4.063 s,Timing,Times,Time,500.000 탎 (2.000 kHz),
81266,4.063 s,Timing,Times,Time,600.000 탎 (1.667 kHz),
81278,4.064 s,Timing,Times,Time,500.000 탎 (2.000 kHz),
81288,4.064 s,Timing,Times,Time,600.000 탎 (1.667 kHz),
81300,4.065 s,Timing,Times,Time,1.650 ms (606.061 Hz),
81333,4.067 s,Timing,Times,Time,600.000 탎 (1.667 kHz),
81345,4.067 s,Timing,Times,Time,500.000 탎 (2.000 kHz),
81355,4.068 s,Timing,Times,Time,600.000 탎 (1.667 kHz),
81367,4.068 s,Timing,Times,Time,1.600 ms (625.000 Hz),
81399,4.070 s,Timing,Times,Time,650.000 탎 (1.538 kHz),
81412,4.071 s,Timing,Times,Time,500.000 탎 (2.000 kHz),
81422,4.071 s,Timing,Times,Time,600.000 탎 (1.667 kHz),
81434,4.072 s,Timing,Times,Time,1.600 ms (625.000 Hz),
81466,4.073 s,Timing,Times,Time,600.000 탎 (1.667 kHz),
81478,4.074 s,Timing,Times,Time,1.600 ms (625.000 Hz),
81510,4.075 s,Timing,Times,Time,650.000 탎 (1.538 kHz),
81523,4.076 s,Timing,Times,Time,1.600 ms (625.000 Hz),
81555,4.078 s,Timing,Times,Time,79.150 ms (12.634 Hz),
83138,4.157 s,Timing,Times,Time,1.050 ms (952.381 Hz),
83159,4.158 s,Timing,Times,Time,2.650 ms (377.358 Hz),
83212,4.161 s,Timing,Times,Time,500.000 탎 (2.000 kHz),
83222,4.161 s,Timing,Times,Time,600.000 탎 (1.667 kHz),
83234,4.162 s,Timing,Times,Time,500.000 탎 (2.000 kHz),
83244,4.162 s,Timing,Times,Time,600.000 탎 (1.667 kHz),
83256,4.163 s,Timing,Times,Time,550.000 탎 (1.818 kHz),
83267,4.163 s,Timing,Times,Time,600.000 탎 (1.667 kHz),
83279,4.164 s,Timing,Times,Time,1.600 ms (625.000 Hz),
83311,4.166 s,Timing,Times,Time,600.000 탎 (1.667 kHz),
83323,4.166 s,Timing,Times,Time,1.600 ms (625.000 Hz),
83355,4.168 s,Timing,Times,Time,650.000 탎 (1.538 kHz),
83368,4.168 s,Timing,Times,Time,500.000 탎 (2.000 kHz),
83378,4.169 s,Timing,Times,Time,600.000 탎 (1.667 kHz),
83390,4.170 s,Timing,Times,Time,500.000 탎 (2.000 kHz),
83400,4.170 s,Timing,Times,Time,600.000 탎 (1.667 kHz),
83412,4.171 s,Timing,Times,Time,1.600 ms (625.000 Hz),
83444,4.172 s,Timing,Times,Time,650.000 탎 (1.538 kHz),
83457,4.173 s,Timing,Times,Time,1.600 ms (625.000 Hz),
83489,4.174 s,Timing,Times,Time,600.000 탎 (1.667 kHz),
83501,4.175 s,Timing,Times,Time,1.600 ms (625.000 Hz),
83533,4.177 s,Timing,Times,Time,600.000 탎 (1.667 kHz),
83545,4.177 s,Timing,Times,Time,1.650 ms (606.061 Hz),
83578,4.179 s,Timing,Times,Time,600.000 탎 (1.667 kHz),
83590,4.179 s,Timing,Times,Time,500.000 탎 (2.000 kHz),
83600,4.180 s,Timing,Times,Time,600.000 탎 (1.667 kHz),
83612,4.181 s,Timing,Times,Time,500.000 탎 (2.000 kHz),
83622,4.181 s,Timing,Times,Time,600.000 탎 (1.667 kHz),
83634,4.182 s,Timing,Times,Time,1.650 ms (606.061 Hz),
83667,4.183 s,Timing,Times,Time,600.000 탎 (1.667 kHz),
83679,4.184 s,Timing,Times,Time,1.600 ms (625.000 Hz),
83711,4.186 s,Timing,Times,Time,600.000 탎 (1.667 kHz),
83723,4.186 s,Timing,Times,Time,500.000 탎 (2.000 kHz),
83733,4.187 s,Timing,Times,Time,650.000 탎 (1.538 kHz),
83746,4.187 s,Timing,Times,Time,1.600 ms (625.000 Hz),
83778,4.189 s,Timing,Times,Time,600.000 탎 (1.667 kHz),
83790,4.189 s,Timing,Times,Time,500.000 탎 (2.000 kHz),
83800,4.190 s,Timing,Times,Time,600.000 탎 (1.667 kHz),
83812,4.191 s,Timing,Times,Time,1.600 ms (625.000 Hz),
83844,4.192 s,Timing,Times,Time,650.000 탎 (1.538 kHz),
83857,4.193 s,Timing,Times,Time,500.000 탎 (2.000 kHz),
83867,4.193 s,Timing,Times,Time,600.000 탎 (1.667 kHz),
83879,4.194 s,Timing,Times,Time,1.600 ms (625.000 Hz),
83911,4.196 s,Timing,Times,Time,600.000 탎 (1.667 kHz),
83923,4.196 s,Timing,Times,Time,500.000 탎 (2.000 kHz),
83933,4.197 s,Timing,Times,Time,650.000 탎 (1.538 kHz),
83946,4.197 s,Timing,Times,Time,500.000 탎 (2.000 kHz),
83956,4.198 s,Timing,Times,Time,600.000 탎 (1.667 kHz),
83968,4.198 s,Timing,Times,Time,500.000 탎 (2.000 kHz),
83978,4.199 s,Timing,Times,Time,600.000 탎 (1.667 kHz),
83990,4.199 s,Timing,Times,Time,500.000 탎 (2.000 kHz),
84000,4.200 s,Timing,Times,Time,650.000 탎 (1.538 kHz),
84013,4.201 s,Timing,Times,Time,1.600 ms (625.000 Hz),
84045,4.202 s,Timing,Times,Time,600.000 탎 (1.667 kHz),
84057,4.203 s,Timing,Times,Time,500.000 탎 (2.000 kHz),
84067,4.203 s,Timing,Times,Time,600.000 탎 (1.667 kHz),
84079,4.204 s,Timing,Times,Time,1.600 ms (625.000 Hz),
84111,4.206 s,Timing,Times,Time,650.000 탎 (1.538 kHz),
84124,4.206 s,Timing,Times,Time,500.000 탎 (2.000 kHz),
84134,4.207 s,Timing,Times,Time,600.000 탎 (1.667 kHz),
84146,4.207 s,Timing,Times,Time,1.600 ms (625.000 Hz),
84178,4.209 s,Timing,Times,Time,600.000 탎 (1.667 kHz),
84190,4.210 s,Timing,Times,Time,1.650 ms (606.061 Hz),
84223,4.211 s,Timing,Times,Time,600.000 탎 (1.667 kHz),
84235,4.212 s,Timing,Times,Time,1.600 ms (625.000 Hz),
84267,4.213 s,Timing,Times,Time,79.950 ms (12.508 Hz),
85866,4.293 s,Timing,Times,Time,1.050 ms (952.381 Hz),
85887,4.294 s,Timing,Times,Time,2.650 ms (377.358 Hz),
85940,4.297 s,Timing,Times,Time,500.000 탎 (2.000 kHz),
85950,4.298 s,Timing,Times,Time,600.000 탎 (1.667 kHz),
85962,4.298 s,Timing,Times,Time,500.000 탎 (2.000 kHz),
85972,4.299 s,Timing,Times,Time,650.000 탎 (1.538 kHz),
85985,4.299 s,Timing,Times,Time,500.000 탎 (2.000 kHz),
85995,4.300 s,Timing,Times,Time,600.000 탎 (1.667 kHz),
86007,4.300 s,Timing,Times,Time,1.600 ms (625.000 Hz),
86039,4.302 s,Timing,Times,Time,600.000 탎 (1.667 kHz),
86051,4.303 s,Timing,Times,Time,1.650 ms (606.061 Hz),
86084,4.304 s,Timing,Times,Time,600.000 탎 (1.667 kHz),
86096,4.305 s,Timing,Times,Time,500.000 탎 (2.000 kHz),
86106,4.305 s,Timing,Times,Time,600.000 탎 (1.667 kHz),
86118,4.306 s,Timing,Times,Time,500.000 탎 (2.000 kHz),
86128,4.306 s,Timing,Times,Time,600.000 탎 (1.667 kHz),
86140,4.307 s,Timing,Times,Time,1.600 ms (625.000 Hz),
86172,4.309 s,Timing,Times,Time,650.000 탎 (1.538 kHz),
86185,4.309 s,Timing,Times,Time,1.600 ms (625.000 Hz),
86217,4.311 s,Timing,Times,Time,600.000 탎 (1.667 kHz),
86229,4.311 s,Timing,Times,Time,1.600 ms (625.000 Hz),
86261,4.313 s,Timing,Times,Time,600.000 탎 (1.667 kHz),
86273,4.314 s,Timing,Times,Time,1.650 ms (606.061 Hz),
86306,4.315 s,Timing,Times,Time,600.000 탎 (1.667 kHz),
86318,4.316 s,Timing,Times,Time,500.000 탎 (2.000 kHz),
86328,4.316 s,Timing,Times,Time,600.000 탎 (1.667 kHz),
86340,4.317 s,Timing,Times,Time,500.000 탎 (2.000 kHz),
86350,4.317 s,Timing,Times,Time,600.000 탎 (1.667 kHz),
86362,4.318 s,Timing,Times,Time,1.650 ms (606.061 Hz),
86395,4.320 s,Timing,Times,Time,600.000 탎 (1.667 kHz),
86407,4.320 s,Timing,Times,Time,1.600 ms (625.000 Hz),
86439,4.322 s,Timing,Times,Time,600.000 탎 (1.667 kHz),
86451,4.323 s,Timing,Times,Time,500.000 탎 (2.000 kHz),
86461,4.323 s,Timing,Times,Time,650.000 탎 (1.538 kHz),
86474,4.324 s,Timing,Times,Time,1.600 ms (625.000 Hz),
86506,4.325 s,Timing,Times,Time,600.000 탎 (1.667 kHz),
86518,4.326 s,Timing,Times,Time,500.000 탎 (2.000 kHz),
86528,4.326 s,Timing,Times,Time,600.000 탎 (1.667 kHz),
86540,4.327 s,Timing,Times,Time,1.600 ms (625.000 Hz),
86572,4.329 s,Timing,Times,Time,650.000 탎 (1.538 kHz),
86585,4.329 s,Timing,Times,Time,500.000 탎 (2.000 kHz),
86595,4.330 s,Timing,Times,Time,600.000 탎 (1.667 kHz),
86607,4.330 s,Timing,Times,Time,1.600 ms (625.000 Hz),
86639,4.332 s,Timing,Times,Time,600.000 탎 (1.667 kHz),
86651,4.333 s,Timing,Times,Time,500.000 탎 (2.000 kHz),
86661,4.333 s,Timing,Times,Time,650.000 탎 (1.538 kHz),
86674,4.334 s,Timing,Times,Time,500.000 탎 (2.000 kHz),
86684,4.334 s,Timing,Times,Time,600.000 탎 (1.667 kHz),
86696,4.335 s,Timing,Times,Time,500.000 탎 (2.000 kHz),
86706,4.335 s,Timing,Times,Time,600.000 탎 (1.667 kHz),
86718,4.336 s,Timing,Times,Time,500.000 탎 (2.000 kHz),
86728,4.336 s,Timing,Times,Time,650.000 탎 (1.538 kHz),
86741,4.337 s,Timing,Times,Time,1.600 ms (625.000 Hz),
86773,4.339 s,Timing,Times,Time,600.000 탎 (1.667 kHz),
86785,4.339 s,Timing,Times,Time,500.000 탎 (2.000 kHz),
86795,4.340 s,Timing,Times,Time,600.000 탎 (1.667 kHz),
86807,4.340 s,Timing,Times,Time,1.600 ms (625.000 Hz),
86839,4.342 s,Timing,Times,Time,650.000 탎 (1.538 kHz),
86852,4.343 s,Timing,Times,Time,500.000 탎 (2.000 kHz),
86862,4.343 s,Timing,Times,Time,600.000 탎 (1.667 kHz),
86874,4.344 s,Timing,Times,Time,1.600 ms (625.000 Hz),
86906,4.345 s,Timing,Times,Time,600.000 탎 (1.667 kHz),
86918,4.346 s,Timing,Times,Time,1.650 ms (606.061 Hz),
86951,4.348 s,Timing,Times,Time,600.000 탎 (1.667 kHz),
86963,4.348 s,Timing,Times,Time,1.600 ms (625.000 Hz),
86995,4.350 s,Timing,Times,Time,79.500 ms (12.579 Hz),
88585,4.429 s,Timing,Times,Time,1.100 ms (909.091 Hz),
88607,4.430 s,Timing,Times,Time,2.600 ms (384.615 Hz),
88659,4.433 s,Timing,Times,Time,500.000 탎 (2.000 kHz),
88669,4.433 s,Timing,Times,Time,600.000 탎 (1.667 kHz),
88681,4.434 s,Timing,Times,Time,550.000 탎 (1.818 kHz),
88692,4.435 s,Timing,Times,Time,600.000 탎 (1.667 kHz),
88704,4.435 s,Timing,Times,Time,500.000 탎 (2.000 kHz),
88714,4.436 s,Timing,Times,Time,600.000 탎 (1.667 kHz),
88726,4.436 s,Timing,Times,Time,1.600 ms (625.000 Hz),
88758,4.438 s,Timing,Times,Time,600.000 탎 (1.667 kHz),
88770,4.439 s,Timing,Times,Time,1.650 ms (606.061 Hz),
88803,4.440 s,Timing,Times,Time,600.000 탎 (1.667 kHz),
88815,4.441 s,Timing,Times,Time,500.000 탎 (2.000 kHz),
88825,4.441 s,Timing,Times,Time,600.000 탎 (1.667 kHz),
88837,4.442 s,Timing,Times,Time,500.000 탎 (2.000 kHz),
88847,4.442 s,Timing,Times,Time,600.000 탎 (1.667 kHz),
88859,4.443 s,Timing,Times,Time,1.650 ms (606.061 Hz),
88892,4.445 s,Timing,Times,Time,600.000 탎 (1.667 kHz),
88904,4.445 s,Timing,Times,Time,1.600 ms (625.000 Hz),
88936,4.447 s,Timing,Times,Time,600.000 탎 (1.667 kHz),
88948,4.447 s,Timing,Times,Time,1.650 ms (606.061 Hz),
88981,4.449 s,Timing,Times,Time,600.000 탎 (1.667 kHz),
88993,4.450 s,Timing,Times,Time,1.600 ms (625.000 Hz),
89025,4.451 s,Timing,Times,Time,600.000 탎 (1.667 kHz),
89037,4.452 s,Timing,Times,Time,500.000 탎 (2.000 kHz),
89047,4.452 s,Timing,Times,Time,600.000 탎 (1.667 kHz),
89059,4.453 s,Timing,Times,Time,550.000 탎 (1.818 kHz),
89070,4.454 s,Timing,Times,Time,600.000 탎 (1.667 kHz),
89082,4.454 s,Timing,Times,Time,1.600 ms (625.000 Hz),
89114,4.456 s,Timing,Times,Time,600.000 탎 (1.667 kHz),
89126,4.456 s,Timing,Times,Time,1.600 ms (625.000 Hz),
89158,4.458 s,Timing,Times,Time,650.000 탎 (1.538 kHz),
89171,4.459 s,Timing,Times,Time,500.000 탎 (2.000 kHz),
89181,4.459 s,Timing,Times,Time,600.000 탎 (1.667 kHz),
89193,4.460 s,Timing,Times,Time,1.600 ms (625.000 Hz),
89225,4.461 s,Timing,Times,Time,600.000 탎 (1.667 kHz),
89237,4.462 s,Timing,Times,Time,500.000 탎 (2.000 kHz),
89247,4.462 s,Timing,Times,Time,650.000 탎 (1.538 kHz),
89260,4.463 s,Timing,Times,Time,1.600 ms (625.000 Hz),
89292,4.465 s,Timing,Times,Time,600.000 탎 (1.667 kHz),
89304,4.465 s,Timing,Times,Time,500.000 탎 (2.000 kHz),
89314,4.466 s,Timing,Times,Time,600.000 탎 (1.667 kHz),
89326,4.466 s,Timing,Times,Time,1.600 ms (625.000 Hz),
89358,4.468 s,Timing,Times,Time,650.000 탎 (1.538 kHz),
89371,4.469 s,Timing,Times,Time,500.000 탎 (2.000 kHz),
89381,4.469 s,Timing,Times,Time,600.000 탎 (1.667 kHz),
89393,4.470 s,Timing,Times,Time,500.000 탎 (2.000 kHz),
89403,4.470 s,Timing,Times,Time,600.000 탎 (1.667 kHz),
89415,4.471 s,Timing,Times,Time,500.000 탎 (2.000 kHz),
89425,4.471 s,Timing,Times,Time,650.000 탎 (1.538 kHz),
89438,4.472 s,Timing,Times,Time,500.000 탎 (2.000 kHz),
89448,4.472 s,Timing,Times,Time,600.000 탎 (1.667 kHz),
89460,4.473 s,Timing,Times,Time,1.600 ms (625.000 Hz),
89492,4.475 s,Timing,Times,Time,600.000 탎 (1.667 kHz),
89504,4.475 s,Timing,Times,Time,500.000 탎 (2.000 kHz),
89514,4.476 s,Timing,Times,Time,650.000 탎 (1.538 kHz),
89527,4.476 s,Timing,Times,Time,1.600 ms (625.000 Hz),
89559,4.478 s,Timing,Times,Time,600.000 탎 (1.667 kHz),
89571,4.479 s,Timing,Times,Time,500.000 탎 (2.000 kHz),
89581,4.479 s,Timing,Times,Time,600.000 탎 (1.667 kHz),
89593,4.480 s,Timing,Times,Time,1.600 ms (625.000 Hz),
89625,4.481 s,Timing,Times,Time,650.000 탎 (1.538 kHz),
89638,4.482 s,Timing,Times,Time,1.600 ms (625.000 Hz),
89670,4.484 s,Timing,Times,Time,600.000 탎 (1.667 kHz),
89682,4.484 s,Timing,Times,Time,1.600 ms (625.000 Hz),
89714,4.486 s,Timing,Times,Time,79.900 ms (12.516 Hz),
91312,4.566 s,Timing,Times,Time,1.050 ms (952.381 Hz),
91333,4.567 s,Timing,Times,Time,2.650 ms (377.358 Hz),
91386,4.569 s,Timing,Times,Time,500.000 탎 (2.000 kHz),
91396,4.570 s,Timing,Times,Time,600.000 탎 (1.667 kHz),
91408,4.570 s,Timing,Times,Time,500.000 탎 (2.000 kHz),
91418,4.571 s,Timing,Times,Time,650.000 탎 (1.538 kHz),
91431,4.572 s,Timing,Times,Time,500.000 탎 (2.000 kHz),
91441,4.572 s,Timing,Times,Time,600.000 탎 (1.667 kHz),
91453,4.573 s,Timing,Times,Time,1.600 ms (625.000 Hz),
91485,4.574 s,Timing,Times,Time,600.000 탎 (1.667 kHz),
91497,4.575 s,Timing,Times,Time,1.650 ms (606.061 Hz),
91530,4.577 s,Timing,Times,Time,600.000 탎 (1.667 kHz),
91542,4.577 s,Timing,Times,Time,500.000 탎 (2.000 kHz),
91552,4.578 s,Timing,Times,Time,600.000 탎 (1.667 kHz),
91564,4.578 s,Timing,Times,Time,500.000 탎 (2.000 kHz),
91574,4.579 s,Timing,Times,Time,600.000 탎 (1.667 kHz),
91586,4.579 s,Timing,Times,Time,1.650 ms (606.061 Hz),
91619,4.581 s,Timing,Times,Time,600.000 탎 (1.667 kHz),
91631,4.582 s,Timing,Times,Time,1.600 ms (625.000 Hz),
91663,4.583 s,Timing,Times,Time,600.000 탎 (1.667 kHz),
91675,4.584 s,Timing,Times,Time,1.600 ms (625.000 Hz),
91707,4.585 s,Timing,Times,Time,650.000 탎 (1.538 kHz),
91720,4.586 s,Timing,Times,Time,1.600 ms (625.000 Hz),
91752,4.588 s,Timing,Times,Time,600.000 탎 (1.667 kHz),
91764,4.588 s,Timing,Times,Time,500.000 탎 (2.000 kHz),
91774,4.589 s,Timing,Times,Time,600.000 탎 (1.667 kHz),
91786,4.589 s,Timing,Times,Time,500.000 탎 (2.000 kHz),
91796,4.590 s,Timing,Times,Time,650.000 탎 (1.538 kHz),
91809,4.590 s,Timing,Times,Time,1.600 ms (625.000 Hz),
91841,4.592 s,Timing,Times,Time,600.000 탎 (1.667 kHz),
91853,4.593 s,Timing,Times,Time,1.600 ms (625.000 Hz),
91885,4.594 s,Timing,Times,Time,600.000 탎 (1.667 kHz),
91897,4.595 s,Timing,Times,Time,500.000 탎 (2.000 kHz),
91907,4.595 s,Timing,Times,Time,650.000 탎 (1.538 kHz),
91920,4.596 s,Timing,Times,Time,1.600 ms (625.000 Hz),
91952,4.598 s,Timing,Times,Time,600.000 탎 (1.667 kHz),
91964,4.598 s,Timing,Times,Time,500.000 탎 (2.000 kHz),
91974,4.599 s,Timing,Times,Time,600.000 탎 (1.667 kHz),
91986,4.599 s,Timing,Times,Time,1.650 ms (606.061 Hz),
92019,4.601 s,Timing,Times,Time,600.000 탎 (1.667 kHz),
92031,4.602 s,Timing,Times,Time,500.000 탎 (2.000 kHz),
92041,4.602 s,Timing,Times,Time,600.000 탎 (1.667 kHz),
92053,4.603 s,Timing,Times,Time,1.600 ms (625.000 Hz),
92085,4.604 s,Timing,Times,Time,600.000 탎 (1.667 kHz),
92097,4.605 s,Timing,Times,Time,550.000 탎 (1.818 kHz),
92108,4.605 s,Timing,Times,Time,600.000 탎 (1.667 kHz),
92120,4.606 s,Timing,Times,Time,500.000 탎 (2.000 kHz),
92130,4.606 s,Timing,Times,Time,600.000 탎 (1.667 kHz),
92142,4.607 s,Timing,Times,Time,500.000 탎 (2.000 kHz),
92152,4.608 s,Timing,Times,Time,600.000 탎 (1.667 kHz),
92164,4.608 s,Timing,Times,Time,500.000 탎 (2.000 kHz),
92174,4.609 s,Timing,Times,Time,650.000 탎 (1.538 kHz),
92187,4.609 s,Timing,Times,Time,1.600 ms (625.000 Hz),
92219,4.611 s,Timing,Times,Time,600.000 탎 (1.667 kHz),
92231,4.612 s,Timing,Times,Time,500.000 탎 (2.000 kHz),
92241,4.612 s,Timing,Times,Time,600.000 탎 (1.667 kHz),
92253,4.613 s,Timing,Times,Time,1.650 ms (606.061 Hz),
92286,4.614 s,Timing,Times,Time,600.000 탎 (1.667 kHz),
92298,4.615 s,Timing,Times,Time,500.000 탎 (2.000 kHz),
92308,4.615 s,Timing,Times,Time,600.000 탎 (1.667 kHz),
92320,4.616 s,Timing,Times,Time,1.600 ms (625.000 Hz),
92352,4.618 s,Timing,Times,Time,600.000 탎 (1.667 kHz),
92364,4.618 s,Timing,Times,Time,1.650 ms (606.061 Hz),
92397,4.620 s,Timing,Times,Time,600.000 탎 (1.667 kHz),
92409,4.620 s,Timing,Times,Time,1.600 ms (625.000 Hz),
92441,4.622 s,Timing,Times,Time,80.250 ms (12.461 Hz),
94046,4.702 s,Timing,Times,Time,1.100 ms (909.091 Hz),
94068,4.703 s,Timing,Times,Time,2.600 ms (384.615 Hz),
94120,4.706 s,Timing,Times,Time,500.000 탎 (2.000 kHz),
94130,4.707 s,Timing,Times,Time,600.000 탎 (1.667 kHz),
94142,4.707 s,Timing,Times,Time,550.000 탎 (1.818 kHz),
94153,4.708 s,Timing,Times,Time,600.000 탎 (1.667 kHz),
94165,4.708 s,Timing,Times,Time,500.000 탎 (2.000 kHz),
94175,4.709 s,Timing,Times,Time,600.000 탎 (1.667 kHz),
94187,4.709 s,Timing,Times,Time,1.600 ms (625.000 Hz),
94219,4.711 s,Timing,Times,Time,600.000 탎 (1.667 kHz),
94231,4.712 s,Timing,Times,Time,1.650 ms (606.061 Hz),
94264,4.713 s,Timing,Times,Time,600.000 탎 (1.667 kHz),
94276,4.714 s,Timing,Times,Time,500.000 탎 (2.000 kHz),
94286,4.714 s,Timing,Times,Time,600.000 탎 (1.667 kHz),
94298,4.715 s,Timing,Times,Time,500.000 탎 (2.000 kHz),
94308,4.715 s,Timing,Times,Time,600.000 탎 (1.667 kHz),
94320,4.716 s,Timing,Times,Time,1.650 ms (606.061 Hz),
94353,4.718 s,Timing,Times,Time,600.000 탎 (1.667 kHz),
94365,4.718 s,Timing,Times,Time,1.600 ms (625.000 Hz),
94397,4.720 s,Timing,Times,Time,600.000 탎 (1.667 kHz),
94409,4.720 s,Timing,Times,Time,1.650 ms (606.061 Hz),
94442,4.722 s,Timing,Times,Time,600.000 탎 (1.667 kHz),
94454,4.723 s,Timing,Times,Time,1.600 ms (625.000 Hz),
94486,4.724 s,Timing,Times,Time,600.000 탎 (1.667 kHz),
94498,4.725 s,Timing,Times,Time,500.000 탎 (2.000 kHz),
94508,4.725 s,Timing,Times,Time,600.000 탎 (1.667 kHz),
94520,4.726 s,Timing,Times,Time,550.000 탎 (1.818 kHz),
94531,4.727 s,Timing,Times,Time,600.000 탎 (1.667 kHz),
94543,4.727 s,Timing,Times,Time,1.600 ms (625.000 Hz),
94575,4.729 s,Timing,Times,Time,600.000 탎 (1.667 kHz),
94587,4.729 s,Timing,Times,Time,1.600 ms (625.000 Hz),
94619,4.731 s,Timing,Times,Time,650.000 탎 (1.538 kHz),
94632,4.732 s,Timing,Times,Time,500.000 탎 (2.000 kHz),
94642,4.732 s,Timing,Times,Time,600.000 탎 (1.667 kHz),
94654,4.733 s,Timing,Times,Time,1.600 ms (625.000 Hz),
94686,4.734 s,Timing,Times,Time,600.000 탎 (1.667 kHz),
94698,4.735 s,Timing,Times,Time,500.000 탎 (2.000 kHz),
94708,4.735 s,Timing,Times,Time,650.000 탎 (1.538 kHz),
94721,4.736 s,Timing,Times,Time,1.600 ms (625.000 Hz),
94753,4.738 s,Timing,Times,Time,600.000 탎 (1.667 kHz),
94765,4.738 s,Timing,Times,Time,500.000 탎 (2.000 kHz),
94775,4.739 s,Timing,Times,Time,600.000 탎 (1.667 kHz),
94787,4.739 s,Timing,Times,Time,1.600 ms (625.000 Hz),
94819,4.741 s,Timing,Times,Time,650.000 탎 (1.538 kHz),
94832,4.742 s,Timing,Times,Time,500.000 탎 (2.000 kHz),
94842,4.742 s,Timing,Times,Time,600.000 탎 (1.667 kHz),
94854,4.743 s,Timing,Times,Time,500.000 탎 (2.000 kHz),
94864,4.743 s,Timing,Times,Time,600.000 탎 (1.667 kHz),
94876,4.744 s,Timing,Times,Time,500.000 탎 (2.000 kHz),
94886,4.744 s,Timing,Times,Time,650.000 탎 (1.538 kHz),
94899,4.745 s,Timing,Times,Time,500.000 탎 (2.000 kHz),
94909,4.745 s,Timing,Times,Time,600.000 탎 (1.667 kHz),
94921,4.746 s,Timing,Times,Time,1.600 ms (625.000 Hz),
94953,4.748 s,Timing,Times,Time,600.000 탎 (1.667 kHz),
94965,4.748 s,Timing,Times,Time,500.000 탎 (2.000 kHz),
94975,4.749 s,Timing,Times,Time,650.000 탎 (1.538 kHz),
94988,4.749 s,Timing,Times,Time,1.600 ms (625.000 Hz),
95020,4.751 s,Timing,Times,Time,600.000 탎 (1.667 kHz),
95032,4.752 s,Timing,Times,Time,500.000 탎 (2.000 kHz),
95042,4.752 s,Timing,Times,Time,600.000 탎 (1.667 kHz),
95054,4.753 s,Timing,Times,Time,1.600 ms (625.000 Hz),
95086,4.754 s,Timing,Times,Time,650.000 탎 (1.538 kHz),
95099,4.755 s,Timing,Times,Time,1.600 ms (625.000 Hz),
95131,4.757 s,Timing,Times,Time,600.000 탎 (1.667 kHz),
95143,4.757 s,Timing,Times,Time,1.600 ms (625.000 Hz),
95175,4.759 s,Timing,Times,Time,80.600 ms (12.407 Hz),
96787,4.839 s,Timing,Times,Time,1.100 ms (909.091 Hz),
96809,4.840 s,Timing,Times,Time,2.600 ms (384.615 Hz),
96861,4.843 s,Timing,Times,Time,500.000 탎 (2.000 kHz),
96871,4.844 s,Timing,Times,Time,650.000 탎 (1.538 kHz),
96884,4.844 s,Timing,Times,Time,500.000 탎 (2.000 kHz),
96894,4.845 s,Timing,Times,Time,600.000 탎 (1.667 kHz),
96906,4.845 s,Timing,Times,Time,500.000 탎 (2.000 kHz),
96916,4.846 s,Timing,Times,Time,600.000 탎 (1.667 kHz),
96928,4.846 s,Timing,Times,Time,1.600 ms (625.000 Hz),
96960,4.848 s,Timing,Times,Time,650.000 탎 (1.538 kHz),
96973,4.849 s,Timing,Times,Time,1.600 ms (625.000 Hz),
97005,4.850 s,Timing,Times,Time,600.000 탎 (1.667 kHz),
97017,4.851 s,Timing,Times,Time,500.000 탎 (2.000 kHz),
97027,4.851 s,Timing,Times,Time,600.000 탎 (1.667 kHz),
97039,4.852 s,Timing,Times,Time,500.000 탎 (2.000 kHz),
97049,4.852 s,Timing,Times,Time,650.000 탎 (1.538 kHz),
97062,4.853 s,Timing,Times,Time,1.600 ms (625.000 Hz),
97094,4.855 s,Timing,Times,Time,600.000 탎 (1.667 kHz),
97106,4.855 s,Timing,Times,Time,1.600 ms (625.000 Hz),
97138,4.857 s,Timing,Times,Time,600.000 탎 (1.667 kHz),
97150,4.857 s,Timing,Times,Time,1.650 ms (606.061 Hz),
97183,4.859 s,Timing,Times,Time,600.000 탎 (1.667 kHz),
97195,4.860 s,Timing,Times,Time,1.600 ms (625.000 Hz),
97227,4.861 s,Timing,Times,Time,600.000 탎 (1.667 kHz),
97239,4.862 s,Timing,Times,Time,500.000 탎 (2.000 kHz),
97249,4.862 s,Timing,Times,Time,650.000 탎 (1.538 kHz),
97262,4.863 s,Timing,Times,Time,500.000 탎 (2.000 kHz),
97272,4.864 s,Timing,Times,Time,600.000 탎 (1.667 kHz),
97284,4.864 s,Timing,Times,Time,1.600 ms (625.000 Hz),
97316,4.866 s,Timing,Times,Time,600.000 탎 (1.667 kHz),
97328,4.866 s,Timing,Times,Time,1.600 ms (625.000 Hz),
97360,4.868 s,Timing,Times,Time,650.000 탎 (1.538 kHz),
97373,4.869 s,Timing,Times,Time,500.000 탎 (2.000 kHz),
97383,4.869 s,Timing,Times,Time,600.000 탎 (1.667 kHz),
97395,4.870 s,Timing,Times,Time,1.600 ms (625.000 Hz),
97427,4.871 s,Timing,Times,Time,600.000 탎 (1.667 kHz),
97439,4.872 s,Timing,Times,Time,500.000 탎 (2.000 kHz),
97449,4.872 s,Timing,Times,Time,650.000 탎 (1.538 kHz),
97462,4.873 s,Timing,Times,Time,1.600 ms (625.000 Hz),
97494,4.875 s,Timing,Times,Time,600.000 탎 (1.667 kHz),
97506,4.875 s,Timing,Times,Time,500.000 탎 (2.000 kHz),
97516,4.876 s,Timing,Times,Time,600.000 탎 (1.667 kHz),
97528,4.876 s,Timing,Times,Time,1.650 ms (606.061 Hz),
97561,4.878 s,Timing,Times,Time,600.000 탎 (1.667 kHz),
97573,4.879 s,Timing,Times,Time,500.000 탎 (2.000 kHz),
97583,4.879 s,Timing,Times,Time,600.000 탎 (1.667 kHz),
97595,4.880 s,Timing,Times,Time,500.000 탎 (2.000 kHz),
97605,4.880 s,Timing,Times,Time,600.000 탎 (1.667 kHz),
97617,4.881 s,Timing,Times,Time,500.000 탎 (2.000 kHz),
97627,4.881 s,Timing,Times,Time,650.000 탎 (1.538 kHz),
97640,4.882 s,Timing,Times,Time,500.000 탎 (2.000 kHz),
97650,4.883 s,Timing,Times,Time,600.000 탎 (1.667 kHz),
97662,4.883 s,Timing,Times,Time,1.600 ms (625.000 Hz),
97694,4.885 s,Timing,Times,Time,600.000 탎 (1.667 kHz),
97706,4.885 s,Timing,Times,Time,500.000 탎 (2.000 kHz),
97716,4.886 s,Timing,Times,Time,650.000 탎 (1.538 kHz),
97729,4.886 s,Timing,Times,Time,1.600 ms (625.000 Hz),
97761,4.888 s,Timing,Times,Time,600.000 탎 (1.667 kHz),
97773,4.889 s,Timing,Times,Time,500.000 탎 (2.000 kHz),
97783,4.889 s,Timing,Times,Time,600.000 탎 (1.667 kHz),
97795,4.890 s,Timing,Times,Time,1.650 ms (606.061 Hz),
97828,4.891 s,Timing,Times,Time,600.000 탎 (1.667 kHz),
97840,4.892 s,Timing,Times,Time,1.600 ms (625.000 Hz),
97872,4.894 s,Timing,Times,Time,600.000 탎 (1.667 kHz),
97884,4.894 s,Timing,Times,Time,1.600 ms (625.000 Hz),
97916,4.896 s,Timing,Times,Time,79.200 ms (12.626 Hz),
99500,4.975 s,Timing,Times,Time,1.050 ms (952.381 Hz),
99521,4.976 s,Timing,Times,Time,2.650 ms (377.358 Hz),
99574,4.979 s,Timing,Times,Time,500.000 탎 (2.000 kHz),
99584,4.979 s,Timing,Times,Time,600.000 탎 (1.667 kHz),
99596,4.980 s,Timing,Times,Time,500.000 탎 (2.000 kHz),
99606,4.980 s,Timing,Times,Time,600.000 탎 (1.667 kHz),
99618,4.981 s,Timing,Times,Time,500.000 탎 (2.000 kHz),
99628,4.981 s,Timing,Times,Time,650.000 탎 (1.538 kHz),
99641,4.982 s,Timing,Times,Time,1.600 ms (625.000 Hz),
99673,4.984 s,Timing,Times,Time,600.000 탎 (1.667 kHz),
99685,4.984 s,Timing,Times,Time,1.600 ms (625.000 Hz),
99717,4.986 s,Timing,Times,Time,600.000 탎 (1.667 kHz),
99729,4.986 s,Timing,Times,Time,500.000 탎 (2.000 kHz),
99739,4.987 s,Timing,Times,Time,650.000 탎 (1.538 kHz),
99752,4.988 s,Timing,Times,Time,500.000 탎 (2.000 kHz),
99762,4.988 s,Timing,Times,Time,600.000 탎 (1.667 kHz),
99774,4.989 s,Timing,Times,Time,1.600 ms (625.000 Hz),
99806,4.990 s,Timing,Times,Time,600.000 탎 (1.667 kHz),
99818,4.991 s,Timing,Times,Time,1.650 ms (606.061 Hz),
99851,4.993 s,Timing,Times,Time,600.000 탎 (1.667 kHz),
99863,4.993 s,Timing,Times,Time,1.600 ms (625.000 Hz),
99895,4.995 s,Timing,Times,Time,600.000 탎 (1.667 kHz),
99907,4.995 s,Timing,Times,Time,1.600 ms (625.000 Hz),
99939,4.997 s,Timing,Times,Time,650.000 탎 (1.538 kHz),
99952,4.998 s,Timing,Times,Time,500.000 탎 (2.000 kHz),
99962,4.998 s,Timing,Times,Time,600.000 탎 (1.667 kHz),
99974,4.999 s,Timing,Times,Time,500.000 탎 (2.000 kHz),
99984,4.999 s,Timing,Times,Time,600.000 탎 (1.667 kHz),
99996,5.000 s,Timing,Times,Time,1.600 ms (625.000 Hz),
100028,5.001 s,Timing,Times,Time,650.000 탎 (1.538 kHz),
100041,5.002 s,Timing,Times,Time,1.600 ms (625.000 Hz),
100073,5.004 s,Timing,Times,Time,600.000 탎 (1.667 kHz),
100085,5.004 s,Timing,Times,Time,500.000 탎 (2.000 kHz),
100095,5.005 s,Timing,Times,Time,600.000 탎 (1.667 kHz),
100107,5.005 s,Timing,Times,Time,1.600 ms (625.000 Hz),
100139,5.007 s,Timing,Times,Time,650.000 탎 (1.538 kHz),
100152,5.008 s,Timing,Times,Time,500.000 탎 (2.000 kHz),
100162,5.008 s,Timing,Times,Time,600.000 탎 (1.667 kHz),
100174,5.009 s,Timing,Times,Time,1.600 ms (625.000 Hz),
100206,5.010 s,Timing,Times,Time,600.000 탎 (1.667 kHz),
100218,5.011 s,Timing,Times,Time,500.000 탎 (2.000 kHz),
100228,5.011 s,Timing,Times,Time,650.000 탎 (1.538 kHz),
100241,5.012 s,Timing,Times,Time,1.600 ms (625.000 Hz),
100273,5.014 s,Timing,Times,Time,600.000 탎 (1.667 kHz),
100285,5.014 s,Timing,Times,Time,500.000 탎 (2.000 kHz),
100295,5.015 s,Timing,Times,Time,600.000 탎 (1.667 kHz),
100307,5.015 s,Timing,Times,Time,500.000 탎 (2.000 kHz),
100317,5.016 s,Timing,Times,Time,650.000 탎 (1.538 kHz),
100330,5.016 s,Timing,Times,Time,500.000 탎 (2.000 kHz),
100340,5.017 s,Timing,Times,Time,600.000 탎 (1.667 kHz),
100352,5.018 s,Timing,Times,Time,500.000 탎 (2.000 kHz),
100362,5.018 s,Timing,Times,Time,600.000 탎 (1.667 kHz),
100374,5.019 s,Timing,Times,Time,1.600 ms (625.000 Hz),
100406,5.020 s,Timing,Times,Time,650.000 탎 (1.538 kHz),
100419,5.021 s,Timing,Times,Time,500.000 탎 (2.000 kHz),
100429,5.021 s,Timing,Times,Time,600.000 탎 (1.667 kHz),
100441,5.022 s,Timing,Times,Time,1.600 ms (625.000 Hz),
100473,5.024 s,Timing,Times,Time,600.000 탎 (1.667 kHz),
100485,5.024 s,Timing,Times,Time,500.000 탎 (2.000 kHz),
100495,5.025 s,Timing,Times,Time,650.000 탎 (1.538 kHz),
100508,5.025 s,Timing,Times,Time,1.600 ms (625.000 Hz),
100540,5.027 s,Timing,Times,Time,600.000 탎 (1.667 kHz),
100552,5.028 s,Timing,Times,Time,1.600 ms (625.000 Hz),
100584,5.029 s,Timing,Times,Time,650.000 탎 (1.538 kHz),
100597,5.030 s,Timing,Times,Time,1.600 ms (625.000 Hz),
100629,5.031 s,Timing,Times,Time,91.100 ms (10.977 Hz),
102451,5.123 s,Timing,Times,Time,1.050 ms (952.381 Hz),
102472,5.124 s,Timing,Times,Time,2.650 ms (377.358 Hz),
102525,5.126 s,Timing,Times,Time,500.000 탎 (2.000 kHz),
102535,5.127 s,Timing,Times,Time,600.000 탎 (1.667 kHz),
102547,5.127 s,Timing,Times,Time,500.000 탎 (2.000 kHz),
102557,5.128 s,Timing,Times,Time,600.000 탎 (1.667 kHz),
102569,5.128 s,Timing,Times,Time,550.000 탎 (1.818 kHz),
102580,5.129 s,Timing,Times,Time,600.000 탎 (1.667 kHz),
102592,5.130 s,Timing,Times,Time,1.600 ms (625.000 Hz),
102624,5.131 s,Timing,Times,Time,600.000 탎 (1.667 kHz),
102636,5.132 s,Timing,Times,Time,1.600 ms (625.000 Hz),
102668,5.133 s,Timing,Times,Time,650.000 탎 (1.538 kHz),
102681,5.134 s,Timing,Times,Time,500.000 탎 (2.000 kHz),
102691,5.135 s,Timing,Times,Time,600.000 탎 (1.667 kHz),
102703,5.135 s,Timing,Times,Time,500.000 탎 (2.000 kHz),
102713,5.136 s,Timing,Times,Time,600.000 탎 (1.667 kHz),
102725,5.136 s,Timing,Times,Time,1.600 ms (625.000 Hz),
102757,5.138 s,Timing,Times,Time,650.000 탎 (1.538 kHz),
102770,5.138 s,Timing,Times,Time,1.600 ms (625.000 Hz),
102802,5.140 s,Timing,Times,Time,600.000 탎 (1.667 kHz),
102814,5.141 s,Timing,Times,Time,1.600 ms (625.000 Hz),
102846,5.142 s,Timing,Times,Time,600.000 탎 (1.667 kHz),
102858,5.143 s,Timing,Times,Time,1.650 ms (606.061 Hz),
102891,5.145 s,Timing,Times,Time,600.000 탎 (1.667 kHz),
102903,5.145 s,Timing,Times,Time,500.000 탎 (2.000 kHz),
102913,5.146 s,Timing,Times,Time,600.000 탎 (1.667 kHz),
102925,5.146 s,Timing,Times,Time,500.000 탎 (2.000 kHz),
102935,5.147 s,Timing,Times,Time,600.000 탎 (1.667 kHz),
102947,5.147 s,Timing,Times,Time,1.650 ms (606.061 Hz),
102980,5.149 s,Timing,Times,Time,600.000 탎 (1.667 kHz),
102992,5.150 s,Timing,Times,Time,1.600 ms (625.000 Hz),
103024,5.151 s,Timing,Times,Time,600.000 탎 (1.667 kHz),
103036,5.152 s,Timing,Times,Time,500.000 탎 (2.000 kHz),
103046,5.152 s,Timing,Times,Time,600.000 탎 (1.667 kHz),
103058,5.153 s,Timing,Times,Time,1.650 ms (606.061 Hz),
103091,5.155 s,Timing,Times,Time,600.000 탎 (1.667 kHz),
103103,5.155 s,Timing,Times,Time,500.000 탎 (2.000 kHz),
103113,5.156 s,Timing,Times,Time,600.000 탎 (1.667 kHz),
103125,5.156 s,Timing,Times,Time,1.600 ms (625.000 Hz),
103157,5.158 s,Timing,Times,Time,650.000 탎 (1.538 kHz),
103170,5.159 s,Timing,Times,Time,500.000 탎 (2.000 kHz),
103180,5.159 s,Timing,Times,Time,600.000 탎 (1.667 kHz),
103192,5.160 s,Timing,Times,Time,1.600 ms (625.000 Hz),
103224,5.161 s,Timing,Times,Time,600.000 탎 (1.667 kHz),
103236,5.162 s,Timing,Times,Time,500.000 탎 (2.000 kHz),
103246,5.162 s,Timing,Times,Time,650.000 탎 (1.538 kHz),
103259,5.163 s,Timing,Times,Time,500.000 탎 (2.000 kHz),
103269,5.163 s,Timing,Times,Time,600.000 탎 (1.667 kHz),
103281,5.164 s,Timing,Times,Time,500.000 탎 (2.000 kHz),
103291,5.165 s,Timing,Times,Time,600.000 탎 (1.667 kHz),
103303,5.165 s,Timing,Times,Time,500.000 탎 (2.000 kHz),
103313,5.166 s,Timing,Times,Time,650.000 탎 (1.538 kHz),
103326,5.166 s,Timing,Times,Time,1.600 ms (625.000 Hz),
103358,5.168 s,Timing,Times,Time,600.000 탎 (1.667 kHz),
103370,5.168 s,Timing,Times,Time,500.000 탎 (2.000 kHz),
103380,5.169 s,Timing,Times,Time,600.000 탎 (1.667 kHz),
103392,5.170 s,Timing,Times,Time,1.600 ms (625.000 Hz),
103424,5.171 s,Timing,Times,Time,650.000 탎 (1.538 kHz),
103437,5.172 s,Timing,Times,Time,500.000 탎 (2.000 kHz),
103447,5.172 s,Timing,Times,Time,600.000 탎 (1.667 kHz),
103459,5.173 s,Timing,Times,Time,1.600 ms (625.000 Hz),
103491,5.175 s,Timing,Times,Time,600.000 탎 (1.667 kHz),
103503,5.175 s,Timing,Times,Time,1.650 ms (606.061 Hz),
103536,5.177 s,Timing,Times,Time,600.000 탎 (1.667 kHz),
103548,5.177 s,Timing,Times,Time,1.600 ms (625.000 Hz),
103580,5.179 s,Timing,Times,Time,80.150 ms (12.477 Hz),
105183,5.259 s,Timing,Times,Time,1.050 ms (952.381 Hz),
105204,5.260 s,Timing,Times,Time,2.650 ms (377.358 Hz),
105257,5.263 s,Timing,Times,Time,500.000 탎 (2.000 kHz),
105267,5.263 s,Timing,Times,Time,600.000 탎 (1.667 kHz),
105279,5.264 s,Timing,Times,Time,500.000 탎 (2.000 kHz),
105289,5.264 s,Timing,Times,Time,600.000 탎 (1.667 kHz),
105301,5.265 s,Timing,Times,Time,550.000 탎 (1.818 kHz),
105312,5.266 s,Timing,Times,Time,600.000 탎 (1.667 kHz),
105324,5.266 s,Timing,Times,Time,1.600 ms (625.000 Hz),
105356,5.268 s,Timing,Times,Time,600.000 탎 (1.667 kHz),
105368,5.268 s,Timing,Times,Time,1.600 ms (625.000 Hz),
105400,5.270 s,Timing,Times,Time,650.000 탎 (1.538 kHz),
105413,5.271 s,Timing,Times,Time,500.000 탎 (2.000 kHz),
105423,5.271 s,Timing,Times,Time,600.000 탎 (1.667 kHz),
105435,5.272 s,Timing,Times,Time,500.000 탎 (2.000 kHz),
105445,5.272 s,Timing,Times,Time,600.000 탎 (1.667 kHz),
105457,5.273 s,Timing,Times,Time,1.600 ms (625.000 Hz),
105489,5.274 s,Timing,Times,Time,650.000 탎 (1.538 kHz),
105502,5.275 s,Timing,Times,Time,1.600 ms (625.000 Hz),
105534,5.277 s,Timing,Times,Time,600.000 탎 (1.667 kHz),
105546,5.277 s,Timing,Times,Time,1.600 ms (625.000 Hz),
105578,5.279 s,Timing,Times,Time,600.000 탎 (1.667 kHz),
105590,5.279 s,Timing,Times,Time,1.650 ms (606.061 Hz),
105623,5.281 s,Timing,Times,Time,600.000 탎 (1.667 kHz),
105635,5.282 s,Timing,Times,Time,500.000 탎 (2.000 kHz),
105645,5.282 s,Timing,Times,Time,600.000 탎 (1.667 kHz),
105657,5.283 s,Timing,Times,Time,500.000 탎 (2.000 kHz),
105667,5.283 s,Timing,Times,Time,600.000 탎 (1.667 kHz),
105679,5.284 s,Timing,Times,Time,1.650 ms (606.061 Hz),
105712,5.286 s,Timing,Times,Time,600.000 탎 (1.667 kHz),
105724,5.286 s,Timing,Times,Time,1.600 ms (625.000 Hz),
105756,5.288 s,Timing,Times,Time,600.000 탎 (1.667 kHz),
105768,5.288 s,Timing,Times,Time,500.000 탎 (2.000 kHz),
105778,5.289 s,Timing,Times,Time,650.000 탎 (1.538 kHz),
105791,5.290 s,Timing,Times,Time,1.600 ms (625.000 Hz),
105823,5.291 s,Timing,Times,Time,600.000 탎 (1.667 kHz),
105835,5.292 s,Timing,Times,Time,500.000 탎 (2.000 kHz),
105845,5.292 s,Timing,Times,Time,600.000 탎 (1.667 kHz),
105857,5.293 s,Timing,Times,Time,1.600 ms (625.000 Hz),
105889,5.294 s,Timing,Times,Time,650.000 탎 (1.538 kHz),
105902,5.295 s,Timing,Times,Time,500.000 탎 (2.000 kHz),
105912,5.296 s,Timing,Times,Time,600.000 탎 (1.667 kHz),
105924,5.296 s,Timing,Times,Time,1.600 ms (625.000 Hz),
105956,5.298 s,Timing,Times,Time,600.000 탎 (1.667 kHz),
105968,5.298 s,Timing,Times,Time,500.000 탎 (2.000 kHz),
105978,5.299 s,Timing,Times,Time,650.000 탎 (1.538 kHz),
105991,5.300 s,Timing,Times,Time,500.000 탎 (2.000 kHz),
106001,5.300 s,Timing,Times,Time,600.000 탎 (1.667 kHz),
106013,5.301 s,Timing,Times,Time,500.000 탎 (2.000 kHz),
106023,5.301 s,Timing,Times,Time,600.000 탎 (1.667 kHz),
106035,5.302 s,Timing,Times,Time,500.000 탎 (2.000 kHz),
106045,5.302 s,Timing,Times,Time,650.000 탎 (1.538 kHz),
106058,5.303 s,Timing,Times,Time,1.600 ms (625.000 Hz),
106090,5.304 s,Timing,Times,Time,600.000 탎 (1.667 kHz),
106102,5.305 s,Timing,Times,Time,500.000 탎 (2.000 kHz),
106112,5.306 s,Timing,Times,Time,600.000 탎 (1.667 kHz),
106124,5.306 s,Timing,Times,Time,1.600 ms (625.000 Hz),
106156,5.308 s,Timing,Times,Time,650.000 탎 (1.538 kHz),
106169,5.308 s,Timing,Times,Time,500.000 탎 (2.000 kHz),
106179,5.309 s,Timing,Times,Time,600.000 탎 (1.667 kHz),
106191,5.310 s,Timing,Times,Time,1.600 ms (625.000 Hz),
106223,5.311 s,Timing,Times,Time,600.000 탎 (1.667 kHz),
106235,5.312 s,Timing,Times,Time,1.650 ms (606.061 Hz),
106268,5.313 s,Timing,Times,Time,600.000 탎 (1.667 kHz),
106280,5.314 s,Timing,Times,Time,1.600 ms (625.000 Hz),
106312,5.316 s,Timing,Times,Time,80.050 ms (12.492 Hz),
107913,5.396 s,Timing,Times,Time,1.050 ms (952.381 Hz),
107934,5.397 s,Timing,Times,Time,2.650 ms (377.358 Hz),
107987,5.399 s,Timing,Times,Time,500.000 탎 (2.000 kHz),
107997,5.400 s,Timing,Times,Time,600.000 탎 (1.667 kHz),
108009,5.400 s,Timing,Times,Time,500.000 탎 (2.000 kHz),
108019,5.401 s,Timing,Times,Time,650.000 탎 (1.538 kHz),
108032,5.402 s,Timing,Times,Time,500.000 탎 (2.000 kHz),
108042,5.402 s,Timing,Times,Time,600.000 탎 (1.667 kHz),
108054,5.403 s,Timing,Times,Time,1.600 ms (625.000 Hz),
108086,5.404 s,Timing,Times,Time,600.000 탎 (1.667 kHz),
108098,5.405 s,Timing,Times,Time,1.650 ms (606.061 Hz),
108131,5.407 s,Timing,Times,Time,600.000 탎 (1.667 kHz),
108143,5.407 s,Timing,Times,Time,500.000 탎 (2.000 kHz),
108153,5.408 s,Timing,Times,Time,600.000 탎 (1.667 kHz),
108165,5.408 s,Timing,Times,Time,500.000 탎 (2.000 kHz),
108175,5.409 s,Timing,Times,Time,600.000 탎 (1.667 kHz),
108187,5.409 s,Timing,Times,Time,1.650 ms (606.061 Hz),
108220,5.411 s,Timing,Times,Time,600.000 탎 (1.667 kHz),
108232,5.412 s,Timing,Times,Time,1.600 ms (625.000 Hz),
108264,5.413 s,Timing,Times,Time,600.000 탎 (1.667 kHz),
108276,5.414 s,Timing,Times,Time,1.600 ms (625.000 Hz),
108308,5.415 s,Timing,Times,Time,650.000 탎 (1.538 kHz),
108321,5.416 s,Timing,Times,Time,1.600 ms (625.000 Hz),
108353,5.418 s,Timing,Times,Time,600.000 탎 (1.667 kHz),
108365,5.418 s,Timing,Times,Time,500.000 탎 (2.000 kHz),
108375,5.419 s,Timing,Times,Time,600.000 탎 (1.667 kHz),
108387,5.419 s,Timing,Times,Time,500.000 탎 (2.000 kHz),
108397,5.420 s,Timing,Times,Time,650.000 탎 (1.538 kHz),
108410,5.420 s,Timing,Times,Time,1.600 ms (625.000 Hz),
108442,5.422 s,Timing,Times,Time,600.000 탎 (1.667 kHz),
108454,5.423 s,Timing,Times,Time,1.600 ms (625.000 Hz),
108486,5.424 s,Timing,Times,Time,600.000 탎 (1.667 kHz),
108498,5.425 s,Timing,Times,Time,500.000 탎 (2.000 kHz),
108508,5.425 s,Timing,Times,Time,650.000 탎 (1.538 kHz),
108521,5.426 s,Timing,Times,Time,1.600 ms (625.000 Hz),
108553,5.428 s,Timing,Times,Time,600.000 탎 (1.667 kHz),
108565,5.428 s,Timing,Times,Time,500.000 탎 (2.000 kHz),
108575,5.429 s,Timing,Times,Time,600.000 탎 (1.667 kHz),
108587,5.429 s,Timing,Times,Time,1.650 ms (606.061 Hz),
108620,5.431 s,Timing,Times,Time,600.000 탎 (1.667 kHz),
108632,5.432 s,Timing,Times,Time,500.000 탎 (2.000 kHz),
108642,5.432 s,Timing,Times,Time,600.000 탎 (1.667 kHz),
108654,5.433 s,Timing,Times,Time,1.600 ms (625.000 Hz),
108686,5.434 s,Timing,Times,Time,600.000 탎 (1.667 kHz),
108698,5.435 s,Timing,Times,Time,550.000 탎 (1.818 kHz),
108709,5.435 s,Timing,Times,Time,600.000 탎 (1.667 kHz),
108721,5.436 s,Timing,Times,Time,500.000 탎 (2.000 kHz),
108731,5.437 s,Timing,Times,Time,600.000 탎 (1.667 kHz),
108743,5.437 s,Timing,Times,Time,500.000 탎 (2.000 kHz),
108753,5.438 s,Timing,Times,Time,600.000 탎 (1.667 kHz),
108765,5.438 s,Timing,Times,Time,500.000 탎 (2.000 kHz),
108775,5.439 s,Timing,Times,Time,650.000 탎 (1.538 kHz),
108788,5.439 s,Timing,Times,Time,1.600 ms (625.000 Hz),
108820,5.441 s,Timing,Times,Time,600.000 탎 (1.667 kHz),
108832,5.442 s,Timing,Times,Time,500.000 탎 (2.000 kHz),
108842,5.442 s,Timing,Times,Time,600.000 탎 (1.667 kHz),
108854,5.443 s,Timing,Times,Time,1.650 ms (606.061 Hz),
108887,5.444 s,Timing,Times,Time,600.000 탎 (1.667 kHz),
108899,5.445 s,Timing,Times,Time,500.000 탎 (2.000 kHz),
108909,5.445 s,Timing,Times,Time,600.000 탎 (1.667 kHz),
108921,5.446 s,Timing,Times,Time,1.600 ms (625.000 Hz),
108953,5.448 s,Timing,Times,Time,600.000 탎 (1.667 kHz),
108965,5.448 s,Timing,Times,Time,1.650 ms (606.061 Hz),
108998,5.450 s,Timing,Times,Time,600.000 탎 (1.667 kHz),
109010,5.450 s,Timing,Times,Time,1.600 ms (625.000 Hz),
109042,5.452 s,Timing,Times,Time,80.100 ms (12.484 Hz),
110644,5.532 s,Timing,Times,Time,1.050 ms (952.381 Hz),
110665,5.533 s,Timing,Times,Time,2.600 ms (384.615 Hz),
110717,5.536 s,Timing,Times,Time,550.000 탎 (1.818 kHz),
110728,5.536 s,Timing,Times,Time,600.000 탎 (1.667 kHz),
110740,5.537 s,Timing,Times,Time,500.000 탎 (2.000 kHz),
110750,5.537 s,Timing,Times,Time,600.000 탎 (1.667 kHz),
110762,5.538 s,Timing,Times,Time,500.000 탎 (2.000 kHz),
110772,5.539 s,Timing,Times,Time,600.000 탎 (1.667 kHz),
110784,5.539 s,Timing,Times,Time,1.650 ms (606.061 Hz),
110817,5.541 s,Timing,Times,Time,600.000 탎 (1.667 kHz),
110829,5.541 s,Timing,Times,Time,1.600 ms (625.000 Hz),
110861,5.543 s,Timing,Times,Time,600.000 탎 (1.667 kHz),
110873,5.544 s,Timing,Times,Time,500.000 탎 (2.000 kHz),
110883,5.544 s,Timing,Times,Time,600.000 탎 (1.667 kHz),
110895,5.545 s,Timing,Times,Time,550.000 탎 (1.818 kHz),
110906,5.545 s,Timing,Times,Time,600.000 탎 (1.667 kHz),
110918,5.546 s,Timing,Times,Time,1.600 ms (625.000 Hz),
110950,5.548 s,Timing,Times,Time,600.000 탎 (1.667 kHz),
110962,5.548 s,Timing,Times,Time,1.600 ms (625.000 Hz),
110994,5.550 s,Timing,Times,Time,650.000 탎 (1.538 kHz),
111007,5.550 s,Timing,Times,Time,1.600 ms (625.000 Hz),
111039,5.552 s,Timing,Times,Time,600.000 탎 (1.667 kHz),
111051,5.553 s,Timing,Times,Time,1.600 ms (625.000 Hz),
111083,5.554 s,Timing,Times,Time,600.000 탎 (1.667 kHz),
111095,5.555 s,Timing,Times,Time,550.000 탎 (1.818 kHz),
111106,5.555 s,Timing,Times,Time,600.000 탎 (1.667 kHz),
111118,5.556 s,Timing,Times,Time,500.000 탎 (2.000 kHz),
111128,5.556 s,Timing,Times,Time,600.000 탎 (1.667 kHz),
111140,5.557 s,Timing,Times,Time,1.600 ms (625.000 Hz),
111172,5.559 s,Timing,Times,Time,600.000 탎 (1.667 kHz),
111184,5.559 s,Timing,Times,Time,1.650 ms (606.061 Hz),
111217,5.561 s,Timing,Times,Time,600.000 탎 (1.667 kHz),
111229,5.561 s,Timing,Times,Time,500.000 탎 (2.000 kHz),
111239,5.562 s,Timing,Times,Time,600.000 탎 (1.667 kHz),
111251,5.563 s,Timing,Times,Time,1.600 ms (625.000 Hz),
111283,5.564 s,Timing,Times,Time,650.000 탎 (1.538 kHz),
111296,5.565 s,Timing,Times,Time,500.000 탎 (2.000 kHz),
111306,5.565 s,Timing,Times,Time,600.000 탎 (1.667 kHz),
111318,5.566 s,Timing,Times,Time,1.600 ms (625.000 Hz),
111350,5.567 s,Timing,Times,Time,600.000 탎 (1.667 kHz),
111362,5.568 s,Timing,Times,Time,500.000 탎 (2.000 kHz),
111372,5.569 s,Timing,Times,Time,650.000 탎 (1.538 kHz),
111385,5.569 s,Timing,Times,Time,1.600 ms (625.000 Hz),
111417,5.571 s,Timing,Times,Time,600.000 탎 (1.667 kHz),
111429,5.571 s,Timing,Times,Time,500.000 탎 (2.000 kHz),
111439,5.572 s,Timing,Times,Time,600.000 탎 (1.667 kHz),
111451,5.573 s,Timing,Times,Time,500.000 탎 (2.000 kHz),
111461,5.573 s,Timing,Times,Time,650.000 탎 (1.538 kHz),
111474,5.574 s,Timing,Times,Time,500.000 탎 (2.000 kHz),
111484,5.574 s,Timing,Times,Time,600.000 탎 (1.667 kHz),
111496,5.575 s,Timing,Times,Time,500.000 탎 (2.000 kHz),
111506,5.575 s,Timing,Times,Time,600.000 탎 (1.667 kHz),
111518,5.576 s,Timing,Times,Time,1.600 ms (625.000 Hz),
111550,5.577 s,Timing,Times,Time,650.000 탎 (1.538 kHz),
111563,5.578 s,Timing,Times,Time,500.000 탎 (2.000 kHz),
111573,5.579 s,Timing,Times,Time,600.000 탎 (1.667 kHz),
111585,5.579 s,Timing,Times,Time,1.600 ms (625.000 Hz),
111617,5.581 s,Timing,Times,Time,600.000 탎 (1.667 kHz),
111629,5.581 s,Timing,Times,Time,500.000 탎 (2.000 kHz),
111639,5.582 s,Timing,Times,Time,650.000 탎 (1.538 kHz),
111652,5.583 s,Timing,Times,Time,1.600 ms (625.000 Hz),
111684,5.584 s,Timing,Times,Time,600.000 탎 (1.667 kHz),
111696,5.585 s,Timing,Times,Time,1.600 ms (625.000 Hz),
111728,5.586 s,Timing,Times,Time,600.000 탎 (1.667 kHz),
111740,5.587 s,Timing,Times,Time,1.650 ms (606.061 Hz),
111773,5.589 s,Timing,Times,Time,81.200 ms (12.315 Hz),
113397,5.670 s,Timing,Times,Time,1.050 ms (952.381 Hz),
113418,5.671 s,Timing,Times,Time,2.600 ms (384.615 Hz),
113470,5.673 s,Timing,Times,Time,550.000 탎 (1.818 kHz),
113481,5.674 s,Timing,Times,Time,600.000 탎 (1.667 kHz),
113493,5.675 s,Timing,Times,Time,500.000 탎 (2.000 kHz),
113503,5.675 s,Timing,Times,Time,600.000 탎 (1.667 kHz),
113515,5.676 s,Timing,Times,Time,500.000 탎 (2.000 kHz),
113525,5.676 s,Timing,Times,Time,600.000 탎 (1.667 kHz),
113537,5.677 s,Timing,Times,Time,1.650 ms (606.061 Hz),
113570,5.678 s,Timing,Times,Time,600.000 탎 (1.667 kHz),
113582,5.679 s,Timing,Times,Time,1.600 ms (625.000 Hz),
113614,5.681 s,Timing,Times,Time,600.000 탎 (1.667 kHz),
113626,5.681 s,Timing,Times,Time,500.000 탎 (2.000 kHz),
113636,5.682 s,Timing,Times,Time,600.000 탎 (1.667 kHz),
113648,5.682 s,Timing,Times,Time,550.000 탎 (1.818 kHz),
113659,5.683 s,Timing,Times,Time,600.000 탎 (1.667 kHz),
113671,5.684 s,Timing,Times,Time,1.600 ms (625.000 Hz),
113703,5.685 s,Timing,Times,Time,600.000 탎 (1.667 kHz),
113715,5.686 s,Timing,Times,Time,1.600 ms (625.000 Hz),
113747,5.687 s,Timing,Times,Time,650.000 탎 (1.538 kHz),
113760,5.688 s,Timing,Times,Time,1.600 ms (625.000 Hz),
113792,5.690 s,Timing,Times,Time,600.000 탎 (1.667 kHz),
113804,5.690 s,Timing,Times,Time,1.600 ms (625.000 Hz),
113836,5.692 s,Timing,Times,Time,600.000 탎 (1.667 kHz),
113848,5.692 s,Timing,Times,Time,500.000 탎 (2.000 kHz),
113858,5.693 s,Timing,Times,Time,650.000 탎 (1.538 kHz),
113871,5.694 s,Timing,Times,Time,500.000 탎 (2.000 kHz),
113881,5.694 s,Timing,Times,Time,600.000 탎 (1.667 kHz),
113893,5.695 s,Timing,Times,Time,1.600 ms (625.000 Hz),
113925,5.696 s,Timing,Times,Time,600.000 탎 (1.667 kHz),
113937,5.697 s,Timing,Times,Time,1.650 ms (606.061 Hz),
113970,5.699 s,Timing,Times,Time,600.000 탎 (1.667 kHz),
113982,5.699 s,Timing,Times,Time,500.000 탎 (2.000 kHz),
113992,5.700 s,Timing,Times,Time,600.000 탎 (1.667 kHz),
114004,5.700 s,Timing,Times,Time,1.600 ms (625.000 Hz),
114036,5.702 s,Timing,Times,Time,600.000 탎 (1.667 kHz),
114048,5.702 s,Timing,Times,Time,550.000 탎 (1.818 kHz),
114059,5.703 s,Timing,Times,Time,600.000 탎 (1.667 kHz),
114071,5.704 s,Timing,Times,Time,1.600 ms (625.000 Hz),
114103,5.705 s,Timing,Times,Time,600.000 탎 (1.667 kHz),
114115,5.706 s,Timing,Times,Time,500.000 탎 (2.000 kHz),
114125,5.706 s,Timing,Times,Time,600.000 탎 (1.667 kHz),
114137,5.707 s,Timing,Times,Time,1.650 ms (606.061 Hz),
114170,5.708 s,Timing,Times,Time,600.000 탎 (1.667 kHz),
114182,5.709 s,Timing,Times,Time,500.000 탎 (2.000 kHz),
114192,5.710 s,Timing,Times,Time,600.000 탎 (1.667 kHz),
114204,5.710 s,Timing,Times,Time,500.000 탎 (2.000 kHz),
114214,5.711 s,Timing,Times,Time,600.000 탎 (1.667 kHz),
114226,5.711 s,Timing,Times,Time,550.000 탎 (1.818 kHz),
114237,5.712 s,Timing,Times,Time,600.000 탎 (1.667 kHz),
114249,5.712 s,Timing,Times,Time,500.000 탎 (2.000 kHz),
114259,5.713 s,Timing,Times,Time,600.000 탎 (1.667 kHz),
114271,5.714 s,Timing,Times,Time,1.600 ms (625.000 Hz),
114303,5.715 s,Timing,Times,Time,600.000 탎 (1.667 kHz),
114315,5.716 s,Timing,Times,Time,550.000 탎 (1.818 kHz),
114326,5.716 s,Timing,Times,Time,600.000 탎 (1.667 kHz),
114338,5.717 s,Timing,Times,Time,1.600 ms (625.000 Hz),
114370,5.718 s,Timing,Times,Time,600.000 탎 (1.667 kHz),
114382,5.719 s,Timing,Times,Time,500.000 탎 (2.000 kHz),
114392,5.720 s,Timing,Times,Time,600.000 탎 (1.667 kHz),
114404,5.720 s,Timing,Times,Time,1.650 ms (606.061 Hz),
114437,5.722 s,Timing,Times,Time,600.000 탎 (1.667 kHz),
114449,5.722 s,Timing,Times,Time,1.600 ms (625.000 Hz),
114481,5.724 s,Timing,Times,Time,600.000 탎 (1.667 kHz),
114493,5.725 s,Timing,Times,Time,1.600 ms (625.000 Hz),
114525,5.726 s,Timing,Times,Time,80.000 ms (12.500 Hz),
116125,5.806 s,Timing,Times,Time,1.050 ms (952.381 Hz),
116146,5.807 s,Timing,Times,Time,2.650 ms (377.358 Hz),
116199,5.810 s,Timing,Times,Time,500.000 탎 (2.000 kHz),
116209,5.810 s,Timing,Times,Time,600.000 탎 (1.667 kHz),
116221,5.811 s,Timing,Times,Time,500.000 탎 (2.000 kHz),
116231,5.812 s,Timing,Times,Time,650.000 탎 (1.538 kHz),
116244,5.812 s,Timing,Times,Time,500.000 탎 (2.000 kHz),
116254,5.813 s,Timing,Times,Time,600.000 탎 (1.667 kHz),
116266,5.813 s,Timing,Times,Time,1.600 ms (625.000 Hz),
116298,5.815 s,Timing,Times,Time,600.000 탎 (1.667 kHz),
116310,5.816 s,Timing,Times,Time,1.650 ms (606.061 Hz),
116343,5.817 s,Timing,Times,Time,600.000 탎 (1.667 kHz),
116355,5.818 s,Timing,Times,Time,500.000 탎 (2.000 kHz),
116365,5.818 s,Timing,Times,Time,600.000 탎 (1.667 kHz),
116377,5.819 s,Timing,Times,Time,500.000 탎 (2.000 kHz),
116387,5.819 s,Timing,Times,Time,600.000 탎 (1.667 kHz),
116399,5.820 s,Timing,Times,Time,1.650 ms (606.061 Hz),
116432,5.822 s,Timing,Times,Time,600.000 탎 (1.667 kHz),
116444,5.822 s,Timing,Times,Time,1.600 ms (625.000 Hz),
116476,5.824 s,Timing,Times,Time,600.000 탎 (1.667 kHz),
116488,5.824 s,Timing,Times,Time,1.600 ms (625.000 Hz),
116520,5.826 s,Timing,Times,Time,650.000 탎 (1.538 kHz),
116533,5.827 s,Timing,Times,Time,1.600 ms (625.000 Hz),
116565,5.828 s,Timing,Times,Time,600.000 탎 (1.667 kHz),
116577,5.829 s,Timing,Times,Time,500.000 탎 (2.000 kHz),
116587,5.829 s,Timing,Times,Time,600.000 탎 (1.667 kHz),
116599,5.830 s,Timing,Times,Time,500.000 탎 (2.000 kHz),
116609,5.830 s,Timing,Times,Time,650.000 탎 (1.538 kHz),
116622,5.831 s,Timing,Times,Time,1.600 ms (625.000 Hz),
116654,5.833 s,Timing,Times,Time,600.000 탎 (1.667 kHz),
116666,5.833 s,Timing,Times,Time,1.600 ms (625.000 Hz),
116698,5.835 s,Timing,Times,Time,600.000 탎 (1.667 kHz),
116710,5.835 s,Timing,Times,Time,500.000 탎 (2.000 kHz),
116720,5.836 s,Timing,Times,Time,650.000 탎 (1.538 kHz),
116733,5.837 s,Timing,Times,Time,1.600 ms (625.000 Hz),
116765,5.838 s,Timing,Times,Time,600.000 탎 (1.667 kHz),
116777,5.839 s,Timing,Times,Time,500.000 탎 (2.000 kHz),
116787,5.839 s,Timing,Times,Time,600.000 탎 (1.667 kHz),
116799,5.840 s,Timing,Times,Time,1.650 ms (606.061 Hz),
116832,5.842 s,Timing,Times,Time,600.000 탎 (1.667 kHz),
116844,5.842 s,Timing,Times,Time,500.000 탎 (2.000 kHz),
116854,5.843 s,Timing,Times,Time,600.000 탎 (1.667 kHz),
116866,5.843 s,Timing,Times,Time,1.600 ms (625.000 Hz),
116898,5.845 s,Timing,Times,Time,600.000 탎 (1.667 kHz),
116910,5.846 s,Timing,Times,Time,550.000 탎 (1.818 kHz),
116921,5.846 s,Timing,Times,Time,600.000 탎 (1.667 kHz),
116933,5.847 s,Timing,Times,Time,500.000 탎 (2.000 kHz),
116943,5.847 s,Timing,Times,Time,600.000 탎 (1.667 kHz),
116955,5.848 s,Timing,Times,Time,500.000 탎 (2.000 kHz),
116965,5.848 s,Timing,Times,Time,600.000 탎 (1.667 kHz),
116977,5.849 s,Timing,Times,Time,500.000 탎 (2.000 kHz),
116987,5.849 s,Timing,Times,Time,650.000 탎 (1.538 kHz),
117000,5.850 s,Timing,Times,Time,1.600 ms (625.000 Hz),
117032,5.852 s,Timing,Times,Time,600.000 탎 (1.667 kHz),
117044,5.852 s,Timing,Times,Time,500.000 탎 (2.000 kHz),
117054,5.853 s,Timing,Times,Time,600.000 탎 (1.667 kHz),
117066,5.853 s,Timing,Times,Time,1.650 ms (606.061 Hz),
117099,5.855 s,Timing,Times,Time,600.000 탎 (1.667 kHz),
117111,5.856 s,Timing,Times,Time,500.000 탎 (2.000 kHz),
117121,5.856 s,Timing,Times,Time,600.000 탎 (1.667 kHz),
117133,5.857 s,Timing,Times,Time,1.600 ms (625.000 Hz),
117165,5.858 s,Timing,Times,Time,600.000 탎 (1.667 kHz),
117177,5.859 s,Timing,Times,Time,1.650 ms (606.061 Hz),
117210,5.861 s,Timing,Times,Time,600.000 탎 (1.667 kHz),
117222,5.861 s,Timing,Times,Time,1.600 ms (625.000 Hz),
117254,5.863 s,Timing,Times,Time,79.600 ms (12.563 Hz),
118846,5.942 s,Timing,Times,Time,1.100 ms (909.091 Hz),
118868,5.943 s,Timing,Times,Time,2.600 ms (384.615 Hz),
118920,5.946 s,Timing,Times,Time,550.000 탎 (1.818 kHz),
118931,5.947 s,Timing,Times,Time,600.000 탎 (1.667 kHz),
118943,5.947 s,Timing,Times,Time,500.000 탎 (2.000 kHz),
118953,5.948 s,Timing,Times,Time,600.000 탎 (1.667 kHz),
118965,5.948 s,Timing,Times,Time,500.000 탎 (2.000 kHz),
118975,5.949 s,Timing,Times,Time,600.000 탎 (1.667 kHz),
118987,5.949 s,Timing,Times,Time,1.650 ms (606.061 Hz),
119020,5.951 s,Timing,Times,Time,600.000 탎 (1.667 kHz),
119032,5.952 s,Timing,Times,Time,1.600 ms (625.000 Hz),
119064,5.953 s,Timing,Times,Time,600.000 탎 (1.667 kHz),
119076,5.954 s,Timing,Times,Time,500.000 탎 (2.000 kHz),
119086,5.954 s,Timing,Times,Time,600.000 탎 (1.667 kHz),
119098,5.955 s,Timing,Times,Time,550.000 탎 (1.818 kHz),
119109,5.955 s,Timing,Times,Time,600.000 탎 (1.667 kHz),
119121,5.956 s,Timing,Times,Time,1.600 ms (625.000 Hz),
119153,5.958 s,Timing,Times,Time,600.000 탎 (1.667 kHz),
119165,5.958 s,Timing,Times,Time,1.600 ms (625.000 Hz),
119197,5.960 s,Timing,Times,Time,650.000 탎 (1.538 kHz),
119210,5.960 s,Timing,Times,Time,1.600 ms (625.000 Hz),
119242,5.962 s,Timing,Times,Time,600.000 탎 (1.667 kHz),
119254,5.963 s,Timing,Times,Time,1.600 ms (625.000 Hz),
119286,5.964 s,Timing,Times,Time,600.000 탎 (1.667 kHz),
119298,5.965 s,Timing,Times,Time,500.000 탎 (2.000 kHz),
119308,5.965 s,Timing,Times,Time,650.000 탎 (1.538 kHz),
119321,5.966 s,Timing,Times,Time,500.000 탎 (2.000 kHz),
119331,5.967 s,Timing,Times,Time,600.000 탎 (1.667 kHz),
119343,5.967 s,Timing,Times,Time,1.600 ms (625.000 Hz),
119375,5.969 s,Timing,Times,Time,600.000 탎 (1.667 kHz),
119387,5.969 s,Timing,Times,Time,1.650 ms (606.061 Hz),
119420,5.971 s,Timing,Times,Time,600.000 탎 (1.667 kHz),
119432,5.972 s,Timing,Times,Time,500.000 탎 (2.000 kHz),
119442,5.972 s,Timing,Times,Time,600.000 탎 (1.667 kHz),
119454,5.973 s,Timing,Times,Time,1.600 ms (625.000 Hz),
119486,5.974 s,Timing,Times,Time,600.000 탎 (1.667 kHz),
119498,5.975 s,Timing,Times,Time,550.000 탎 (1.818 kHz),
119509,5.975 s,Timing,Times,Time,600.000 탎 (1.667 kHz),
119521,5.976 s,Timing,Times,Time,1.600 ms (625.000 Hz),
119553,5.978 s,Timing,Times,Time,600.000 탎 (1.667 kHz),
119565,5.978 s,Timing,Times,Time,500.000 탎 (2.000 kHz),
119575,5.979 s,Timing,Times,Time,600.000 탎 (1.667 kHz),
119587,5.979 s,Timing,Times,Time,1.650 ms (606.061 Hz),
119620,5.981 s,Timing,Times,Time,600.000 탎 (1.667 kHz),
119632,5.982 s,Timing,Times,Time,500.000 탎 (2.000 kHz),
119642,5.982 s,Timing,Times,Time,600.000 탎 (1.667 kHz),
119654,5.983 s,Timing,Times,Time,500.000 탎 (2.000 kHz),
119664,5.983 s,Timing,Times,Time,600.000 탎 (1.667 kHz),
119676,5.984 s,Timing,Times,Time,550.000 탎 (1.818 kHz),
119687,5.984 s,Timing,Times,Time,600.000 탎 (1.667 kHz),
119699,5.985 s,Timing,Times,Time,500.000 탎 (2.000 kHz),
119709,5.985 s,Timing,Times,Time,600.000 탎 (1.667 kHz),
119721,5.986 s,Timing,Times,Time,1.600 ms (625.000 Hz),
119753,5.988 s,Timing,Times,Time,600.000 탎 (1.667 kHz),
119765,5.988 s,Timing,Times,Time,550.000 탎 (1.818 kHz),
119776,5.989 s,Timing,Times,Time,600.000 탎 (1.667 kHz),
119788,5.989 s,Timing,Times,Time,1.600 ms (625.000 Hz),
119820,5.991 s,Timing,Times,Time,600.000 탎 (1.667 kHz),
119832,5.992 s,Timing,Times,Time,500.000 탎 (2.000 kHz),
119842,5.992 s,Timing,Times,Time,600.000 탎 (1.667 kHz),
119854,5.993 s,Timing,Times,Time,1.650 ms (606.061 Hz),
119887,5.994 s,Timing,Times,Time,600.000 탎 (1.667 kHz),
119899,5.995 s,Timing,Times,Time,1.600 ms (625.000 Hz),
119931,5.997 s,Timing,Times,Time,600.000 탎 (1.667 kHz),
119943,5.997 s,Timing,Times,Time,1.600 ms (625.000 Hz),
119975,5.999 s,Timing,Times,Time,79.200 ms (12.626 Hz),
121559,6.078 s,Timing,Times,Time,1.100 ms (909.091 Hz),
121581,6.079 s,Timing,Times,Time,2.600 ms (384.615 Hz),
121633,6.082 s,Timing,Times,Time,500.000 탎 (2.000 kHz),
121643,6.082 s,Timing,Times,Time,600.000 탎 (1.667 kHz),
121655,6.083 s,Timing,Times,Time,550.000 탎 (1.818 kHz),
121666,6.083 s,Timing,Times,Time,600.000 탎 (1.667 kHz),
121678,6.084 s,Timing,Times,Time,500.000 탎 (2.000 kHz),
121688,6.084 s,Timing,Times,Time,600.000 탎 (1.667 kHz),
121700,6.085 s,Timing,Times,Time,1.600 ms (625.000 Hz),
121732,6.087 s,Timing,Times,Time,600.000 탎 (1.667 kHz),
121744,6.087 s,Timing,Times,Time,1.650 ms (606.061 Hz),
121777,6.089 s,Timing,Times,Time,600.000 탎 (1.667 kHz),
121789,6.089 s,Timing,Times,Time,500.000 탎 (2.000 kHz),
121799,6.090 s,Timing,Times,Time,600.000 탎 (1.667 kHz),
121811,6.091 s,Timing,Times,Time,500.000 탎 (2.000 kHz),
121821,6.091 s,Timing,Times,Time,650.000 탎 (1.538 kHz),
121834,6.092 s,Timing,Times,Time,1.600 ms (625.000 Hz),
121866,6.093 s,Timing,Times,Time,600.000 탎 (1.667 kHz),
121878,6.094 s,Timing,Times,Time,1.600 ms (625.000 Hz),
121910,6.096 s,Timing,Times,Time,600.000 탎 (1.667 kHz),
121922,6.096 s,Timing,Times,Time,1.650 ms (606.061 Hz),
121955,6.098 s,Timing,Times,Time,600.000 탎 (1.667 kHz),
121967,6.098 s,Timing,Times,Time,1.600 ms (625.000 Hz),
121999,6.100 s,Timing,Times,Time,600.000 탎 (1.667 kHz),
122011,6.101 s,Timing,Times,Time,500.000 탎 (2.000 kHz),
122021,6.101 s,Timing,Times,Time,600.000 탎 (1.667 kHz),
122033,6.102 s,Timing,Times,Time,550.000 탎 (1.818 kHz),
122044,6.102 s,Timing,Times,Time,600.000 탎 (1.667 kHz),
122056,6.103 s,Timing,Times,Time,1.600 ms (625.000 Hz),
122088,6.104 s,Timing,Times,Time,600.000 탎 (1.667 kHz),
122100,6.105 s,Timing,Times,Time,1.600 ms (625.000 Hz),
122132,6.107 s,Timing,Times,Time,650.000 탎 (1.538 kHz),
122145,6.107 s,Timing,Times,Time,500.000 탎 (2.000 kHz),
122155,6.108 s,Timing,Times,Time,600.000 탎 (1.667 kHz),
122167,6.108 s,Timing,Times,Time,1.600 ms (625.000 Hz),
122199,6.110 s,Timing,Times,Time,600.000 탎 (1.667 kHz),
122211,6.111 s,Timing,Times,Time,500.000 탎 (2.000 kHz),
122221,6.111 s,Timing,Times,Time,650.000 탎 (1.538 kHz),
122234,6.112 s,Timing,Times,Time,1.600 ms (625.000 Hz),
122266,6.113 s,Timing,Times,Time,600.000 탎 (1.667 kHz),
122278,6.114 s,Timing,Times,Time,500.000 탎 (2.000 kHz),
122288,6.114 s,Timing,Times,Time,600.000 탎 (1.667 kHz),
122300,6.115 s,Timing,Times,Time,1.600 ms (625.000 Hz),
122332,6.117 s,Timing,Times,Time,650.000 탎 (1.538 kHz),
122345,6.117 s,Timing,Times,Time,500.000 탎 (2.000 kHz),
122355,6.118 s,Timing,Times,Time,600.000 탎 (1.667 kHz),
122367,6.118 s,Timing,Times,Time,500.000 탎 (2.000 kHz),
122377,6.119 s,Timing,Times,Time,600.000 탎 (1.667 kHz),
122389,6.119 s,Timing,Times,Time,500.000 탎 (2.000 kHz),
122399,6.120 s,Timing,Times,Time,650.000 탎 (1.538 kHz),
122412,6.121 s,Timing,Times,Time,500.000 탎 (2.000 kHz),
122422,6.121 s,Timing,Times,Time,600.000 탎 (1.667 kHz),
122434,6.122 s,Timing,Times,Time,1.600 ms (625.000 Hz),
122466,6.123 s,Timing,Times,Time,600.000 탎 (1.667 kHz),
122478,6.124 s,Timing,Times,Time,500.000 탎 (2.000 kHz),
122488,6.124 s,Timing,Times,Time,650.000 탎 (1.538 kHz),
122501,6.125 s,Timing,Times,Time,1.600 ms (625.000 Hz),
122533,6.127 s,Timing,Times,Time,600.000 탎 (1.667 kHz),
122545,6.127 s,Timing,Times,Time,500.000 탎 (2.000 kHz),
122555,6.128 s,Timing,Times,Time,600.000 탎 (1.667 kHz),
122567,6.128 s,Timing,Times,Time,1.600 ms (625.000 Hz),
122599,6.130 s,Timing,Times,Time,650.000 탎 (1.538 kHz),
122612,6.131 s,Timing,Times,Time,1.600 ms (625.000 Hz),
122644,6.132 s,Timing,Times,Time,600.000 탎 (1.667 kHz),
122656,6.133 s,Timing,Times,Time,1.600 ms (625.000 Hz),
122688,6.134 s,Timing,Times,Time,79.850 ms (12.523 Hz),
124285,6.214 s,Timing,Times,Time,1.050 ms (952.381 Hz),
124306,6.215 s,Timing,Times,Time,2.650 ms (377.358 Hz),
124359,6.218 s,Timing,Times,Time,500.000 탎 (2.000 kHz),
124369,6.218 s,Timing,Times,Time,600.000 탎 (1.667 kHz),
124381,6.219 s,Timing,Times,Time,550.000 탎 (1.818 kHz),
124392,6.220 s,Timing,Times,Time,600.000 탎 (1.667 kHz),
124404,6.220 s,Timing,Times,Time,500.000 탎 (2.000 kHz),
124414,6.221 s,Timing,Times,Time,600.000 탎 (1.667 kHz),
124426,6.221 s,Timing,Times,Time,1.600 ms (625.000 Hz),
124458,6.223 s,Timing,Times,Time,600.000 탎 (1.667 kHz),
124470,6.223 s,Timing,Times,Time,1.650 ms (606.061 Hz),
124503,6.225 s,Timing,Times,Time,600.000 탎 (1.667 kHz),
124515,6.226 s,Timing,Times,Time,500.000 탎 (2.000 kHz),
124525,6.226 s,Timing,Times,Time,600.000 탎 (1.667 kHz),
124537,6.227 s,Timing,Times,Time,500.000 탎 (2.000 kHz),
124547,6.227 s,Timing,Times,Time,600.000 탎 (1.667 kHz),
124559,6.228 s,Timing,Times,Time,1.650 ms (606.061 Hz),
124592,6.230 s,Timing,Times,Time,600.000 탎 (1.667 kHz),
124604,6.230 s,Timing,Times,Time,1.600 ms (625.000 Hz),
124636,6.232 s,Timing,Times,Time,600.000 탎 (1.667 kHz),
124648,6.232 s,Timing,Times,Time,1.600 ms (625.000 Hz),
124680,6.234 s,Timing,Times,Time,650.000 탎 (1.538 kHz),
124693,6.235 s,Timing,Times,Time,1.600 ms (625.000 Hz),
124725,6.236 s,Timing,Times,Time,600.000 탎 (1.667 kHz),
124737,6.237 s,Timing,Times,Time,500.000 탎 (2.000 kHz),
124747,6.237 s,Timing,Times,Time,600.000 탎 (1.667 kHz),
124759,6.238 s,Timing,Times,Time,500.000 탎 (2.000 kHz),
124769,6.238 s,Timing,Times,Time,650.000 탎 (1.538 kHz),
124782,6.239 s,Timing,Times,Time,1.600 ms (625.000 Hz),
124814,6.241 s,Timing,Times,Time,600.000 탎 (1.667 kHz),
124826,6.241 s,Timing,Times,Time,1.600 ms (625.000 Hz),
124858,6.243 s,Timing,Times,Time,600.000 탎 (1.667 kHz),
124870,6.244 s,Timing,Times,Time,500.000 탎 (2.000 kHz),
124880,6.244 s,Timing,Times,Time,650.000 탎 (1.538 kHz),
124893,6.245 s,Timing,Times,Time,1.600 ms (625.000 Hz),
124925,6.246 s,Timing,Times,Time,600.000 탎 (1.667 kHz),
124937,6.247 s,Timing,Times,Time,500.000 탎 (2.000 kHz),
124947,6.247 s,Timing,Times,Time,600.000 탎 (1.667 kHz),
124959,6.248 s,Timing,Times,Time,1.650 ms (606.061 Hz),
124992,6.250 s,Timing,Times,Time,600.000 탎 (1.667 kHz),
125004,6.250 s,Timing,Times,Time,500.000 탎 (2.000 kHz),
125014,6.251 s,Timing,Times,Time,600.000 탎 (1.667 kHz),
125026,6.251 s,Timing,Times,Time,1.600 ms (625.000 Hz),
125058,6.253 s,Timing,Times,Time,600.000 탎 (1.667 kHz),
125070,6.253 s,Timing,Times,Time,550.000 탎 (1.818 kHz),
125081,6.254 s,Timing,Times,Time,600.000 탎 (1.667 kHz),
125093,6.255 s,Timing,Times,Time,500.000 탎 (2.000 kHz),
125103,6.255 s,Timing,Times,Time,600.000 탎 (1.667 kHz),
125115,6.256 s,Timing,Times,Time,500.000 탎 (2.000 kHz),
125125,6.256 s,Timing,Times,Time,600.000 탎 (1.667 kHz),
125137,6.257 s,Timing,Times,Time,500.000 탎 (2.000 kHz),
125147,6.257 s,Timing,Times,Time,650.000 탎 (1.538 kHz),
125160,6.258 s,Timing,Times,Time,1.600 ms (625.000 Hz),
125192,6.260 s,Timing,Times,Time,600.000 탎 (1.667 kHz),
125204,6.260 s,Timing,Times,Time,500.000 탎 (2.000 kHz),
125214,6.261 s,Timing,Times,Time,600.000 탎 (1.667 kHz),
125226,6.261 s,Timing,Times,Time,1.650 ms (606.061 Hz),
125259,6.263 s,Timing,Times,Time,600.000 탎 (1.667 kHz),
125271,6.264 s,Timing,Times,Time,500.000 탎 (2.000 kHz),
125281,6.264 s,Timing,Times,Time,600.000 탎 (1.667 kHz),
125293,6.265 s,Timing,Times,Time,1.600 ms (625.000 Hz),
125325,6.266 s,Timing,Times,Time,650.000 탎 (1.538 kHz),
125338,6.267 s,Timing,Times,Time,1.600 ms (625.000 Hz),
125370,6.269 s,Timing,Times,Time,600.000 탎 (1.667 kHz),
125382,6.269 s,Timing,Times,Time,1.600 ms (625.000 Hz),
125414,6.271 s,Timing,Times,Time,79.700 ms (12.547 Hz),
127008,6.350 s,Timing,Times,Time,1.050 ms (952.381 Hz),
127029,6.351 s,Timing,Times,Time,2.650 ms (377.358 Hz),
127082,6.354 s,Timing,Times,Time,500.000 탎 (2.000 kHz),
127092,6.355 s,Timing,Times,Time,600.000 탎 (1.667 kHz),
127104,6.355 s,Timing,Times,Time,500.000 탎 (2.000 kHz),
127114,6.356 s,Timing,Times,Time,600.000 탎 (1.667 kHz),
127126,6.356 s,Timing,Times,Time,550.000 탎 (1.818 kHz),
127137,6.357 s,Timing,Times,Time,600.000 탎 (1.667 kHz),
127149,6.357 s,Timing,Times,Time,1.600 ms (625.000 Hz),
127181,6.359 s,Timing,Times,Time,600.000 탎 (1.667 kHz),
127193,6.360 s,Timing,Times,Time,1.600 ms (625.000 Hz),
127225,6.361 s,Timing,Times,Time,600.000 탎 (1.667 kHz),
127237,6.362 s,Timing,Times,Time,550.000 탎 (1.818 kHz),
127248,6.362 s,Timing,Times,Time,600.000 탎 (1.667 kHz),
127260,6.363 s,Timing,Times,Time,500.000 탎 (2.000 kHz),
127270,6.364 s,Timing,Times,Time,600.000 탎 (1.667 kHz),
127282,6.364 s,Timing,Times,Time,1.600 ms (625.000 Hz),
127314,6.366 s,Timing,Times,Time,600.000 탎 (1.667 kHz),
127326,6.366 s,Timing,Times,Time,1.650 ms (606.061 Hz),
127359,6.368 s,Timing,Times,Time,600.000 탎 (1.667 kHz),
127371,6.369 s,Timing,Times,Time,1.600 ms (625.000 Hz),
127403,6.370 s,Timing,Times,Time,600.000 탎 (1.667 kHz),
127415,6.371 s,Timing,Times,Time,1.650 ms (606.061 Hz),
127448,6.372 s,Timing,Times,Time,600.000 탎 (1.667 kHz),
127460,6.373 s,Timing,Times,Time,500.000 탎 (2.000 kHz),
127470,6.373 s,Timing,Times,Time,600.000 탎 (1.667 kHz),
127482,6.374 s,Timing,Times,Time,500.000 탎 (2.000 kHz),
127492,6.375 s,Timing,Times,Time,600.000 탎 (1.667 kHz),
127504,6.375 s,Timing,Times,Time,1.650 ms (606.061 Hz),
127537,6.377 s,Timing,Times,Time,600.000 탎 (1.667 kHz),
127549,6.377 s,Timing,Times,Time,1.600 ms (625.000 Hz),
127581,6.379 s,Timing,Times,Time,600.000 탎 (1.667 kHz),
127593,6.380 s,Timing,Times,Time,500.000 탎 (2.000 kHz),
127603,6.380 s,Timing,Times,Time,600.000 탎 (1.667 kHz),
127615,6.381 s,Timing,Times,Time,1.650 ms (606.061 Hz),
127648,6.382 s,Timing,Times,Time,600.000 탎 (1.667 kHz),
127660,6.383 s,Timing,Times,Time,500.000 탎 (2.000 kHz),
127670,6.383 s,Timing,Times,Time,600.000 탎 (1.667 kHz),
127682,6.384 s,Timing,Times,Time,1.600 ms (625.000 Hz),
127714,6.386 s,Timing,Times,Time,650.000 탎 (1.538 kHz),
127727,6.386 s,Timing,Times,Time,500.000 탎 (2.000 kHz),
127737,6.387 s,Timing,Times,Time,600.000 탎 (1.667 kHz),
127749,6.387 s,Timing,Times,Time,1.600 ms (625.000 Hz),
127781,6.389 s,Timing,Times,Time,600.000 탎 (1.667 kHz),
127793,6.390 s,Timing,Times,Time,500.000 탎 (2.000 kHz),
127803,6.390 s,Timing,Times,Time,650.000 탎 (1.538 kHz),
127816,6.391 s,Timing,Times,Time,500.000 탎 (2.000 kHz),
127826,6.391 s,Timing,Times,Time,600.000 탎 (1.667 kHz),
127838,6.392 s,Timing,Times,Time,500.000 탎 (2.000 kHz),
127848,6.392 s,Timing,Times,Time,600.000 탎 (1.667 kHz),
127860,6.393 s,Timing,Times,Time,500.000 탎 (2.000 kHz),
127870,6.394 s,Timing,Times,Time,600.000 탎 (1.667 kHz),
127882,6.394 s,Timing,Times,Time,1.650 ms (606.061 Hz),
127915,6.396 s,Timing,Times,Time,600.000 탎 (1.667 kHz),
127927,6.396 s,Timing,Times,Time,500.000 탎 (2.000 kHz),
127937,6.397 s,Timing,Times,Time,600.000 탎 (1.667 kHz),
127949,6.397 s,Timing,Times,Time,1.600 ms (625.000 Hz),
127981,6.399 s,Timing,Times,Time,650.000 탎 (1.538 kHz),
127994,6.400 s,Timing,Times,Time,500.000 탎 (2.000 kHz),
128004,6.400 s,Timing,Times,Time,600.000 탎 (1.667 kHz),
128016,6.401 s,Timing,Times,Time,1.600 ms (625.000 Hz),
128048,6.402 s,Timing,Times,Time,600.000 탎 (1.667 kHz),
128060,6.403 s,Timing,Times,Time,1.600 ms (625.000 Hz),
128092,6.405 s,Timing,Times,Time,650.000 탎 (1.538 kHz),
128105,6.405 s,Timing,Times,Time,1.600 ms (625.000 Hz),
128137,6.407 s,Timing,Times,Time,79.600 ms (12.563 Hz),
129729,6.486 s,Timing,Times,Time,1.050 ms (952.381 Hz),
129750,6.487 s,Timing,Times,Time,2.650 ms (377.358 Hz),
129803,6.490 s,Timing,Times,Time,500.000 탎 (2.000 kHz),
129813,6.491 s,Timing,Times,Time,600.000 탎 (1.667 kHz),
129825,6.491 s,Timing,Times,Time,500.000 탎 (2.000 kHz),
129835,6.492 s,Timing,Times,Time,600.000 탎 (1.667 kHz),
129847,6.492 s,Timing,Times,Time,500.000 탎 (2.000 kHz),
129857,6.493 s,Timing,Times,Time,650.000 탎 (1.538 kHz),
129870,6.494 s,Timing,Times,Time,1.600 ms (625.000 Hz),
129902,6.495 s,Timing,Times,Time,600.000 탎 (1.667 kHz),
129914,6.496 s,Timing,Times,Time,1.600 ms (625.000 Hz),
129946,6.497 s,Timing,Times,Time,600.000 탎 (1.667 kHz),
129958,6.498 s,Timing,Times,Time,550.000 탎 (1.818 kHz),
129969,6.498 s,Timing,Times,Time,600.000 탎 (1.667 kHz),
129981,6.499 s,Timing,Times,Time,500.000 탎 (2.000 kHz),
129991,6.500 s,Timing,Times,Time,600.000 탎 (1.667 kHz),
130003,6.500 s,Timing,Times,Time,1.600 ms (625.000 Hz),
130035,6.502 s,Timing,Times,Time,600.000 탎 (1.667 kHz),
130047,6.502 s,Timing,Times,Time,1.650 ms (606.061 Hz),
130080,6.504 s,Timing,Times,Time,600.000 탎 (1.667 kHz),
130092,6.505 s,Timing,Times,Time,1.600 ms (625.000 Hz),
130124,6.506 s,Timing,Times,Time,600.000 탎 (1.667 kHz),
130136,6.507 s,Timing,Times,Time,1.600 ms (625.000 Hz),
130168,6.508 s,Timing,Times,Time,650.000 탎 (1.538 kHz),
130181,6.509 s,Timing,Times,Time,500.000 탎 (2.000 kHz),
130191,6.510 s,Timing,Times,Time,600.000 탎 (1.667 kHz),
130203,6.510 s,Timing,Times,Time,500.000 탎 (2.000 kHz),
130213,6.511 s,Timing,Times,Time,600.000 탎 (1.667 kHz),
130225,6.511 s,Timing,Times,Time,1.600 ms (625.000 Hz),
130257,6.513 s,Timing,Times,Time,650.000 탎 (1.538 kHz),
130270,6.513 s,Timing,Times,Time,1.600 ms (625.000 Hz),
130302,6.515 s,Timing,Times,Time,600.000 탎 (1.667 kHz),
130314,6.516 s,Timing,Times,Time,500.000 탎 (2.000 kHz),
130324,6.516 s,Timing,Times,Time,600.000 탎 (1.667 kHz),
130336,6.517 s,Timing,Times,Time,1.650 ms (606.061 Hz),
130369,6.518 s,Timing,Times,Time,600.000 탎 (1.667 kHz),
130381,6.519 s,Timing,Times,Time,500.000 탎 (2.000 kHz),
130391,6.520 s,Timing,Times,Time,600.000 탎 (1.667 kHz),
130403,6.520 s,Timing,Times,Time,1.600 ms (625.000 Hz),
130435,6.522 s,Timing,Times,Time,600.000 탎 (1.667 kHz),
130447,6.522 s,Timing,Times,Time,550.000 탎 (1.818 kHz),
130458,6.523 s,Timing,Times,Time,600.000 탎 (1.667 kHz),
130470,6.524 s,Timing,Times,Time,1.600 ms (625.000 Hz),
130502,6.525 s,Timing,Times,Time,600.000 탎 (1.667 kHz),
130514,6.526 s,Timing,Times,Time,500.000 탎 (2.000 kHz),
130524,6.526 s,Timing,Times,Time,600.000 탎 (1.667 kHz),
130536,6.527 s,Timing,Times,Time,550.000 탎 (1.818 kHz),
130547,6.527 s,Timing,Times,Time,600.000 탎 (1.667 kHz),
130559,6.528 s,Timing,Times,Time,500.000 탎 (2.000 kHz),
130569,6.528 s,Timing,Times,Time,600.000 탎 (1.667 kHz),
130581,6.529 s,Timing,Times,Time,500.000 탎 (2.000 kHz),
130591,6.530 s,Timing,Times,Time,600.000 탎 (1.667 kHz),
130603,6.530 s,Timing,Times,Time,1.650 ms (606.061 Hz),
130636,6.532 s,Timing,Times,Time,600.000 탎 (1.667 kHz),
130648,6.532 s,Timing,Times,Time,500.000 탎 (2.000 kHz),
130658,6.533 s,Timing,Times,Time,600.000 탎 (1.667 kHz),
130670,6.534 s,Timing,Times,Time,1.600 ms (625.000 Hz),
130702,6.535 s,Timing,Times,Time,600.000 탎 (1.667 kHz),
130714,6.536 s,Timing,Times,Time,550.000 탎 (1.818 kHz),
130725,6.536 s,Timing,Times,Time,600.000 탎 (1.667 kHz),
130737,6.537 s,Timing,Times,Time,1.600 ms (625.000 Hz),
130769,6.538 s,Timing,Times,Time,600.000 탎 (1.667 kHz),
130781,6.539 s,Timing,Times,Time,1.600 ms (625.000 Hz),
130813,6.541 s,Timing,Times,Time,650.000 탎 (1.538 kHz),
130826,6.541 s,Timing,Times,Time,1.600 ms (625.000 Hz),
130858,6.543 s,Timing,Times,Time,80.100 ms (12.484 Hz),
132460,6.623 s,Timing,Times,Time,1.100 ms (909.091 Hz),
132482,6.624 s,Timing,Times,Time,2.600 ms (384.615 Hz),
132534,6.627 s,Timing,Times,Time,500.000 탎 (2.000 kHz),
132544,6.627 s,Timing,Times,Time,650.000 탎 (1.538 kHz),
132557,6.628 s,Timing,Times,Time,500.000 탎 (2.000 kHz),
132567,6.628 s,Timing,Times,Time,600.000 탎 (1.667 kHz),
132579,6.629 s,Timing,Times,Time,500.000 탎 (2.000 kHz),
132589,6.629 s,Timing,Times,Time,600.000 탎 (1.667 kHz),
132601,6.630 s,Timing,Times,Time,1.600 ms (625.000 Hz),
132633,6.632 s,Timing,Times,Time,650.000 탎 (1.538 kHz),
132646,6.632 s,Timing,Times,Time,1.600 ms (625.000 Hz),
132678,6.634 s,Timing,Times,Time,600.000 탎 (1.667 kHz),
132690,6.635 s,Timing,Times,Time,500.000 탎 (2.000 kHz),
132700,6.635 s,Timing,Times,Time,600.000 탎 (1.667 kHz),
132712,6.636 s,Timing,Times,Time,500.000 탎 (2.000 kHz),
132722,6.636 s,Timing,Times,Time,650.000 탎 (1.538 kHz),
132735,6.637 s,Timing,Times,Time,1.600 ms (625.000 Hz),
132767,6.638 s,Timing,Times,Time,600.000 탎 (1.667 kHz),
132779,6.639 s,Timing,Times,Time,1.600 ms (625.000 Hz),
132811,6.641 s,Timing,Times,Time,600.000 탎 (1.667 kHz),
132823,6.641 s,Timing,Times,Time,1.650 ms (606.061 Hz),
132856,6.643 s,Timing,Times,Time,600.000 탎 (1.667 kHz),
132868,6.643 s,Timing,Times,Time,1.600 ms (625.000 Hz),
132900,6.645 s,Timing,Times,Time,600.000 탎 (1.667 kHz),
132912,6.646 s,Timing,Times,Time,500.000 탎 (2.000 kHz),
132922,6.646 s,Timing,Times,Time,650.000 탎 (1.538 kHz),
132935,6.647 s,Timing,Times,Time,500.000 탎 (2.000 kHz),
132945,6.647 s,Timing,Times,Time,600.000 탎 (1.667 kHz),
132957,6.648 s,Timing,Times,Time,1.600 ms (625.000 Hz),
132989,6.649 s,Timing,Times,Time,600.000 탎 (1.667 kHz),
133001,6.650 s,Timing,Times,Time,1.600 ms (625.000 Hz),
133033,6.652 s,Timing,Times,Time,650.000 탎 (1.538 kHz),
133046,6.652 s,Timing,Times,Time,500.000 탎 (2.000 kHz),
133056,6.653 s,Timing,Times,Time,600.000 탎 (1.667 kHz),
133068,6.653 s,Timing,Times,Time,1.600 ms (625.000 Hz),
133100,6.655 s,Timing,Times,Time,600.000 탎 (1.667 kHz),
133112,6.656 s,Timing,Times,Time,500.000 탎 (2.000 kHz),
133122,6.656 s,Timing,Times,Time,650.000 탎 (1.538 kHz),
133135,6.657 s,Timing,Times,Time,1.600 ms (625.000 Hz),
133167,6.658 s,Timing,Times,Time,600.000 탎 (1.667 kHz),
133179,6.659 s,Timing,Times,Time,500.000 탎 (2.000 kHz),
133189,6.659 s,Timing,Times,Time,600.000 탎 (1.667 kHz),
133201,6.660 s,Timing,Times,Time,1.650 ms (606.061 Hz),
133234,6.662 s,Timing,Times,Time,600.000 탎 (1.667 kHz),
133246,6.662 s,Timing,Times,Time,500.000 탎 (2.000 kHz),
133256,6.663 s,Timing,Times,Time,600.000 탎 (1.667 kHz),
133268,6.663 s,Timing,Times,Time,500.000 탎 (2.000 kHz),
133278,6.664 s,Timing,Times,Time,600.000 탎 (1.667 kHz),
133290,6.665 s,Timing,Times,Time,500.000 탎 (2.000 kHz),
133300,6.665 s,Timing,Times,Time,650.000 탎 (1.538 kHz),
133313,6.666 s,Timing,Times,Time,500.000 탎 (2.000 kHz),
133323,6.666 s,Timing,Times,Time,600.000 탎 (1.667 kHz),
133335,6.667 s,Timing,Times,Time,1.600 ms (625.000 Hz),
133367,6.668 s,Timing,Times,Time,600.000 탎 (1.667 kHz),
133379,6.669 s,Timing,Times,Time,500.000 탎 (2.000 kHz),
133389,6.669 s,Timing,Times,Time,650.000 탎 (1.538 kHz),
133402,6.670 s,Timing,Times,Time,1.600 ms (625.000 Hz),
133434,6.672 s,Timing,Times,Time,600.000 탎 (1.667 kHz),
133446,6.672 s,Timing,Times,Time,500.000 탎 (2.000 kHz),
133456,6.673 s,Timing,Times,Time,600.000 탎 (1.667 kHz),
133468,6.673 s,Timing,Times,Time,1.650 ms (606.061 Hz),
133501,6.675 s,Timing,Times,Time,600.000 탎 (1.667 kHz),
133513,6.676 s,Timing,Times,Time,1.600 ms (625.000 Hz),
133545,6.677 s,Timing,Times,Time,600.000 탎 (1.667 kHz),
133557,6.678 s,Timing,Times,Time,1.600 ms (625.000 Hz),
133589,6.679 s,Timing,Times,Time,80.900 ms (12.361 Hz),
135207,6.760 s,Timing,Times,Time,1.050 ms (952.381 Hz),
135228,6.761 s,Timing,Times,Time,2.650 ms (377.358 Hz),
135281,6.764 s,Timing,Times,Time,500.000 탎 (2.000 kHz),
135291,6.765 s,Timing,Times,Time,600.000 탎 (1.667 kHz),
135303,6.765 s,Timing,Times,Time,500.000 탎 (2.000 kHz),
135313,6.766 s,Timing,Times,Time,650.000 탎 (1.538 kHz),
135326,6.766 s,Timing,Times,Time,500.000 탎 (2.000 kHz),
135336,6.767 s,Timing,Times,Time,600.000 탎 (1.667 kHz),
135348,6.767 s,Timing,Times,Time,1.600 ms (625.000 Hz),
135380,6.769 s,Timing,Times,Time,600.000 탎 (1.667 kHz),
135392,6.770 s,Timing,Times,Time,1.650 ms (606.061 Hz),
135425,6.771 s,Timing,Times,Time,600.000 탎 (1.667 kHz),
135437,6.772 s,Timing,Times,Time,500.000 탎 (2.000 kHz),
135447,6.772 s,Timing,Times,Time,600.000 탎 (1.667 kHz),
135459,6.773 s,Timing,Times,Time,500.000 탎 (2.000 kHz),
135469,6.773 s,Timing,Times,Time,600.000 탎 (1.667 kHz),
135481,6.774 s,Timing,Times,Time,1.650 ms (606.061 Hz),
135514,6.776 s,Timing,Times,Time,600.000 탎 (1.667 kHz),
135526,6.776 s,Timing,Times,Time,1.600 ms (625.000 Hz),
135558,6.778 s,Timing,Times,Time,600.000 탎 (1.667 kHz),
135570,6.779 s,Timing,Times,Time,1.600 ms (625.000 Hz),
135602,6.780 s,Timing,Times,Time,600.000 탎 (1.667 kHz),
135614,6.781 s,Timing,Times,Time,1.650 ms (606.061 Hz),
135647,6.782 s,Timing,Times,Time,600.000 탎 (1.667 kHz),
135659,6.783 s,Timing,Times,Time,500.000 탎 (2.000 kHz),
135669,6.783 s,Timing,Times,Time,600.000 탎 (1.667 kHz),
135681,6.784 s,Timing,Times,Time,500.000 탎 (2.000 kHz),
135691,6.785 s,Timing,Times,Time,650.000 탎 (1.538 kHz),
135704,6.785 s,Timing,Times,Time,1.600 ms (625.000 Hz),
135736,6.787 s,Timing,Times,Time,600.000 탎 (1.667 kHz),
135748,6.787 s,Timing,Times,Time,1.600 ms (625.000 Hz),
135780,6.789 s,Timing,Times,Time,600.000 탎 (1.667 kHz),
135792,6.790 s,Timing,Times,Time,500.000 탎 (2.000 kHz),
135802,6.790 s,Timing,Times,Time,650.000 탎 (1.538 kHz),
135815,6.791 s,Timing,Times,Time,1.600 ms (625.000 Hz),
135847,6.792 s,Timing,Times,Time,600.000 탎 (1.667 kHz),
135859,6.793 s,Timing,Times,Time,500.000 탎 (2.000 kHz),
135869,6.793 s,Timing,Times,Time,600.000 탎 (1.667 kHz),
135881,6.794 s,Timing,Times,Time,1.650 ms (606.061 Hz),
135914,6.796 s,Timing,Times,Time,600.000 탎 (1.667 kHz),
135926,6.796 s,Timing,Times,Time,500.000 탎 (2.000 kHz),
135936,6.797 s,Timing,Times,Time,600.000 탎 (1.667 kHz),
135948,6.797 s,Timing,Times,Time,1.600 ms (625.000 Hz),
135980,6.799 s,Timing,Times,Time,600.000 탎 (1.667 kHz),
135992,6.800 s,Timing,Times,Time,550.000 탎 (1.818 kHz),
136003,6.800 s,Timing,Times,Time,600.000 탎 (1.667 kHz),
136015,6.801 s,Timing,Times,Time,500.000 탎 (2.000 kHz),
136025,6.801 s,Timing,Times,Time,600.000 탎 (1.667 kHz),
136037,6.802 s,Timing,Times,Time,500.000 탎 (2.000 kHz),
136047,6.802 s,Timing,Times,Time,600.000 탎 (1.667 kHz),
136059,6.803 s,Timing,Times,Time,500.000 탎 (2.000 kHz),
136069,6.803 s,Timing,Times,Time,650.000 탎 (1.538 kHz),
136082,6.804 s,Timing,Times,Time,1.600 ms (625.000 Hz),
136114,6.806 s,Timing,Times,Time,600.000 탎 (1.667 kHz),
136126,6.806 s,Timing,Times,Time,500.000 탎 (2.000 kHz),
136136,6.807 s,Timing,Times,Time,600.000 탎 (1.667 kHz),
136148,6.807 s,Timing,Times,Time,1.650 ms (606.061 Hz),
136181,6.809 s,Timing,Times,Time,600.000 탎 (1.667 kHz),
136193,6.810 s,Timing,Times,Time,500.000 탎 (2.000 kHz),
136203,6.810 s,Timing,Times,Time,600.000 탎 (1.667 kHz),
136215,6.811 s,Timing,Times,Time,1.600 ms (625.000 Hz),
136247,6.812 s,Timing,Times,Time,600.000 탎 (1.667 kHz),
136259,6.813 s,Timing,Times,Time,1.650 ms (606.061 Hz),
136292,6.815 s,Timing,Times,Time,600.000 탎 (1.667 kHz),
136304,6.815 s,Timing,Times,Time,1.600 ms (625.000 Hz),
136336,6.817 s,Timing,Times,Time,79.300 ms (12.610 Hz),
137922,6.896 s,Timing,Times,Time,1.050 ms (952.381 Hz),
137943,6.897 s,Timing,Times,Time,2.600 ms (384.615 Hz),
137995,6.900 s,Timing,Times,Time,550.000 탎 (1.818 kHz),
138006,6.900 s,Timing,Times,Time,600.000 탎 (1.667 kHz),
138018,6.901 s,Timing,Times,Time,500.000 탎 (2.000 kHz),
138028,6.901 s,Timing,Times,Time,600.000 탎 (1.667 kHz),
138040,6.902 s,Timing,Times,Time,500.000 탎 (2.000 kHz),
138050,6.902 s,Timing,Times,Time,600.000 탎 (1.667 kHz),
138062,6.903 s,Timing,Times,Time,1.650 ms (606.061 Hz),
138095,6.905 s,Timing,Times,Time,600.000 탎 (1.667 kHz),
138107,6.905 s,Timing,Times,Time,1.600 ms (625.000 Hz),
138139,6.907 s,Timing,Times,Time,600.000 탎 (1.667 kHz),
138151,6.908 s,Timing,Times,Time,500.000 탎 (2.000 kHz),
138161,6.908 s,Timing,Times,Time,600.000 탎 (1.667 kHz),
138173,6.909 s,Timing,Times,Time,550.000 탎 (1.818 kHz),
138184,6.909 s,Timing,Times,Time,600.000 탎 (1.667 kHz),
138196,6.910 s,Timing,Times,Time,1.600 ms (625.000 Hz),
138228,6.911 s,Timing,Times,Time,600.000 탎 (1.667 kHz),
138240,6.912 s,Timing,Times,Time,1.600 ms (625.000 Hz),
138272,6.914 s,Timing,Times,Time,650.000 탎 (1.538 kHz),
138285,6.914 s,Timing,Times,Time,1.600 ms (625.000 Hz),
138317,6.916 s,Timing,Times,Time,600.000 탎 (1.667 kHz),
138329,6.916 s,Timing,Times,Time,1.600 ms (625.000 Hz),
138361,6.918 s,Timing,Times,Time,600.000 탎 (1.667 kHz),
138373,6.919 s,Timing,Times,Time,550.000 탎 (1.818 kHz),
138384,6.919 s,Timing,Times,Time,600.000 탎 (1.667 kHz),
138396,6.920 s,Timing,Times,Time,500.000 탎 (2.000 kHz),
138406,6.920 s,Timing,Times,Time,600.000 탎 (1.667 kHz),
138418,6.921 s,Timing,Times,Time,1.600 ms (625.000 Hz),
138450,6.923 s,Timing,Times,Time,600.000 탎 (1.667 kHz),
138462,6.923 s,Timing,Times,Time,1.650 ms (606.061 Hz),
138495,6.925 s,Timing,Times,Time,600.000 탎 (1.667 kHz),
138507,6.925 s,Timing,Times,Time,500.000 탎 (2.000 kHz),
138517,6.926 s,Timing,Times,Time,600.000 탎 (1.667 kHz),
138529,6.926 s,Timing,Times,Time,1.600 ms (625.000 Hz),
138561,6.928 s,Timing,Times,Time,650.000 탎 (1.538 kHz),
138574,6.929 s,Timing,Times,Time,500.000 탎 (2.000 kHz),
138584,6.929 s,Timing,Times,Time,600.000 탎 (1.667 kHz),
138596,6.930 s,Timing,Times,Time,1.600 ms (625.000 Hz),
138628,6.931 s,Timing,Times,Time,600.000 탎 (1.667 kHz),
138640,6.932 s,Timing,Times,Time,500.000 탎 (2.000 kHz),
138650,6.933 s,Timing,Times,Time,650.000 탎 (1.538 kHz),
138663,6.933 s,Timing,Times,Time,1.600 ms (625.000 Hz),
138695,6.935 s,Timing,Times,Time,600.000 탎 (1.667 kHz),
138707,6.935 s,Timing,Times,Time,500.000 탎 (2.000 kHz),
138717,6.936 s,Timing,Times,Time,600.000 탎 (1.667 kHz),
138729,6.936 s,Timing,Times,Time,500.000 탎 (2.000 kHz),
138739,6.937 s,Timing,Times,Time,650.000 탎 (1.538 kHz),
138752,6.938 s,Timing,Times,Time,500.000 탎 (2.000 kHz),
138762,6.938 s,Timing,Times,Time,600.000 탎 (1.667 kHz),
138774,6.939 s,Timing,Times,Time,500.000 탎 (2.000 kHz),
138784,6.939 s,Timing,Times,Time,600.000 탎 (1.667 kHz),
138796,6.940 s,Timing,Times,Time,1.600 ms (625.000 Hz),
138828,6.941 s,Timing,Times,Time,650.000 탎 (1.538 kHz),
138841,6.942 s,Timing,Times,Time,500.000 탎 (2.000 kHz),
138851,6.943 s,Timing,Times,Time,600.000 탎 (1.667 kHz),
138863,6.943 s,Timing,Times,Time,1.600 ms (625.000 Hz),
138895,6.945 s,Timing,Times,Time,600.000 탎 (1.667 kHz),
138907,6.945 s,Timing,Times,Time,500.000 탎 (2.000 kHz),
138917,6.946 s,Timing,Times,Time,650.000 탎 (1.538 kHz),
138930,6.947 s,Timing,Times,Time,1.600 ms (625.000 Hz),
138962,6.948 s,Timing,Times,Time,600.000 탎 (1.667 kHz),
138974,6.949 s,Timing,Times,Time,1.600 ms (625.000 Hz),
139006,6.950 s,Timing,Times,Time,600.000 탎 (1.667 kHz),
139018,6.951 s,Timing,Times,Time,1.650 ms (606.061 Hz),
139051,6.953 s,Timing,Times,Time,79.800 ms (12.531 Hz),
140647,7.032 s,Timing,Times,Time,1.050 ms (952.381 Hz),
140668,7.033 s,Timing,Times,Time,2.650 ms (377.358 Hz),
140721,7.036 s,Timing,Times,Time,500.000 탎 (2.000 kHz),
140731,7.037 s,Timing,Times,Time,600.000 탎 (1.667 kHz),
140743,7.037 s,Timing,Times,Time,500.000 탎 (2.000 kHz),
140753,7.038 s,Timing,Times,Time,600.000 탎 (1.667 kHz),
140765,7.038 s,Timing,Times,Time,500.000 탎 (2.000 kHz),
140775,7.039 s,Timing,Times,Time,650.000 탎 (1.538 kHz),
140788,7.039 s,Timing,Times,Time,1.600 ms (625.000 Hz),
140820,7.041 s,Timing,Times,Time,600.000 탎 (1.667 kHz),
140832,7.042 s,Timing,Times,Time,1.600 ms (625.000 Hz),
140864,7.043 s,Timing,Times,Time,600.000 탎 (1.667 kHz),
140876,7.044 s,Timing,Times,Time,550.000 탎 (1.818 kHz),
140887,7.044 s,Timing,Times,Time,600.000 탎 (1.667 kHz),
140899,7.045 s,Timing,Times,Time,500.000 탎 (2.000 kHz),
140909,7.045 s,Timing,Times,Time,600.000 탎 (1.667 kHz),
140921,7.046 s,Timing,Times,Time,1.600 ms (625.000 Hz),
140953,7.048 s,Timing,Times,Time,600.000 탎 (1.667 kHz),
140965,7.048 s,Timing,Times,Time,1.650 ms (606.061 Hz),
140998,7.050 s,Timing,Times,Time,600.000 탎 (1.667 kHz),
141010,7.051 s,Timing,Times,Time,1.600 ms (625.000 Hz),
141042,7.052 s,Timing,Times,Time,600.000 탎 (1.667 kHz),
141054,7.053 s,Timing,Times,Time,1.600 ms (625.000 Hz),
141086,7.054 s,Timing,Times,Time,650.000 탎 (1.538 kHz),
141099,7.055 s,Timing,Times,Time,500.000 탎 (2.000 kHz),
141109,7.055 s,Timing,Times,Time,600.000 탎 (1.667 kHz),
141121,7.056 s,Timing,Times,Time,500.000 탎 (2.000 kHz),
141131,7.057 s,Timing,Times,Time,600.000 탎 (1.667 kHz),
141143,7.057 s,Timing,Times,Time,1.600 ms (625.000 Hz),
141175,7.059 s,Timing,Times,Time,650.000 탎 (1.538 kHz),
141188,7.059 s,Timing,Times,Time,1.600 ms (625.000 Hz),
141220,7.061 s,Timing,Times,Time,600.000 탎 (1.667 kHz),
141232,7.062 s,Timing,Times,Time,500.000 탎 (2.000 kHz),
141242,7.062 s,Timing,Times,Time,600.000 탎 (1.667 kHz),
141254,7.063 s,Timing,Times,Time,1.600 ms (625.000 Hz),
141286,7.064 s,Timing,Times,Time,650.000 탎 (1.538 kHz),
141299,7.065 s,Timing,Times,Time,500.000 탎 (2.000 kHz),
141309,7.065 s,Timing,Times,Time,600.000 탎 (1.667 kHz),
141321,7.066 s,Timing,Times,Time,1.600 ms (625.000 Hz),
141353,7.068 s,Timing,Times,Time,600.000 탎 (1.667 kHz),
141365,7.068 s,Timing,Times,Time,500.000 탎 (2.000 kHz),
141375,7.069 s,Timing,Times,Time,650.000 탎 (1.538 kHz),
141388,7.069 s,Timing,Times,Time,1.600 ms (625.000 Hz),
141420,7.071 s,Timing,Times,Time,600.000 탎 (1.667 kHz),
141432,7.072 s,Timing,Times,Time,500.000 탎 (2.000 kHz),
141442,7.072 s,Timing,Times,Time,600.000 탎 (1.667 kHz),
141454,7.073 s,Timing,Times,Time,500.000 탎 (2.000 kHz),
141464,7.073 s,Timing,Times,Time,650.000 탎 (1.538 kHz),
141477,7.074 s,Timing,Times,Time,500.000 탎 (2.000 kHz),
141487,7.074 s,Timing,Times,Time,600.000 탎 (1.667 kHz),
141499,7.075 s,Timing,Times,Time,500.000 탎 (2.000 kHz),
141509,7.075 s,Timing,Times,Time,600.000 탎 (1.667 kHz),
141521,7.076 s,Timing,Times,Time,1.600 ms (625.000 Hz),
141553,7.078 s,Timing,Times,Time,650.000 탎 (1.538 kHz),
141566,7.078 s,Timing,Times,Time,500.000 탎 (2.000 kHz),
141576,7.079 s,Timing,Times,Time,600.000 탎 (1.667 kHz),
141588,7.079 s,Timing,Times,Time,1.600 ms (625.000 Hz),
141620,7.081 s,Timing,Times,Time,600.000 탎 (1.667 kHz),
141632,7.082 s,Timing,Times,Time,500.000 탎 (2.000 kHz),
141642,7.082 s,Timing,Times,Time,650.000 탎 (1.538 kHz),
141655,7.083 s,Timing,Times,Time,1.600 ms (625.000 Hz),
141687,7.084 s,Timing,Times,Time,600.000 탎 (1.667 kHz),
141699,7.085 s,Timing,Times,Time,1.600 ms (625.000 Hz),
141731,7.087 s,Timing,Times,Time,650.000 탎 (1.538 kHz),
141744,7.087 s,Timing,Times,Time,1.600 ms (625.000 Hz),
141776,7.089 s,Timing,Times,Time,79.450 ms (12.587 Hz),
143365,7.168 s,Timing,Times,Time,1.050 ms (952.381 Hz),
143386,7.169 s,Timing,Times,Time,2.650 ms (377.358 Hz),
143439,7.172 s,Timing,Times,Time,500.000 탎 (2.000 kHz),
143449,7.172 s,Timing,Times,Time,600.000 탎 (1.667 kHz),
143461,7.173 s,Timing,Times,Time,500.000 탎 (2.000 kHz),
143471,7.174 s,Timing,Times,Time,600.000 탎 (1.667 kHz),
143483,7.174 s,Timing,Times,Time,500.000 탎 (2.000 kHz),
143493,7.175 s,Timing,Times,Time,600.000 탎 (1.667 kHz),
143505,7.175 s,Timing,Times,Time,1.650 ms (606.061 Hz),
143538,7.177 s,Timing,Times,Time,600.000 탎 (1.667 kHz),
143550,7.178 s,Timing,Times,Time,1.600 ms (625.000 Hz),
143582,7.179 s,Timing,Times,Time,600.000 탎 (1.667 kHz),
143594,7.180 s,Timing,Times,Time,500.000 탎 (2.000 kHz),
143604,7.180 s,Timing,Times,Time,650.000 탎 (1.538 kHz),
143617,7.181 s,Timing,Times,Time,500.000 탎 (2.000 kHz),
143627,7.181 s,Timing,Times,Time,600.000 탎 (1.667 kHz),
143639,7.182 s,Timing,Times,Time,1.600 ms (625.000 Hz),
143671,7.184 s,Timing,Times,Time,600.000 탎 (1.667 kHz),
143683,7.184 s,Timing,Times,Time,1.650 ms (606.061 Hz),
143716,7.186 s,Timing,Times,Time,600.000 탎 (1.667 kHz),
143728,7.186 s,Timing,Times,Time,1.600 ms (625.000 Hz),
143760,7.188 s,Timing,Times,Time,600.000 탎 (1.667 kHz),
143772,7.189 s,Timing,Times,Time,1.600 ms (625.000 Hz),
143804,7.190 s,Timing,Times,Time,650.000 탎 (1.538 kHz),
143817,7.191 s,Timing,Times,Time,500.000 탎 (2.000 kHz),
143827,7.191 s,Timing,Times,Time,600.000 탎 (1.667 kHz),
143839,7.192 s,Timing,Times,Time,500.000 탎 (2.000 kHz),
143849,7.192 s,Timing,Times,Time,600.000 탎 (1.667 kHz),
143861,7.193 s,Timing,Times,Time,1.600 ms (625.000 Hz),
143893,7.195 s,Timing,Times,Time,650.000 탎 (1.538 kHz),
143906,7.195 s,Timing,Times,Time,1.600 ms (625.000 Hz),
143938,7.197 s,Timing,Times,Time,600.000 탎 (1.667 kHz),
143950,7.197 s,Timing,Times,Time,500.000 탎 (2.000 kHz),
143960,7.198 s,Timing,Times,Time,600.000 탎 (1.667 kHz),
143972,7.199 s,Timing,Times,Time,1.600 ms (625.000 Hz),
144004,7.200 s,Timing,Times,Time,650.000 탎 (1.538 kHz),
144017,7.201 s,Timing,Times,Time,500.000 탎 (2.000 kHz),
144027,7.201 s,Timing,Times,Time,600.000 탎 (1.667 kHz),
144039,7.202 s,Timing,Times,Time,1.600 ms (625.000 Hz),
144071,7.204 s,Timing,Times,Time,600.000 탎 (1.667 kHz),
144083,7.204 s,Timing,Times,Time,500.000 탎 (2.000 kHz),
144093,7.205 s,Timing,Times,Time,650.000 탎 (1.538 kHz),
144106,7.205 s,Timing,Times,Time,1.600 ms (625.000 Hz),
144138,7.207 s,Timing,Times,Time,600.000 탎 (1.667 kHz),
144150,7.207 s,Timing,Times,Time,500.000 탎 (2.000 kHz),
144160,7.208 s,Timing,Times,Time,600.000 탎 (1.667 kHz),
144172,7.209 s,Timing,Times,Time,500.000 탎 (2.000 kHz),
144182,7.209 s,Timing,Times,Time,650.000 탎 (1.538 kHz),
144195,7.210 s,Timing,Times,Time,500.000 탎 (2.000 kHz),
144205,7.210 s,Timing,Times,Time,600.000 탎 (1.667 kHz),
144217,7.211 s,Timing,Times,Time,500.000 탎 (2.000 kHz),
144227,7.211 s,Timing,Times,Time,600.000 탎 (1.667 kHz),
144239,7.212 s,Timing,Times,Time,1.600 ms (625.000 Hz),
144271,7.214 s,Timing,Times,Time,650.000 탎 (1.538 kHz),
144284,7.214 s,Timing,Times,Time,500.000 탎 (2.000 kHz),
144294,7.215 s,Timing,Times,Time,600.000 탎 (1.667 kHz),
144306,7.215 s,Timing,Times,Time,1.600 ms (625.000 Hz),
144338,7.217 s,Timing,Times,Time,600.000 탎 (1.667 kHz),
144350,7.218 s,Timing,Times,Time,500.000 탎 (2.000 kHz),
144360,7.218 s,Timing,Times,Time,650.000 탎 (1.538 kHz),
144373,7.219 s,Timing,Times,Time,1.600 ms (625.000 Hz),
144405,7.220 s,Timing,Times,Time,600.000 탎 (1.667 kHz),
144417,7.221 s,Timing,Times,Time,1.600 ms (625.000 Hz),
144449,7.222 s,Timing,Times,Time,600.000 탎 (1.667 kHz),
144461,7.223 s,Timing,Times,Time,1.650 ms (606.061 Hz),
144494,7.225 s,Timing,Times,Time,79.550 ms (12.571 Hz),
146085,7.304 s,Timing,Times,Time,1.050 ms (952.381 Hz),
146106,7.305 s,Timing,Times,Time,2.650 ms (377.358 Hz),
146159,7.308 s,Timing,Times,Time,500.000 탎 (2.000 kHz),
146169,7.308 s,Timing,Times,Time,600.000 탎 (1.667 kHz),
146181,7.309 s,Timing,Times,Time,500.000 탎 (2.000 kHz),
146191,7.310 s,Timing,Times,Time,600.000 탎 (1.667 kHz),
146203,7.310 s,Timing,Times,Time,550.000 탎 (1.818 kHz),
146214,7.311 s,Timing,Times,Time,600.000 탎 (1.667 kHz),
146226,7.311 s,Timing,Times,Time,1.600 ms (625.000 Hz),
146258,7.313 s,Timing,Times,Time,600.000 탎 (1.667 kHz),
146270,7.314 s,Timing,Times,Time,1.600 ms (625.000 Hz),
146302,7.315 s,Timing,Times,Time,650.000 탎 (1.538 kHz),
146315,7.316 s,Timing,Times,Time,500.000 탎 (2.000 kHz),
146325,7.316 s,Timing,Times,Time,600.000 탎 (1.667 kHz),
146337,7.317 s,Timing,Times,Time,500.000 탎 (2.000 kHz),
146347,7.317 s,Timing,Times,Time,600.000 탎 (1.667 kHz),
146359,7.318 s,Timing,Times,Time,1.600 ms (625.000 Hz),
146391,7.320 s,Timing,Times,Time,650.000 탎 (1.538 kHz),
146404,7.320 s,Timing,Times,Time,1.600 ms (625.000 Hz),
146436,7.322 s,Timing,Times,Time,600.000 탎 (1.667 kHz),
146448,7.322 s,Timing,Times,Time,1.600 ms (625.000 Hz),
146480,7.324 s,Timing,Times,Time,600.000 탎 (1.667 kHz),
146492,7.325 s,Timing,Times,Time,1.650 ms (606.061 Hz),
146525,7.326 s,Timing,Times,Time,600.000 탎 (1.667 kHz),
146537,7.327 s,Timing,Times,Time,500.000 탎 (2.000 kHz),
146547,7.327 s,Timing,Times,Time,600.000 탎 (1.667 kHz),
146559,7.328 s,Timing,Times,Time,500.000 탎 (2.000 kHz),
146569,7.328 s,Timing,Times,Time,600.000 탎 (1.667 kHz),
146581,7.329 s,Timing,Times,Time,1.650 ms (606.061 Hz),
146614,7.331 s,Timing,Times,Time,600.000 탎 (1.667 kHz),
146626,7.331 s,Timing,Times,Time,1.600 ms (625.000 Hz),
146658,7.333 s,Timing,Times,Time,600.000 탎 (1.667 kHz),
146670,7.333 s,Timing,Times,Time,500.000 탎 (2.000 kHz),
146680,7.334 s,Timing,Times,Time,600.000 탎 (1.667 kHz),
146692,7.335 s,Timing,Times,Time,1.650 ms (606.061 Hz),
146725,7.336 s,Timing,Times,Time,600.000 탎 (1.667 kHz),
146737,7.337 s,Timing,Times,Time,500.000 탎 (2.000 kHz),
146747,7.337 s,Timing,Times,Time,600.000 탎 (1.667 kHz),
146759,7.338 s,Timing,Times,Time,1.600 ms (625.000 Hz),
146791,7.340 s,Timing,Times,Time,650.000 탎 (1.538 kHz),
146804,7.340 s,Timing,Times,Time,500.000 탎 (2.000 kHz),
146814,7.341 s,Timing,Times,Time,600.000 탎 (1.667 kHz),
146826,7.341 s,Timing,Times,Time,1.600 ms (625.000 Hz),
146858,7.343 s,Timing,Times,Time,600.000 탎 (1.667 kHz),
146870,7.343 s,Timing,Times,Time,500.000 탎 (2.000 kHz),
146880,7.344 s,Timing,Times,Time,650.000 탎 (1.538 kHz),
146893,7.345 s,Timing,Times,Time,500.000 탎 (2.000 kHz),
146903,7.345 s,Timing,Times,Time,600.000 탎 (1.667 kHz),
146915,7.346 s,Timing,Times,Time,500.000 탎 (2.000 kHz),
146925,7.346 s,Timing,Times,Time,600.000 탎 (1.667 kHz),
146937,7.347 s,Timing,Times,Time,500.000 탎 (2.000 kHz),
146947,7.347 s,Timing,Times,Time,650.000 탎 (1.538 kHz),
146960,7.348 s,Timing,Times,Time,1.600 ms (625.000 Hz),
146992,7.350 s,Timing,Times,Time,600.000 탎 (1.667 kHz),
147004,7.350 s,Timing,Times,Time,500.000 탎 (2.000 kHz),
147014,7.351 s,Timing,Times,Time,600.000 탎 (1.667 kHz),
147026,7.351 s,Timing,Times,Time,1.600 ms (625.000 Hz),
147058,7.353 s,Timing,Times,Time,650.000 탎 (1.538 kHz),
147071,7.354 s,Timing,Times,Time,500.000 탎 (2.000 kHz),
147081,7.354 s,Timing,Times,Time,600.000 탎 (1.667 kHz),
147093,7.355 s,Timing,Times,Time,1.600 ms (625.000 Hz),
147125,7.356 s,Timing,Times,Time,600.000 탎 (1.667 kHz),
147137,7.357 s,Timing,Times,Time,1.600 ms (625.000 Hz),
147169,7.358 s,Timing,Times,Time,650.000 탎 (1.538 kHz),
147182,7.359 s,Timing,Times,Time,1.600 ms (625.000 Hz),
147214,7.361 s,Timing,Times,Time,79.850 ms (12.523 Hz),
148811,7.441 s,Timing,Times,Time,1.100 ms (909.091 Hz),
148833,7.442 s,Timing,Times,Time,2.600 ms (384.615 Hz),
148885,7.444 s,Timing,Times,Time,550.000 탎 (1.818 kHz),
148896,7.445 s,Timing,Times,Time,600.000 탎 (1.667 kHz),
148908,7.445 s,Timing,Times,Time,500.000 탎 (2.000 kHz),
148918,7.446 s,Timing,Times,Time,600.000 탎 (1.667 kHz),
148930,7.447 s,Timing,Times,Time,500.000 탎 (2.000 kHz),
148940,7.447 s,Timing,Times,Time,600.000 탎 (1.667 kHz),
148952,7.448 s,Timing,Times,Time,1.600 ms (625.000 Hz),
148984,7.449 s,Timing,Times,Time,650.000 탎 (1.538 kHz),
148997,7.450 s,Timing,Times,Time,1.600 ms (625.000 Hz),
149029,7.451 s,Timing,Times,Time,600.000 탎 (1.667 kHz),
149041,7.452 s,Timing,Times,Time,500.000 탎 (2.000 kHz),
149051,7.453 s,Timing,Times,Time,600.000 탎 (1.667 kHz),
149063,7.453 s,Timing,Times,Time,500.000 탎 (2.000 kHz),
149073,7.454 s,Timing,Times,Time,650.000 탎 (1.538 kHz),
149086,7.454 s,Timing,Times,Time,1.600 ms (625.000 Hz),
149118,7.456 s,Timing,Times,Time,600.000 탎 (1.667 kHz),
149130,7.457 s,Timing,Times,Time,1.600 ms (625.000 Hz),
149162,7.458 s,Timing,Times,Time,600.000 탎 (1.667 kHz),
149174,7.459 s,Timing,Times,Time,1.650 ms (606.061 Hz),
149207,7.460 s,Timing,Times,Time,600.000 탎 (1.667 kHz),
149219,7.461 s,Timing,Times,Time,1.600 ms (625.000 Hz),
149251,7.463 s,Timing,Times,Time,600.000 탎 (1.667 kHz),
149263,7.463 s,Timing,Times,Time,500.000 탎 (2.000 kHz),
149273,7.464 s,Timing,Times,Time,650.000 탎 (1.538 kHz),
149286,7.464 s,Timing,Times,Time,500.000 탎 (2.000 kHz),
149296,7.465 s,Timing,Times,Time,600.000 탎 (1.667 kHz),
149308,7.465 s,Timing,Times,Time,1.600 ms (625.000 Hz),
149340,7.467 s,Timing,Times,Time,600.000 탎 (1.667 kHz),
149352,7.468 s,Timing,Times,Time,1.600 ms (625.000 Hz),
149384,7.469 s,Timing,Times,Time,650.000 탎 (1.538 kHz),
149397,7.470 s,Timing,Times,Time,500.000 탎 (2.000 kHz),
149407,7.470 s,Timing,Times,Time,600.000 탎 (1.667 kHz),
149419,7.471 s,Timing,Times,Time,1.600 ms (625.000 Hz),
149451,7.473 s,Timing,Times,Time,600.000 탎 (1.667 kHz),
149463,7.473 s,Timing,Times,Time,500.000 탎 (2.000 kHz),
149473,7.474 s,Timing,Times,Time,650.000 탎 (1.538 kHz),
149486,7.474 s,Timing,Times,Time,1.600 ms (625.000 Hz),
149518,7.476 s,Timing,Times,Time,600.000 탎 (1.667 kHz),
149530,7.476 s,Timing,Times,Time,500.000 탎 (2.000 kHz),
149540,7.477 s,Timing,Times,Time,600.000 탎 (1.667 kHz),
149552,7.478 s,Timing,Times,Time,1.650 ms (606.061 Hz),
149585,7.479 s,Timing,Times,Time,600.000 탎 (1.667 kHz),
149597,7.480 s,Timing,Times,Time,500.000 탎 (2.000 kHz),
149607,7.480 s,Timing,Times,Time,600.000 탎 (1.667 kHz),
149619,7.481 s,Timing,Times,Time,500.000 탎 (2.000 kHz),
149629,7.481 s,Timing,Times,Time,600.000 탎 (1.667 kHz),
149641,7.482 s,Timing,Times,Time,500.000 탎 (2.000 kHz),
149651,7.483 s,Timing,Times,Time,650.000 탎 (1.538 kHz),
149664,7.483 s,Timing,Times,Time,500.000 탎 (2.000 kHz),
149674,7.484 s,Timing,Times,Time,600.000 탎 (1.667 kHz),
149686,7.484 s,Timing,Times,Time,1.600 ms (625.000 Hz),
149718,7.486 s,Timing,Times,Time,600.000 탎 (1.667 kHz),
149730,7.487 s,Timing,Times,Time,500.000 탎 (2.000 kHz),
149740,7.487 s,Timing,Times,Time,650.000 탎 (1.538 kHz),
149753,7.488 s,Timing,Times,Time,1.600 ms (625.000 Hz),
149785,7.489 s,Timing,Times,Time,600.000 탎 (1.667 kHz),
149797,7.490 s,Timing,Times,Time,500.000 탎 (2.000 kHz),
149807,7.490 s,Timing,Times,Time,600.000 탎 (1.667 kHz),
149819,7.491 s,Timing,Times,Time,1.650 ms (606.061 Hz),
149852,7.493 s,Timing,Times,Time,600.000 탎 (1.667 kHz),
149864,7.493 s,Timing,Times,Time,1.600 ms (625.000 Hz),
149896,7.495 s,Timing,Times,Time,600.000 탎 (1.667 kHz),
149908,7.495 s,Timing,Times,Time,1.600 ms (625.000 Hz),
149940,7.497 s,Timing,Times,Time,176.550 ms (5.664 Hz),
153471,7.674 s,Timing,Times,Time,1.100 ms (909.091 Hz),
153493,7.675 s,Timing,Times,Time,2.600 ms (384.615 Hz),
153545,7.677 s,Timing,Times,Time,550.000 탎 (1.818 kHz),
153556,7.678 s,Timing,Times,Time,550.000 탎 (1.818 kHz),
153567,7.678 s,Timing,Times,Time,550.000 탎 (1.818 kHz),
153578,7.679 s,Timing,Times,Time,600.000 탎 (1.667 kHz),
153590,7.679 s,Timing,Times,Time,500.000 탎 (2.000 kHz),
153600,7.680 s,Timing,Times,Time,600.000 탎 (1.667 kHz),
153612,7.681 s,Timing,Times,Time,1.650 ms (606.061 Hz),
153645,7.682 s,Timing,Times,Time,550.000 탎 (1.818 kHz),
153656,7.683 s,Timing,Times,Time,1.650 ms (606.061 Hz),
153689,7.684 s,Timing,Times,Time,600.000 탎 (1.667 kHz),
153701,7.685 s,Timing,Times,Time,500.000 탎 (2.000 kHz),
153711,7.686 s,Timing,Times,Time,600.000 탎 (1.667 kHz),
153723,7.686 s,Timing,Times,Time,550.000 탎 (1.818 kHz),
153734,7.687 s,Timing,Times,Time,550.000 탎 (1.818 kHz),
153745,7.687 s,Timing,Times,Time,1.650 ms (606.061 Hz),
153778,7.689 s,Timing,Times,Time,600.000 탎 (1.667 kHz),
153790,7.689 s,Timing,Times,Time,1.600 ms (625.000 Hz),
153822,7.691 s,Timing,Times,Time,600.000 탎 (1.667 kHz),
153834,7.692 s,Timing,Times,Time,1.650 ms (606.061 Hz),
153867,7.693 s,Timing,Times,Time,600.000 탎 (1.667 kHz),
153879,7.694 s,Timing,Times,Time,1.600 ms (625.000 Hz),
153911,7.696 s,Timing,Times,Time,600.000 탎 (1.667 kHz),
153923,7.696 s,Timing,Times,Time,550.000 탎 (1.818 kHz),
153934,7.697 s,Timing,Times,Time,550.000 탎 (1.818 kHz),
153945,7.697 s,Timing,Times,Time,550.000 탎 (1.818 kHz),
153956,7.698 s,Timing,Times,Time,600.000 탎 (1.667 kHz),
153968,7.698 s,Timing,Times,Time,1.600 ms (625.000 Hz),
154000,7.700 s,Timing,Times,Time,600.000 탎 (1.667 kHz),
154012,7.701 s,Timing,Times,Time,1.650 ms (606.061 Hz),
154045,7.702 s,Timing,Times,Time,600.000 탎 (1.667 kHz),
154057,7.703 s,Timing,Times,Time,500.000 탎 (2.000 kHz),
154067,7.703 s,Timing,Times,Time,600.000 탎 (1.667 kHz),
154079,7.704 s,Timing,Times,Time,1.600 ms (625.000 Hz),
154111,7.706 s,Timing,Times,Time,600.000 탎 (1.667 kHz),
154123,7.706 s,Timing,Times,Time,550.000 탎 (1.818 kHz),
154134,7.707 s,Timing,Times,Time,600.000 탎 (1.667 kHz),
154146,7.707 s,Timing,Times,Time,1.600 ms (625.000 Hz),
154178,7.709 s,Timing,Times,Time,600.000 탎 (1.667 kHz),
154190,7.710 s,Timing,Times,Time,500.000 탎 (2.000 kHz),
154200,7.710 s,Timing,Times,Time,600.000 탎 (1.667 kHz),
154212,7.711 s,Timing,Times,Time,1.650 ms (606.061 Hz),
154245,7.712 s,Timing,Times,Time,600.000 탎 (1.667 kHz),
154257,7.713 s,Timing,Times,Time,500.000 탎 (2.000 kHz),
154267,7.713 s,Timing,Times,Time,600.000 탎 (1.667 kHz),
154279,7.714 s,Timing,Times,Time,500.000 탎 (2.000 kHz),
154289,7.714 s,Timing,Times,Time,600.000 탎 (1.667 kHz),
154301,7.715 s,Timing,Times,Time,550.000 탎 (1.818 kHz),
154312,7.716 s,Timing,Times,Time,600.000 탎 (1.667 kHz),
154324,7.716 s,Timing,Times,Time,500.000 탎 (2.000 kHz),
154334,7.717 s,Timing,Times,Time,600.000 탎 (1.667 kHz),
154346,7.717 s,Timing,Times,Time,1.600 ms (625.000 Hz),
154378,7.719 s,Timing,Times,Time,600.000 탎 (1.667 kHz),
154390,7.720 s,Timing,Times,Time,550.000 탎 (1.818 kHz),
154401,7.720 s,Timing,Times,Time,600.000 탎 (1.667 kHz),
154413,7.721 s,Timing,Times,Time,1.600 ms (625.000 Hz),
154445,7.722 s,Timing,Times,Time,600.000 탎 (1.667 kHz),
154457,7.723 s,Timing,Times,Time,500.000 탎 (2.000 kHz),
154467,7.723 s,Timing,Times,Time,600.000 탎 (1.667 kHz),
154479,7.724 s,Timing,Times,Time,1.650 ms (606.061 Hz),
154512,7.726 s,Timing,Times,Time,600.000 탎 (1.667 kHz),
154524,7.726 s,Timing,Times,Time,1.600 ms (625.000 Hz),
154556,7.728 s,Timing,Times,Time,600.000 탎 (1.667 kHz),
154568,7.728 s,Timing,Times,Time,1.650 ms (606.061 Hz),
154601,7.730 s,Timing,Times,Time,177.200 ms (5.643 Hz),
158145,7.907 s,Timing,Times,Time,1.100 ms (909.091 Hz),
158167,7.908 s,Timing,Times,Time,2.600 ms (384.615 Hz),
158219,7.911 s,Timing,Times,Time,500.000 탎 (2.000 kHz),
158229,7.911 s,Timing,Times,Time,600.000 탎 (1.667 kHz),
158241,7.912 s,Timing,Times,Time,550.000 탎 (1.818 kHz),
158252,7.913 s,Timing,Times,Time,550.000 탎 (1.818 kHz),
158263,7.913 s,Timing,Times,Time,550.000 탎 (1.818 kHz),
158274,7.914 s,Timing,Times,Time,600.000 탎 (1.667 kHz),
158286,7.914 s,Timing,Times,Time,1.600 ms (625.000 Hz),
158318,7.916 s,Timing,Times,Time,600.000 탎 (1.667 kHz),
158330,7.917 s,Timing,Times,Time,1.650 ms (606.061 Hz),
158363,7.918 s,Timing,Times,Time,550.000 탎 (1.818 kHz),
158374,7.919 s,Timing,Times,Time,550.000 탎 (1.818 kHz),
158385,7.919 s,Timing,Times,Time,600.000 탎 (1.667 kHz),
158397,7.920 s,Timing,Times,Time,500.000 탎 (2.000 kHz),
158407,7.920 s,Timing,Times,Time,600.000 탎 (1.667 kHz),
158419,7.921 s,Timing,Times,Time,1.650 ms (606.061 Hz),
158452,7.923 s,Timing,Times,Time,550.000 탎 (1.818 kHz),
158463,7.923 s,Timing,Times,Time,1.650 ms (606.061 Hz),
158496,7.925 s,Timing,Times,Time,600.000 탎 (1.667 kHz),
158508,7.925 s,Timing,Times,Time,1.650 ms (606.061 Hz),
158541,7.927 s,Timing,Times,Time,550.000 탎 (1.818 kHz),
158552,7.928 s,Timing,Times,Time,1.650 ms (606.061 Hz),
158585,7.929 s,Timing,Times,Time,600.000 탎 (1.667 kHz),
158597,7.930 s,Timing,Times,Time,500.000 탎 (2.000 kHz),
158607,7.930 s,Timing,Times,Time,600.000 탎 (1.667 kHz),
158619,7.931 s,Timing,Times,Time,550.000 탎 (1.818 kHz),
158630,7.931 s,Timing,Times,Time,550.000 탎 (1.818 kHz),
158641,7.932 s,Timing,Times,Time,1.650 ms (606.061 Hz),
158674,7.934 s,Timing,Times,Time,600.000 탎 (1.667 kHz),
158686,7.934 s,Timing,Times,Time,1.600 ms (625.000 Hz),
158718,7.936 s,Timing,Times,Time,600.000 탎 (1.667 kHz),
158730,7.936 s,Timing,Times,Time,550.000 탎 (1.818 kHz),
158741,7.937 s,Timing,Times,Time,550.000 탎 (1.818 kHz),
158752,7.938 s,Timing,Times,Time,1.650 ms (606.061 Hz),
158785,7.939 s,Timing,Times,Time,600.000 탎 (1.667 kHz),
158797,7.940 s,Timing,Times,Time,500.000 탎 (2.000 kHz),
158807,7.940 s,Timing,Times,Time,600.000 탎 (1.667 kHz),
158819,7.941 s,Timing,Times,Time,1.650 ms (606.061 Hz),
158852,7.943 s,Timing,Times,Time,600.000 탎 (1.667 kHz),
158864,7.943 s,Timing,Times,Time,500.000 탎 (2.000 kHz),
158874,7.944 s,Timing,Times,Time,600.000 탎 (1.667 kHz),
158886,7.944 s,Timing,Times,Time,1.600 ms (625.000 Hz),
158918,7.946 s,Timing,Times,Time,650.000 탎 (1.538 kHz),
158931,7.947 s,Timing,Times,Time,500.000 탎 (2.000 kHz),
158941,7.947 s,Timing,Times,Time,600.000 탎 (1.667 kHz),
158953,7.948 s,Timing,Times,Time,500.000 탎 (2.000 kHz),
158963,7.948 s,Timing,Times,Time,600.000 탎 (1.667 kHz),
158975,7.949 s,Timing,Times,Time,500.000 탎 (2.000 kHz),
158985,7.949 s,Timing,Times,Time,600.000 탎 (1.667 kHz),
158997,7.950 s,Timing,Times,Time,550.000 탎 (1.818 kHz),
159008,7.950 s,Timing,Times,Time,600.000 탎 (1.667 kHz),
159020,7.951 s,Timing,Times,Time,1.600 ms (625.000 Hz),
159052,7.953 s,Timing,Times,Time,600.000 탎 (1.667 kHz),
159064,7.953 s,Timing,Times,Time,500.000 탎 (2.000 kHz),
159074,7.954 s,Timing,Times,Time,600.000 탎 (1.667 kHz),
159086,7.954 s,Timing,Times,Time,1.650 ms (606.061 Hz),
159119,7.956 s,Timing,Times,Time,600.000 탎 (1.667 kHz),
159131,7.957 s,Timing,Times,Time,500.000 탎 (2.000 kHz),
159141,7.957 s,Timing,Times,Time,600.000 탎 (1.667 kHz),
159153,7.958 s,Timing,Times,Time,1.600 ms (625.000 Hz),
159185,7.959 s,Timing,Times,Time,650.000 탎 (1.538 kHz),
159198,7.960 s,Timing,Times,Time,1.600 ms (625.000 Hz),
159230,7.962 s,Timing,Times,Time,600.000 탎 (1.667 kHz),
159242,7.962 s,Timing,Times,Time,1.600 ms (625.000 Hz),
159274,7.964 s,Timing,Times,Time,187.500 ms (5.333 Hz),
163024,8.151 s,Timing,Times,Time,1.100 ms (909.091 Hz),
163046,8.152 s,Timing,Times,Time,2.600 ms (384.615 Hz),
163098,8.155 s,Timing,Times,Time,550.000 탎 (1.818 kHz),
163109,8.155 s,Timing,Times,Time,550.000 탎 (1.818 kHz),
163120,8.156 s,Timing,Times,Time,550.000 탎 (1.818 kHz),
163131,8.157 s,Timing,Times,Time,550.000 탎 (1.818 kHz),
163142,8.157 s,Timing,Times,Time,550.000 탎 (1.818 kHz),
163153,8.158 s,Timing,Times,Time,550.000 탎 (1.818 kHz),
163164,8.158 s,Timing,Times,Time,1.700 ms (588.235 Hz),
163198,8.160 s,Timing,Times,Time,550.000 탎 (1.818 kHz),
163209,8.160 s,Timing,Times,Time,1.650 ms (606.061 Hz),
163242,8.162 s,Timing,Times,Time,550.000 탎 (1.818 kHz),
163253,8.163 s,Timing,Times,Time,550.000 탎 (1.818 kHz),
163264,8.163 s,Timing,Times,Time,600.000 탎 (1.667 kHz),
163276,8.164 s,Timing,Times,Time,550.000 탎 (1.818 kHz),
163287,8.164 s,Timing,Times,Time,550.000 탎 (1.818 kHz),
163298,8.165 s,Timing,Times,Time,1.650 ms (606.061 Hz),
163331,8.167 s,Timing,Times,Time,550.000 탎 (1.818 kHz),
163342,8.167 s,Timing,Times,Time,1.700 ms (588.235 Hz),
163376,8.169 s,Timing,Times,Time,550.000 탎 (1.818 kHz),
163387,8.169 s,Timing,Times,Time,1.650 ms (606.061 Hz),
163420,8.171 s,Timing,Times,Time,550.000 탎 (1.818 kHz),
163431,8.172 s,Timing,Times,Time,1.650 ms (606.061 Hz),
163464,8.173 s,Timing,Times,Time,550.000 탎 (1.818 kHz),
163475,8.174 s,Timing,Times,Time,550.000 탎 (1.818 kHz),
163486,8.174 s,Timing,Times,Time,600.000 탎 (1.667 kHz),
163498,8.175 s,Timing,Times,Time,500.000 탎 (2.000 kHz),
163508,8.175 s,Timing,Times,Time,600.000 탎 (1.667 kHz),
163520,8.176 s,Timing,Times,Time,1.650 ms (606.061 Hz),
163553,8.178 s,Timing,Times,Time,550.000 탎 (1.818 kHz),
163564,8.178 s,Timing,Times,Time,1.650 ms (606.061 Hz),
163597,8.180 s,Timing,Times,Time,600.000 탎 (1.667 kHz),
163609,8.180 s,Timing,Times,Time,550.000 탎 (1.818 kHz),
163620,8.181 s,Timing,Times,Time,550.000 탎 (1.818 kHz),
163631,8.182 s,Timing,Times,Time,1.650 ms (606.061 Hz),
163664,8.183 s,Timing,Times,Time,600.000 탎 (1.667 kHz),
163676,8.184 s,Timing,Times,Time,500.000 탎 (2.000 kHz),
163686,8.184 s,Timing,Times,Time,600.000 탎 (1.667 kHz),
163698,8.185 s,Timing,Times,Time,1.650 ms (606.061 Hz),
163731,8.187 s,Timing,Times,Time,550.000 탎 (1.818 kHz),
163742,8.187 s,Timing,Times,Time,550.000 탎 (1.818 kHz),
163753,8.188 s,Timing,Times,Time,600.000 탎 (1.667 kHz),
163765,8.188 s,Timing,Times,Time,1.600 ms (625.000 Hz),
163797,8.190 s,Timing,Times,Time,600.000 탎 (1.667 kHz),
163809,8.190 s,Timing,Times,Time,550.000 탎 (1.818 kHz),
163820,8.191 s,Timing,Times,Time,550.000 탎 (1.818 kHz),
163831,8.192 s,Timing,Times,Time,550.000 탎 (1.818 kHz),
163842,8.192 s,Timing,Times,Time,600.000 탎 (1.667 kHz),
163854,8.193 s,Timing,Times,Time,500.000 탎 (2.000 kHz),
163864,8.193 s,Timing,Times,Time,600.000 탎 (1.667 kHz),
163876,8.194 s,Timing,Times,Time,550.000 탎 (1.818 kHz),
163887,8.194 s,Timing,Times,Time,550.000 탎 (1.818 kHz),
163898,8.195 s,Timing,Times,Time,1.650 ms (606.061 Hz),
163931,8.197 s,Timing,Times,Time,600.000 탎 (1.667 kHz),
163943,8.197 s,Timing,Times,Time,500.000 탎 (2.000 kHz),
163953,8.198 s,Timing,Times,Time,600.000 탎 (1.667 kHz),
163965,8.198 s,Timing,Times,Time,1.650 ms (606.061 Hz),
163998,8.200 s,Timing,Times,Time,600.000 탎 (1.667 kHz),
164010,8.200 s,Timing,Times,Time,500.000 탎 (2.000 kHz),
164020,8.201 s,Timing,Times,Time,600.000 탎 (1.667 kHz),
164032,8.202 s,Timing,Times,Time,1.600 ms (625.000 Hz),
164064,8.203 s,Timing,Times,Time,600.000 탎 (1.667 kHz),
164076,8.204 s,Timing,Times,Time,1.650 ms (606.061 Hz),
164109,8.205 s,Timing,Times,Time,600.000 탎 (1.667 kHz),
164121,8.206 s,Timing,Times,Time,1.600 ms (625.000 Hz),
164153,8.208 s,Timing,Times,Time,176.700 ms (5.659 Hz),
167687,8.384 s,Timing,Times,Time,1.100 ms (909.091 Hz),
167709,8.385 s,Timing,Times,Time,2.600 ms (384.615 Hz),
167761,8.388 s,Timing,Times,Time,550.000 탎 (1.818 kHz),
167772,8.389 s,Timing,Times,Time,550.000 탎 (1.818 kHz),
167783,8.389 s,Timing,Times,Time,550.000 탎 (1.818 kHz),
167794,8.390 s,Timing,Times,Time,550.000 탎 (1.818 kHz),
167805,8.390 s,Timing,Times,Time,550.000 탎 (1.818 kHz),
167816,8.391 s,Timing,Times,Time,550.000 탎 (1.818 kHz),
167827,8.391 s,Timing,Times,Time,1.700 ms (588.235 Hz),
167861,8.393 s,Timing,Times,Time,550.000 탎 (1.818 kHz),
167872,8.394 s,Timing,Times,Time,1.650 ms (606.061 Hz),
167905,8.395 s,Timing,Times,Time,550.000 탎 (1.818 kHz),
167916,8.396 s,Timing,Times,Time,550.000 탎 (1.818 kHz),
167927,8.396 s,Timing,Times,Time,600.000 탎 (1.667 kHz),
167939,8.397 s,Timing,Times,Time,550.000 탎 (1.818 kHz),
167950,8.398 s,Timing,Times,Time,550.000 탎 (1.818 kHz),
167961,8.398 s,Timing,Times,Time,1.650 ms (606.061 Hz),
167994,8.400 s,Timing,Times,Time,550.000 탎 (1.818 kHz),
168005,8.400 s,Timing,Times,Time,1.700 ms (588.235 Hz),
168039,8.402 s,Timing,Times,Time,550.000 탎 (1.818 kHz),
168050,8.402 s,Timing,Times,Time,1.650 ms (606.061 Hz),
168083,8.404 s,Timing,Times,Time,550.000 탎 (1.818 kHz),
168094,8.405 s,Timing,Times,Time,1.650 ms (606.061 Hz),
168127,8.406 s,Timing,Times,Time,550.000 탎 (1.818 kHz),
168138,8.407 s,Timing,Times,Time,600.000 탎 (1.667 kHz),
168150,8.408 s,Timing,Times,Time,550.000 탎 (1.818 kHz),
168161,8.408 s,Timing,Times,Time,550.000 탎 (1.818 kHz),
168172,8.409 s,Timing,Times,Time,550.000 탎 (1.818 kHz),
168183,8.409 s,Timing,Times,Time,1.650 ms (606.061 Hz),
168216,8.411 s,Timing,Times,Time,550.000 탎 (1.818 kHz),
168227,8.411 s,Timing,Times,Time,1.650 ms (606.061 Hz),
168260,8.413 s,Timing,Times,Time,600.000 탎 (1.667 kHz),
168272,8.414 s,Timing,Times,Time,550.000 탎 (1.818 kHz),
168283,8.414 s,Timing,Times,Time,550.000 탎 (1.818 kHz),
168294,8.415 s,Timing,Times,Time,1.650 ms (606.061 Hz),
168327,8.416 s,Timing,Times,Time,600.000 탎 (1.667 kHz),
168339,8.417 s,Timing,Times,Time,500.000 탎 (2.000 kHz),
168349,8.417 s,Timing,Times,Time,600.000 탎 (1.667 kHz),
168361,8.418 s,Timing,Times,Time,1.650 ms (606.061 Hz),
168394,8.420 s,Timing,Times,Time,550.000 탎 (1.818 kHz),
168405,8.420 s,Timing,Times,Time,550.000 탎 (1.818 kHz),
168416,8.421 s,Timing,Times,Time,600.000 탎 (1.667 kHz),
168428,8.421 s,Timing,Times,Time,1.600 ms (625.000 Hz),
168460,8.423 s,Timing,Times,Time,600.000 탎 (1.667 kHz),
168472,8.424 s,Timing,Times,Time,550.000 탎 (1.818 kHz),
168483,8.424 s,Timing,Times,Time,550.000 탎 (1.818 kHz),
168494,8.425 s,Timing,Times,Time,550.000 탎 (1.818 kHz),
168505,8.425 s,Timing,Times,Time,600.000 탎 (1.667 kHz),
168517,8.426 s,Timing,Times,Time,500.000 탎 (2.000 kHz),
168527,8.426 s,Timing,Times,Time,600.000 탎 (1.667 kHz),
168539,8.427 s,Timing,Times,Time,550.000 탎 (1.818 kHz),
168550,8.428 s,Timing,Times,Time,550.000 탎 (1.818 kHz),
168561,8.428 s,Timing,Times,Time,1.650 ms (606.061 Hz),
168594,8.430 s,Timing,Times,Time,600.000 탎 (1.667 kHz),
168606,8.430 s,Timing,Times,Time,500.000 탎 (2.000 kHz),
168616,8.431 s,Timing,Times,Time,600.000 탎 (1.667 kHz),
168628,8.431 s,Timing,Times,Time,1.650 ms (606.061 Hz),
168661,8.433 s,Timing,Times,Time,550.000 탎 (1.818 kHz),
168672,8.434 s,Timing,Times,Time,550.000 탎 (1.818 kHz),
168683,8.434 s,Timing,Times,Time,600.000 탎 (1.667 kHz),
168695,8.435 s,Timing,Times,Time,1.600 ms (625.000 Hz),
168727,8.436 s,Timing,Times,Time,600.000 탎 (1.667 kHz),
168739,8.437 s,Timing,Times,Time,1.650 ms (606.061 Hz),
168772,8.439 s,Timing,Times,Time,550.000 탎 (1.818 kHz),
168783,8.439 s,Timing,Times,Time,1.650 ms (606.061 Hz),
168816,8.441 s,Timing,Times,Time,176.450 ms (5.667 Hz),
172345,8.617 s,Timing,Times,Time,1.100 ms (909.091 Hz),
172367,8.618 s,Timing,Times,Time,2.550 ms (392.157 Hz),
172418,8.621 s,Timing,Times,Time,600.000 탎 (1.667 kHz),
172430,8.621 s,Timing,Times,Time,550.000 탎 (1.818 kHz),
172441,8.622 s,Timing,Times,Time,550.000 탎 (1.818 kHz),
172452,8.623 s,Timing,Times,Time,550.000 탎 (1.818 kHz),
172463,8.623 s,Timing,Times,Time,550.000 탎 (1.818 kHz),
172474,8.624 s,Timing,Times,Time,550.000 탎 (1.818 kHz),
172485,8.624 s,Timing,Times,Time,1.700 ms (588.235 Hz),
172519,8.626 s,Timing,Times,Time,550.000 탎 (1.818 kHz),
172530,8.627 s,Timing,Times,Time,1.650 ms (606.061 Hz),
172563,8.628 s,Timing,Times,Time,550.000 탎 (1.818 kHz),
172574,8.629 s,Timing,Times,Time,550.000 탎 (1.818 kHz),
172585,8.629 s,Timing,Times,Time,550.000 탎 (1.818 kHz),
172596,8.630 s,Timing,Times,Time,600.000 탎 (1.667 kHz),
172608,8.630 s,Timing,Times,Time,550.000 탎 (1.818 kHz),
172619,8.631 s,Timing,Times,Time,1.650 ms (606.061 Hz),
172652,8.633 s,Timing,Times,Time,550.000 탎 (1.818 kHz),
172663,8.633 s,Timing,Times,Time,1.700 ms (588.235 Hz),
172697,8.635 s,Timing,Times,Time,550.000 탎 (1.818 kHz),
172708,8.635 s,Timing,Times,Time,1.650 ms (606.061 Hz),
172741,8.637 s,Timing,Times,Time,550.000 탎 (1.818 kHz),
172752,8.638 s,Timing,Times,Time,1.650 ms (606.061 Hz),
172785,8.639 s,Timing,Times,Time,550.000 탎 (1.818 kHz),
172796,8.640 s,Timing,Times,Time,600.000 탎 (1.667 kHz),
172808,8.640 s,Timing,Times,Time,550.000 탎 (1.818 kHz),
172819,8.641 s,Timing,Times,Time,550.000 탎 (1.818 kHz),
172830,8.642 s,Timing,Times,Time,550.000 탎 (1.818 kHz),
172841,8.642 s,Timing,Times,Time,1.650 ms (606.061 Hz),
172874,8.644 s,Timing,Times,Time,550.000 탎 (1.818 kHz),
172885,8.644 s,Timing,Times,Time,1.700 ms (588.235 Hz),
172919,8.646 s,Timing,Times,Time,550.000 탎 (1.818 kHz),
172930,8.646 s,Timing,Times,Time,550.000 탎 (1.818 kHz),
172941,8.647 s,Timing,Times,Time,550.000 탎 (1.818 kHz),
172952,8.648 s,Timing,Times,Time,1.650 ms (606.061 Hz),
172985,8.649 s,Timing,Times,Time,550.000 탎 (1.818 kHz),
172996,8.650 s,Timing,Times,Time,550.000 탎 (1.818 kHz),
173007,8.650 s,Timing,Times,Time,600.000 탎 (1.667 kHz),
173019,8.651 s,Timing,Times,Time,1.650 ms (606.061 Hz),
173052,8.653 s,Timing,Times,Time,550.000 탎 (1.818 kHz),
173063,8.653 s,Timing,Times,Time,550.000 탎 (1.818 kHz),
173074,8.654 s,Timing,Times,Time,550.000 탎 (1.818 kHz),
173085,8.654 s,Timing,Times,Time,1.700 ms (588.235 Hz),
173119,8.656 s,Timing,Times,Time,550.000 탎 (1.818 kHz),
173130,8.656 s,Timing,Times,Time,550.000 탎 (1.818 kHz),
173141,8.657 s,Timing,Times,Time,550.000 탎 (1.818 kHz),
173152,8.658 s,Timing,Times,Time,550.000 탎 (1.818 kHz),
173163,8.658 s,Timing,Times,Time,550.000 탎 (1.818 kHz),
173174,8.659 s,Timing,Times,Time,550.000 탎 (1.818 kHz),
173185,8.659 s,Timing,Times,Time,600.000 탎 (1.667 kHz),
173197,8.660 s,Timing,Times,Time,500.000 탎 (2.000 kHz),
173207,8.660 s,Timing,Times,Time,600.000 탎 (1.667 kHz),
173219,8.661 s,Timing,Times,Time,1.650 ms (606.061 Hz),
173252,8.663 s,Timing,Times,Time,550.000 탎 (1.818 kHz),
173263,8.663 s,Timing,Times,Time,550.000 탎 (1.818 kHz),
173274,8.664 s,Timing,Times,Time,600.000 탎 (1.667 kHz),
173286,8.664 s,Timing,Times,Time,1.650 ms (606.061 Hz),
173319,8.666 s,Timing,Times,Time,550.000 탎 (1.818 kHz),
173330,8.666 s,Timing,Times,Time,550.000 탎 (1.818 kHz),
173341,8.667 s,Timing,Times,Time,600.000 탎 (1.667 kHz),
173353,8.668 s,Timing,Times,Time,1.600 ms (625.000 Hz),
173385,8.669 s,Timing,Times,Time,600.000 탎 (1.667 kHz),
173397,8.670 s,Timing,Times,Time,1.650 ms (606.061 Hz),
173430,8.671 s,Timing,Times,Time,550.000 탎 (1.818 kHz),
173441,8.672 s,Timing,Times,Time,1.650 ms (606.061 Hz),
173474,8.674 s,Timing,Times,Time,176.050 ms (5.680 Hz),
176995,8.850 s,Timing,Times,Time,1.150 ms (869.565 Hz),
177018,8.851 s,Timing,Times,Time,2.550 ms (392.157 Hz),
177069,8.853 s,Timing,Times,Time,600.000 탎 (1.667 kHz),
177081,8.854 s,Timing,Times,Time,500.000 탎 (2.000 kHz),
177091,8.855 s,Timing,Times,Time,600.000 탎 (1.667 kHz),
177103,8.855 s,Timing,Times,Time,550.000 탎 (1.818 kHz),
177114,8.856 s,Timing,Times,Time,550.000 탎 (1.818 kHz),
177125,8.856 s,Timing,Times,Time,550.000 탎 (1.818 kHz),
177136,8.857 s,Timing,Times,Time,1.700 ms (588.235 Hz),
177170,8.858 s,Timing,Times,Time,500.000 탎 (2.000 kHz),
177180,8.859 s,Timing,Times,Time,1.700 ms (588.235 Hz),
177214,8.861 s,Timing,Times,Time,550.000 탎 (1.818 kHz),
177225,8.861 s,Timing,Times,Time,550.000 탎 (1.818 kHz),
177236,8.862 s,Timing,Times,Time,550.000 탎 (1.818 kHz),
177247,8.862 s,Timing,Times,Time,550.000 탎 (1.818 kHz),
177258,8.863 s,Timing,Times,Time,550.000 탎 (1.818 kHz),
177269,8.863 s,Timing,Times,Time,1.700 ms (588.235 Hz),
177303,8.865 s,Timing,Times,Time,550.000 탎 (1.818 kHz),
177314,8.866 s,Timing,Times,Time,1.650 ms (606.061 Hz),
177347,8.867 s,Timing,Times,Time,550.000 탎 (1.818 kHz),
177358,8.868 s,Timing,Times,Time,1.700 ms (588.235 Hz),
177392,8.870 s,Timing,Times,Time,550.000 탎 (1.818 kHz),
177403,8.870 s,Timing,Times,Time,1.650 ms (606.061 Hz),
177436,8.872 s,Timing,Times,Time,550.000 탎 (1.818 kHz),
177447,8.872 s,Timing,Times,Time,550.000 탎 (1.818 kHz),
177458,8.873 s,Timing,Times,Time,550.000 탎 (1.818 kHz),
177469,8.873 s,Timing,Times,Time,600.000 탎 (1.667 kHz),
177481,8.874 s,Timing,Times,Time,550.000 탎 (1.818 kHz),
177492,8.875 s,Timing,Times,Time,1.650 ms (606.061 Hz),
177525,8.876 s,Timing,Times,Time,550.000 탎 (1.818 kHz),
177536,8.877 s,Timing,Times,Time,1.650 ms (606.061 Hz),
177569,8.878 s,Timing,Times,Time,550.000 탎 (1.818 kHz),
177580,8.879 s,Timing,Times,Time,600.000 탎 (1.667 kHz),
177592,8.880 s,Timing,Times,Time,550.000 탎 (1.818 kHz),
177603,8.880 s,Timing,Times,Time,1.650 ms (606.061 Hz),
177636,8.882 s,Timing,Times,Time,550.000 탎 (1.818 kHz),
177647,8.882 s,Timing,Times,Time,550.000 탎 (1.818 kHz),
177658,8.883 s,Timing,Times,Time,550.000 탎 (1.818 kHz),
177669,8.883 s,Timing,Times,Time,1.700 ms (588.235 Hz),
177703,8.885 s,Timing,Times,Time,550.000 탎 (1.818 kHz),
177714,8.886 s,Timing,Times,Time,550.000 탎 (1.818 kHz),
177725,8.886 s,Timing,Times,Time,550.000 탎 (1.818 kHz),
177736,8.887 s,Timing,Times,Time,1.650 ms (606.061 Hz),
177769,8.888 s,Timing,Times,Time,600.000 탎 (1.667 kHz),
177781,8.889 s,Timing,Times,Time,550.000 탎 (1.818 kHz),
177792,8.890 s,Timing,Times,Time,550.000 탎 (1.818 kHz),
177803,8.890 s,Timing,Times,Time,550.000 탎 (1.818 kHz),
177814,8.891 s,Timing,Times,Time,550.000 탎 (1.818 kHz),
177825,8.891 s,Timing,Times,Time,550.000 탎 (1.818 kHz),
177836,8.892 s,Timing,Times,Time,550.000 탎 (1.818 kHz),
177847,8.892 s,Timing,Times,Time,600.000 탎 (1.667 kHz),
177859,8.893 s,Timing,Times,Time,550.000 탎 (1.818 kHz),
177870,8.893 s,Timing,Times,Time,1.650 ms (606.061 Hz),
177903,8.895 s,Timing,Times,Time,550.000 탎 (1.818 kHz),
177914,8.896 s,Timing,Times,Time,550.000 탎 (1.818 kHz),
177925,8.896 s,Timing,Times,Time,550.000 탎 (1.818 kHz),
177936,8.897 s,Timing,Times,Time,1.650 ms (606.061 Hz),
177969,8.898 s,Timing,Times,Time,600.000 탎 (1.667 kHz),
177981,8.899 s,Timing,Times,Time,550.000 탎 (1.818 kHz),
177992,8.900 s,Timing,Times,Time,550.000 탎 (1.818 kHz),
178003,8.900 s,Timing,Times,Time,1.650 ms (606.061 Hz),
178036,8.902 s,Timing,Times,Time,600.000 탎 (1.667 kHz),
178048,8.902 s,Timing,Times,Time,1.600 ms (625.000 Hz),
178080,8.904 s,Timing,Times,Time,600.000 탎 (1.667 kHz),
178092,8.905 s,Timing,Times,Time,1.650 ms (606.061 Hz),
178125,8.906 s,Timing,Times,Time,177.100 ms (5.647 Hz),
181667,9.083 s,Timing,Times,Time,1.100 ms (909.091 Hz),
181689,9.084 s,Timing,Times,Time,2.600 ms (384.615 Hz),
181741,9.087 s,Timing,Times,Time,550.000 탎 (1.818 kHz),
181752,9.088 s,Timing,Times,Time,550.000 탎 (1.818 kHz),
181763,9.088 s,Timing,Times,Time,600.000 탎 (1.667 kHz),
181775,9.089 s,Timing,Times,Time,500.000 탎 (2.000 kHz),
181785,9.089 s,Timing,Times,Time,600.000 탎 (1.667 kHz),
181797,9.090 s,Timing,Times,Time,550.000 탎 (1.818 kHz),
181808,9.090 s,Timing,Times,Time,1.650 ms (606.061 Hz),
181841,9.092 s,Timing,Times,Time,550.000 탎 (1.818 kHz),
181852,9.093 s,Timing,Times,Time,1.700 ms (588.235 Hz),
181886,9.094 s,Timing,Times,Time,550.000 탎 (1.818 kHz),
181897,9.095 s,Timing,Times,Time,550.000 탎 (1.818 kHz),
181908,9.095 s,Timing,Times,Time,550.000 탎 (1.818 kHz),
181919,9.096 s,Timing,Times,Time,550.000 탎 (1.818 kHz),
181930,9.097 s,Timing,Times,Time,550.000 탎 (1.818 kHz),
181941,9.097 s,Timing,Times,Time,1.700 ms (588.235 Hz),
181975,9.099 s,Timing,Times,Time,550.000 탎 (1.818 kHz),
181986,9.099 s,Timing,Times,Time,1.650 ms (606.061 Hz),
182019,9.101 s,Timing,Times,Time,550.000 탎 (1.818 kHz),
182030,9.101 s,Timing,Times,Time,1.650 ms (606.061 Hz),
182063,9.103 s,Timing,Times,Time,550.000 탎 (1.818 kHz),
182074,9.104 s,Timing,Times,Time,1.700 ms (588.235 Hz),
182108,9.105 s,Timing,Times,Time,550.000 탎 (1.818 kHz),
182119,9.106 s,Timing,Times,Time,550.000 탎 (1.818 kHz),
182130,9.107 s,Timing,Times,Time,550.000 탎 (1.818 kHz),
182141,9.107 s,Timing,Times,Time,550.000 탎 (1.818 kHz),
182152,9.108 s,Timing,Times,Time,550.000 탎 (1.818 kHz),
182163,9.108 s,Timing,Times,Time,1.700 ms (588.235 Hz),
182197,9.110 s,Timing,Times,Time,550.000 탎 (1.818 kHz),
182208,9.110 s,Timing,Times,Time,1.650 ms (606.061 Hz),
182241,9.112 s,Timing,Times,Time,550.000 탎 (1.818 kHz),
182252,9.113 s,Timing,Times,Time,600.000 탎 (1.667 kHz),
182264,9.113 s,Timing,Times,Time,550.000 탎 (1.818 kHz),
182275,9.114 s,Timing,Times,Time,1.650 ms (606.061 Hz),
182308,9.115 s,Timing,Times,Time,550.000 탎 (1.818 kHz),
182319,9.116 s,Timing,Times,Time,550.000 탎 (1.818 kHz),
182330,9.117 s,Timing,Times,Time,550.000 탎 (1.818 kHz),
182341,9.117 s,Timing,Times,Time,1.700 ms (588.235 Hz),
182375,9.119 s,Timing,Times,Time,550.000 탎 (1.818 kHz),
182386,9.119 s,Timing,Times,Time,550.000 탎 (1.818 kHz),
182397,9.120 s,Timing,Times,Time,550.000 탎 (1.818 kHz),
182408,9.120 s,Timing,Times,Time,1.650 ms (606.061 Hz),
182441,9.122 s,Timing,Times,Time,550.000 탎 (1.818 kHz),
182452,9.123 s,Timing,Times,Time,600.000 탎 (1.667 kHz),
182464,9.123 s,Timing,Times,Time,550.000 탎 (1.818 kHz),
182475,9.124 s,Timing,Times,Time,550.000 탎 (1.818 kHz),
182486,9.124 s,Timing,Times,Time,550.000 탎 (1.818 kHz),
182497,9.125 s,Timing,Times,Time,550.000 탎 (1.818 kHz),
182508,9.125 s,Timing,Times,Time,550.000 탎 (1.818 kHz),
182519,9.126 s,Timing,Times,Time,550.000 탎 (1.818 kHz),
182530,9.127 s,Timing,Times,Time,600.000 탎 (1.667 kHz),
182542,9.127 s,Timing,Times,Time,1.650 ms (606.061 Hz),
182575,9.129 s,Timing,Times,Time,550.000 탎 (1.818 kHz),
182586,9.129 s,Timing,Times,Time,550.000 탎 (1.818 kHz),
182597,9.130 s,Timing,Times,Time,550.000 탎 (1.818 kHz),
182608,9.130 s,Timing,Times,Time,1.700 ms (588.235 Hz),
182642,9.132 s,Timing,Times,Time,550.000 탎 (1.818 kHz),
182653,9.133 s,Timing,Times,Time,550.000 탎 (1.818 kHz),
182664,9.133 s,Timing,Times,Time,550.000 탎 (1.818 kHz),
182675,9.134 s,Timing,Times,Time,1.650 ms (606.061 Hz),
182708,9.135 s,Timing,Times,Time,550.000 탎 (1.818 kHz),
182719,9.136 s,Timing,Times,Time,1.700 ms (588.235 Hz),
182753,9.138 s,Timing,Times,Time,550.000 탎 (1.818 kHz),
182764,9.138 s,Timing,Times,Time,1.650 ms (606.061 Hz),
182797,9.140 s,Timing,Times,Time,175.650 ms (5.693 Hz),
186310,9.316 s,Timing,Times,Time,1.150 ms (869.565 Hz),
186333,9.317 s,Timing,Times,Time,2.550 ms (392.157 Hz),
186384,9.319 s,Timing,Times,Time,600.000 탎 (1.667 kHz),
186396,9.320 s,Timing,Times,Time,550.000 탎 (1.818 kHz),
186407,9.320 s,Timing,Times,Time,550.000 탎 (1.818 kHz),
186418,9.321 s,Timing,Times,Time,550.000 탎 (1.818 kHz),
186429,9.321 s,Timing,Times,Time,550.000 탎 (1.818 kHz),
186440,9.322 s,Timing,Times,Time,550.000 탎 (1.818 kHz),
186451,9.323 s,Timing,Times,Time,1.700 ms (588.235 Hz),
186485,9.324 s,Timing,Times,Time,550.000 탎 (1.818 kHz),
186496,9.325 s,Timing,Times,Time,1.650 ms (606.061 Hz),
186529,9.326 s,Timing,Times,Time,550.000 탎 (1.818 kHz),
186540,9.327 s,Timing,Times,Time,550.000 탎 (1.818 kHz),
186551,9.328 s,Timing,Times,Time,550.000 탎 (1.818 kHz),
186562,9.328 s,Timing,Times,Time,600.000 탎 (1.667 kHz),
186574,9.329 s,Timing,Times,Time,550.000 탎 (1.818 kHz),
186585,9.329 s,Timing,Times,Time,1.650 ms (606.061 Hz),
186618,9.331 s,Timing,Times,Time,550.000 탎 (1.818 kHz),
186629,9.331 s,Timing,Times,Time,1.650 ms (606.061 Hz),
186662,9.333 s,Timing,Times,Time,550.000 탎 (1.818 kHz),
186673,9.334 s,Timing,Times,Time,1.700 ms (588.235 Hz),
186707,9.335 s,Timing,Times,Time,550.000 탎 (1.818 kHz),
186718,9.336 s,Timing,Times,Time,1.650 ms (606.061 Hz),
186751,9.338 s,Timing,Times,Time,550.000 탎 (1.818 kHz),
186762,9.338 s,Timing,Times,Time,600.000 탎 (1.667 kHz),
186774,9.339 s,Timing,Times,Time,500.000 탎 (2.000 kHz),
186784,9.339 s,Timing,Times,Time,600.000 탎 (1.667 kHz),
186796,9.340 s,Timing,Times,Time,550.000 탎 (1.818 kHz),
186807,9.340 s,Timing,Times,Time,1.650 ms (606.061 Hz),
186840,9.342 s,Timing,Times,Time,550.000 탎 (1.818 kHz),
186851,9.343 s,Timing,Times,Time,1.700 ms (588.235 Hz),
186885,9.344 s,Timing,Times,Time,550.000 탎 (1.818 kHz),
186896,9.345 s,Timing,Times,Time,550.000 탎 (1.818 kHz),
186907,9.345 s,Timing,Times,Time,550.000 탎 (1.818 kHz),
186918,9.346 s,Timing,Times,Time,1.650 ms (606.061 Hz),
186951,9.348 s,Timing,Times,Time,550.000 탎 (1.818 kHz),
186962,9.348 s,Timing,Times,Time,600.000 탎 (1.667 kHz),
186974,9.349 s,Timing,Times,Time,550.000 탎 (1.818 kHz),
186985,9.349 s,Timing,Times,Time,1.650 ms (606.061 Hz),
187018,9.351 s,Timing,Times,Time,550.000 탎 (1.818 kHz),
187029,9.351 s,Timing,Times,Time,550.000 탎 (1.818 kHz),
187040,9.352 s,Timing,Times,Time,550.000 탎 (1.818 kHz),
187051,9.353 s,Timing,Times,Time,1.700 ms (588.235 Hz),
187085,9.354 s,Timing,Times,Time,550.000 탎 (1.818 kHz),
187096,9.355 s,Timing,Times,Time,550.000 탎 (1.818 kHz),
187107,9.355 s,Timing,Times,Time,550.000 탎 (1.818 kHz),
187118,9.356 s,Timing,Times,Time,550.000 탎 (1.818 kHz),
187129,9.356 s,Timing,Times,Time,550.000 탎 (1.818 kHz),
187140,9.357 s,Timing,Times,Time,600.000 탎 (1.667 kHz),
187152,9.358 s,Timing,Times,Time,550.000 탎 (1.818 kHz),
187163,9.358 s,Timing,Times,Time,550.000 탎 (1.818 kHz),
187174,9.359 s,Timing,Times,Time,550.000 탎 (1.818 kHz),
187185,9.359 s,Timing,Times,Time,1.650 ms (606.061 Hz),
187218,9.361 s,Timing,Times,Time,550.000 탎 (1.818 kHz),
187229,9.361 s,Timing,Times,Time,600.000 탎 (1.667 kHz),
187241,9.362 s,Timing,Times,Time,550.000 탎 (1.818 kHz),
187252,9.363 s,Timing,Times,Time,1.650 ms (606.061 Hz),
187285,9.364 s,Timing,Times,Time,550.000 탎 (1.818 kHz),
187296,9.365 s,Timing,Times,Time,550.000 탎 (1.818 kHz),
187307,9.365 s,Timing,Times,Time,550.000 탎 (1.818 kHz),
187318,9.366 s,Timing,Times,Time,1.700 ms (588.235 Hz),
187352,9.368 s,Timing,Times,Time,550.000 탎 (1.818 kHz),
187363,9.368 s,Timing,Times,Time,1.650 ms (606.061 Hz),
187396,9.370 s,Timing,Times,Time,550.000 탎 (1.818 kHz),
187407,9.370 s,Timing,Times,Time,1.650 ms (606.061 Hz),
187440,9.372 s,Timing,Times,Time,187.950 ms (5.321 Hz),
191199,9.560 s,Timing,Times,Time,1.100 ms (909.091 Hz),
191221,9.561 s,Timing,Times,Time,2.600 ms (384.615 Hz),
191273,9.564 s,Timing,Times,Time,550.000 탎 (1.818 kHz),
191284,9.564 s,Timing,Times,Time,550.000 탎 (1.818 kHz),
191295,9.565 s,Timing,Times,Time,600.000 탎 (1.667 kHz),
191307,9.565 s,Timing,Times,Time,500.000 탎 (2.000 kHz),
191317,9.566 s,Timing,Times,Time,600.000 탎 (1.667 kHz),
191329,9.566 s,Timing,Times,Time,550.000 탎 (1.818 kHz),
191340,9.567 s,Timing,Times,Time,1.650 ms (606.061 Hz),
191373,9.569 s,Timing,Times,Time,550.000 탎 (1.818 kHz),
191384,9.569 s,Timing,Times,Time,1.700 ms (588.235 Hz),
191418,9.571 s,Timing,Times,Time,550.000 탎 (1.818 kHz),
191429,9.571 s,Timing,Times,Time,550.000 탎 (1.818 kHz),
191440,9.572 s,Timing,Times,Time,550.000 탎 (1.818 kHz),
191451,9.573 s,Timing,Times,Time,550.000 탎 (1.818 kHz),
191462,9.573 s,Timing,Times,Time,550.000 탎 (1.818 kHz),
191473,9.574 s,Timing,Times,Time,1.700 ms (588.235 Hz),
191507,9.575 s,Timing,Times,Time,550.000 탎 (1.818 kHz),
191518,9.576 s,Timing,Times,Time,1.650 ms (606.061 Hz),
191551,9.578 s,Timing,Times,Time,550.000 탎 (1.818 kHz),
191562,9.578 s,Timing,Times,Time,1.700 ms (588.235 Hz),
191596,9.580 s,Timing,Times,Time,500.000 탎 (2.000 kHz),
191606,9.580 s,Timing,Times,Time,1.700 ms (588.235 Hz),
191640,9.582 s,Timing,Times,Time,550.000 탎 (1.818 kHz),
191651,9.583 s,Timing,Times,Time,550.000 탎 (1.818 kHz),
191662,9.583 s,Timing,Times,Time,550.000 탎 (1.818 kHz),
191673,9.584 s,Timing,Times,Time,600.000 탎 (1.667 kHz),
191685,9.584 s,Timing,Times,Time,500.000 탎 (2.000 kHz),
191695,9.585 s,Timing,Times,Time,1.700 ms (588.235 Hz),
191729,9.586 s,Timing,Times,Time,550.000 탎 (1.818 kHz),
191740,9.587 s,Timing,Times,Time,1.650 ms (606.061 Hz),
191773,9.589 s,Timing,Times,Time,550.000 탎 (1.818 kHz),
191784,9.589 s,Timing,Times,Time,600.000 탎 (1.667 kHz),
191796,9.590 s,Timing,Times,Time,550.000 탎 (1.818 kHz),
191807,9.590 s,Timing,Times,Time,1.650 ms (606.061 Hz),
191840,9.592 s,Timing,Times,Time,550.000 탎 (1.818 kHz),
191851,9.593 s,Timing,Times,Time,550.000 탎 (1.818 kHz),
191862,9.593 s,Timing,Times,Time,550.000 탎 (1.818 kHz),
191873,9.594 s,Timing,Times,Time,1.700 ms (588.235 Hz),
191907,9.595 s,Timing,Times,Time,550.000 탎 (1.818 kHz),
191918,9.596 s,Timing,Times,Time,550.000 탎 (1.818 kHz),
191929,9.596 s,Timing,Times,Time,550.000 탎 (1.818 kHz),
191940,9.597 s,Timing,Times,Time,1.650 ms (606.061 Hz),
191973,9.599 s,Timing,Times,Time,550.000 탎 (1.818 kHz),
191984,9.599 s,Timing,Times,Time,600.000 탎 (1.667 kHz),
191996,9.600 s,Timing,Times,Time,550.000 탎 (1.818 kHz),
192007,9.600 s,Timing,Times,Time,550.000 탎 (1.818 kHz),
192018,9.601 s,Timing,Times,Time,550.000 탎 (1.818 kHz),
192029,9.601 s,Timing,Times,Time,550.000 탎 (1.818 kHz),
192040,9.602 s,Timing,Times,Time,550.000 탎 (1.818 kHz),
192051,9.603 s,Timing,Times,Time,600.000 탎 (1.667 kHz),
192063,9.603 s,Timing,Times,Time,550.000 탎 (1.818 kHz),
192074,9.604 s,Timing,Times,Time,1.650 ms (606.061 Hz),
192107,9.605 s,Timing,Times,Time,550.000 탎 (1.818 kHz),
192118,9.606 s,Timing,Times,Time,550.000 탎 (1.818 kHz),
192129,9.606 s,Timing,Times,Time,550.000 탎 (1.818 kHz),
192140,9.607 s,Timing,Times,Time,1.700 ms (588.235 Hz),
192174,9.609 s,Timing,Times,Time,550.000 탎 (1.818 kHz),
192185,9.609 s,Timing,Times,Time,550.000 탎 (1.818 kHz),
192196,9.610 s,Timing,Times,Time,550.000 탎 (1.818 kHz),
192207,9.610 s,Timing,Times,Time,1.650 ms (606.061 Hz),
192240,9.612 s,Timing,Times,Time,550.000 탎 (1.818 kHz),
192251,9.613 s,Timing,Times,Time,1.700 ms (588.235 Hz),
192285,9.614 s,Timing,Times,Time,550.000 탎 (1.818 kHz),
192296,9.615 s,Timing,Times,Time,1.650 ms (606.061 Hz),
192329,9.616 s,Timing,Times,Time,176.050 ms (5.680 Hz),
195850,9.793 s,Timing,Times,Time,1.100 ms (909.091 Hz),
195872,9.794 s,Timing,Times,Time,2.550 ms (392.157 Hz),
195923,9.796 s,Timing,Times,Time,600.000 탎 (1.667 kHz),
195935,9.797 s,Timing,Times,Time,550.000 탎 (1.818 kHz),
195946,9.797 s,Timing,Times,Time,550.000 탎 (1.818 kHz),
195957,9.798 s,Timing,Times,Time,550.000 탎 (1.818 kHz),
195968,9.798 s,Timing,Times,Time,550.000 탎 (1.818 kHz),
195979,9.799 s,Timing,Times,Time,550.000 탎 (1.818 kHz),
195990,9.800 s,Timing,Times,Time,1.700 ms (588.235 Hz),
196024,9.801 s,Timing,Times,Time,550.000 탎 (1.818 kHz),
196035,9.802 s,Timing,Times,Time,1.650 ms (606.061 Hz),
196068,9.803 s,Timing,Times,Time,550.000 탎 (1.818 kHz),
196079,9.804 s,Timing,Times,Time,600.000 탎 (1.667 kHz),
196091,9.805 s,Timing,Times,Time,500.000 탎 (2.000 kHz),
196101,9.805 s,Timing,Times,Time,600.000 탎 (1.667 kHz),
196113,9.806 s,Timing,Times,Time,550.000 탎 (1.818 kHz),
196124,9.806 s,Timing,Times,Time,1.650 ms (606.061 Hz),
196157,9.808 s,Timing,Times,Time,550.000 탎 (1.818 kHz),
196168,9.808 s,Timing,Times,Time,1.700 ms (588.235 Hz),
196202,9.810 s,Timing,Times,Time,550.000 탎 (1.818 kHz),
196213,9.811 s,Timing,Times,Time,1.650 ms (606.061 Hz),
196246,9.812 s,Timing,Times,Time,550.000 탎 (1.818 kHz),
196257,9.813 s,Timing,Times,Time,1.700 ms (588.235 Hz),
196291,9.815 s,Timing,Times,Time,500.000 탎 (2.000 kHz),
196301,9.815 s,Timing,Times,Time,600.000 탎 (1.667 kHz),
196313,9.816 s,Timing,Times,Time,550.000 탎 (1.818 kHz),
196324,9.816 s,Timing,Times,Time,550.000 탎 (1.818 kHz),
196335,9.817 s,Timing,Times,Time,550.000 탎 (1.818 kHz),
196346,9.817 s,Timing,Times,Time,1.700 ms (588.235 Hz),
196380,9.819 s,Timing,Times,Time,500.000 탎 (2.000 kHz),
196390,9.819 s,Timing,Times,Time,1.700 ms (588.235 Hz),
196424,9.821 s,Timing,Times,Time,550.000 탎 (1.818 kHz),
196435,9.822 s,Timing,Times,Time,550.000 탎 (1.818 kHz),
196446,9.822 s,Timing,Times,Time,550.000 탎 (1.818 kHz),
196457,9.823 s,Timing,Times,Time,1.700 ms (588.235 Hz),
196491,9.825 s,Timing,Times,Time,500.000 탎 (2.000 kHz),
196501,9.825 s,Timing,Times,Time,600.000 탎 (1.667 kHz),
196513,9.826 s,Timing,Times,Time,550.000 탎 (1.818 kHz),
196524,9.826 s,Timing,Times,Time,1.650 ms (606.061 Hz),
196557,9.828 s,Timing,Times,Time,550.000 탎 (1.818 kHz),
196568,9.828 s,Timing,Times,Time,600.000 탎 (1.667 kHz),
196580,9.829 s,Timing,Times,Time,500.000 탎 (2.000 kHz),
196590,9.829 s,Timing,Times,Time,1.700 ms (588.235 Hz),
196624,9.831 s,Timing,Times,Time,550.000 탎 (1.818 kHz),
196635,9.832 s,Timing,Times,Time,550.000 탎 (1.818 kHz),
196646,9.832 s,Timing,Times,Time,550.000 탎 (1.818 kHz),
196657,9.833 s,Timing,Times,Time,600.000 탎 (1.667 kHz),
196669,9.833 s,Timing,Times,Time,550.000 탎 (1.818 kHz),
196680,9.834 s,Timing,Times,Time,550.000 탎 (1.818 kHz),
196691,9.835 s,Timing,Times,Time,550.000 탎 (1.818 kHz),
196702,9.835 s,Timing,Times,Time,550.000 탎 (1.818 kHz),
196713,9.836 s,Timing,Times,Time,550.000 탎 (1.818 kHz),
196724,9.836 s,Timing,Times,Time,1.700 ms (588.235 Hz),
196758,9.838 s,Timing,Times,Time,550.000 탎 (1.818 kHz),
196769,9.838 s,Timing,Times,Time,550.000 탎 (1.818 kHz),
196780,9.839 s,Timing,Times,Time,550.000 탎 (1.818 kHz),
196791,9.840 s,Timing,Times,Time,1.650 ms (606.061 Hz),
196824,9.841 s,Timing,Times,Time,550.000 탎 (1.818 kHz),
196835,9.842 s,Timing,Times,Time,600.000 탎 (1.667 kHz),
196847,9.842 s,Timing,Times,Time,550.000 탎 (1.818 kHz),
196858,9.843 s,Timing,Times,Time,1.650 ms (606.061 Hz),
196891,9.845 s,Timing,Times,Time,550.000 탎 (1.818 kHz),
196902,9.845 s,Timing,Times,Time,1.650 ms (606.061 Hz),
196935,9.847 s,Timing,Times,Time,550.000 탎 (1.818 kHz),
196946,9.847 s,Timing,Times,Time,1.700 ms (588.235 Hz),
196980,9.849 s,Timing,Times,Time,177.450 ms (5.635 Hz),
200529,10.026 s,Timing,Times,Time,1.100 ms (909.091 Hz),
200551,10.028 s,Timing,Times,Time,2.600 ms (384.615 Hz),
200603,10.030 s,Timing,Times,Time,550.000 탎 (1.818 kHz),
200614,10.031 s,Timing,Times,Time,550.000 탎 (1.818 kHz),
200625,10.031 s,Timing,Times,Time,550.000 탎 (1.818 kHz),
200636,10.032 s,Timing,Times,Time,550.000 탎 (1.818 kHz),
200647,10.032 s,Timing,Times,Time,600.000 탎 (1.667 kHz),
200659,10.033 s,Timing,Times,Time,550.000 탎 (1.818 kHz),
200670,10.034 s,Timing,Times,Time,1.650 ms (606.061 Hz),
200703,10.035 s,Timing,Times,Time,550.000 탎 (1.818 kHz),
200714,10.036 s,Timing,Times,Time,1.700 ms (588.235 Hz),
200748,10.037 s,Timing,Times,Time,500.000 탎 (2.000 kHz),
200758,10.038 s,Timing,Times,Time,550.000 탎 (1.818 kHz),
200769,10.038 s,Timing,Times,Time,600.000 탎 (1.667 kHz),
200781,10.039 s,Timing,Times,Time,550.000 탎 (1.818 kHz),
200792,10.040 s,Timing,Times,Time,550.000 탎 (1.818 kHz),
200803,10.040 s,Timing,Times,Time,1.700 ms (588.235 Hz),
200837,10.042 s,Timing,Times,Time,500.000 탎 (2.000 kHz),
200847,10.042 s,Timing,Times,Time,1.700 ms (588.235 Hz),
200881,10.044 s,Timing,Times,Time,550.000 탎 (1.818 kHz),
200892,10.045 s,Timing,Times,Time,1.650 ms (606.061 Hz),
200925,10.046 s,Timing,Times,Time,550.000 탎 (1.818 kHz),
200936,10.047 s,Timing,Times,Time,1.700 ms (588.235 Hz),
200970,10.049 s,Timing,Times,Time,550.000 탎 (1.818 kHz),
200981,10.049 s,Timing,Times,Time,550.000 탎 (1.818 kHz),
200992,10.050 s,Timing,Times,Time,550.000 탎 (1.818 kHz),
201003,10.050 s,Timing,Times,Time,550.000 탎 (1.818 kHz),
201014,10.051 s,Timing,Times,Time,550.000 탎 (1.818 kHz),
201025,10.051 s,Timing,Times,Time,1.700 ms (588.235 Hz),
201059,10.053 s,Timing,Times,Time,550.000 탎 (1.818 kHz),
201070,10.053 s,Timing,Times,Time,1.650 ms (606.061 Hz),
201103,10.055 s,Timing,Times,Time,550.000 탎 (1.818 kHz),
201114,10.056 s,Timing,Times,Time,550.000 탎 (1.818 kHz),
201125,10.056 s,Timing,Times,Time,550.000 탎 (1.818 kHz),
201136,10.057 s,Timing,Times,Time,1.700 ms (588.235 Hz),
201170,10.059 s,Timing,Times,Time,550.000 탎 (1.818 kHz),
201181,10.059 s,Timing,Times,Time,550.000 탎 (1.818 kHz),
201192,10.060 s,Timing,Times,Time,550.000 탎 (1.818 kHz),
201203,10.060 s,Timing,Times,Time,1.700 ms (588.235 Hz),
201237,10.062 s,Timing,Times,Time,500.000 탎 (2.000 kHz),
201247,10.062 s,Timing,Times,Time,600.000 탎 (1.667 kHz),
201259,10.063 s,Timing,Times,Time,550.000 탎 (1.818 kHz),
201270,10.063 s,Timing,Times,Time,1.650 ms (606.061 Hz),
201303,10.065 s,Timing,Times,Time,550.000 탎 (1.818 kHz),
201314,10.066 s,Timing,Times,Time,600.000 탎 (1.667 kHz),
201326,10.066 s,Timing,Times,Time,500.000 탎 (2.000 kHz),
201336,10.067 s,Timing,Times,Time,600.000 탎 (1.667 kHz),
201348,10.067 s,Timing,Times,Time,550.000 탎 (1.818 kHz),
201359,10.068 s,Timing,Times,Time,550.000 탎 (1.818 kHz),
201370,10.069 s,Timing,Times,Time,550.000 탎 (1.818 kHz),
201381,10.069 s,Timing,Times,Time,550.000 탎 (1.818 kHz),
201392,10.070 s,Timing,Times,Time,550.000 탎 (1.818 kHz),
201403,10.070 s,Timing,Times,Time,1.700 ms (588.235 Hz),
201437,10.072 s,Timing,Times,Time,550.000 탎 (1.818 kHz),
201448,10.072 s,Timing,Times,Time,550.000 탎 (1.818 kHz),
201459,10.073 s,Timing,Times,Time,550.000 탎 (1.818 kHz),
201470,10.073 s,Timing,Times,Time,1.700 ms (588.235 Hz),
201504,10.075 s,Timing,Times,Time,500.000 탎 (2.000 kHz),
201514,10.076 s,Timing,Times,Time,600.000 탎 (1.667 kHz),
201526,10.076 s,Timing,Times,Time,550.000 탎 (1.818 kHz),
201537,10.077 s,Timing,Times,Time,1.650 ms (606.061 Hz),
201570,10.079 s,Timing,Times,Time,550.000 탎 (1.818 kHz),
201581,10.079 s,Timing,Times,Time,1.700 ms (588.235 Hz),
201615,10.081 s,Timing,Times,Time,550.000 탎 (1.818 kHz),
201626,10.081 s,Timing,Times,Time,1.650 ms (606.061 Hz),
201659,10.083 s,Timing,Times,Time,176.850 ms (5.655 Hz),
205196,10.260 s,Timing,Times,Time,1.100 ms (909.091 Hz),
205218,10.261 s,Timing,Times,Time,2.600 ms (384.615 Hz),
205270,10.264 s,Timing,Times,Time,550.000 탎 (1.818 kHz),
205281,10.264 s,Timing,Times,Time,550.000 탎 (1.818 kHz),
205292,10.265 s,Timing,Times,Time,550.000 탎 (1.818 kHz),
205303,10.265 s,Timing,Times,Time,550.000 탎 (1.818 kHz),
205314,10.266 s,Timing,Times,Time,550.000 탎 (1.818 kHz),
205325,10.266 s,Timing,Times,Time,550.000 탎 (1.818 kHz),
205336,10.267 s,Timing,Times,Time,1.700 ms (588.235 Hz),
205370,10.268 s,Timing,Times,Time,550.000 탎 (1.818 kHz),
205381,10.269 s,Timing,Times,Time,1.650 ms (606.061 Hz),
205414,10.271 s,Timing,Times,Time,550.000 탎 (1.818 kHz),
205425,10.271 s,Timing,Times,Time,550.000 탎 (1.818 kHz),
205436,10.272 s,Timing,Times,Time,600.000 탎 (1.667 kHz),
205448,10.272 s,Timing,Times,Time,550.000 탎 (1.818 kHz),
205459,10.273 s,Timing,Times,Time,550.000 탎 (1.818 kHz),
205470,10.274 s,Timing,Times,Time,1.650 ms (606.061 Hz),
205503,10.275 s,Timing,Times,Time,550.000 탎 (1.818 kHz),
205514,10.276 s,Timing,Times,Time,1.650 ms (606.061 Hz),
205547,10.277 s,Timing,Times,Time,600.000 탎 (1.667 kHz),
205559,10.278 s,Timing,Times,Time,1.650 ms (606.061 Hz),
205592,10.280 s,Timing,Times,Time,550.000 탎 (1.818 kHz),
205603,10.280 s,Timing,Times,Time,1.700 ms (588.235 Hz),
205637,10.282 s,Timing,Times,Time,550.000 탎 (1.818 kHz),
205648,10.282 s,Timing,Times,Time,550.000 탎 (1.818 kHz),
205659,10.283 s,Timing,Times,Time,550.000 탎 (1.818 kHz),
205670,10.284 s,Timing,Times,Time,550.000 탎 (1.818 kHz),
205681,10.284 s,Timing,Times,Time,550.000 탎 (1.818 kHz),
205692,10.285 s,Timing,Times,Time,1.700 ms (588.235 Hz),
205726,10.286 s,Timing,Times,Time,550.000 탎 (1.818 kHz),
205737,10.287 s,Timing,Times,Time,1.650 ms (606.061 Hz),
205770,10.289 s,Timing,Times,Time,550.000 탎 (1.818 kHz),
205781,10.289 s,Timing,Times,Time,550.000 탎 (1.818 kHz),
205792,10.290 s,Timing,Times,Time,550.000 탎 (1.818 kHz),
205803,10.290 s,Timing,Times,Time,1.700 ms (588.235 Hz),
205837,10.292 s,Timing,Times,Time,550.000 탎 (1.818 kHz),
205848,10.292 s,Timing,Times,Time,550.000 탎 (1.818 kHz),
205859,10.293 s,Timing,Times,Time,550.000 탎 (1.818 kHz),
205870,10.293 s,Timing,Times,Time,1.650 ms (606.061 Hz),
205903,10.295 s,Timing,Times,Time,550.000 탎 (1.818 kHz),
205914,10.296 s,Timing,Times,Time,600.000 탎 (1.667 kHz),
205926,10.296 s,Timing,Times,Time,550.000 탎 (1.818 kHz),
205937,10.297 s,Timing,Times,Time,1.650 ms (606.061 Hz),
205970,10.299 s,Timing,Times,Time,550.000 탎 (1.818 kHz),
205981,10.299 s,Timing,Times,Time,550.000 탎 (1.818 kHz),
205992,10.300 s,Timing,Times,Time,550.000 탎 (1.818 kHz),
206003,10.300 s,Timing,Times,Time,600.000 탎 (1.667 kHz),
206015,10.301 s,Timing,Times,Time,550.000 탎 (1.818 kHz),
206026,10.301 s,Timing,Times,Time,550.000 탎 (1.818 kHz),
206037,10.302 s,Timing,Times,Time,550.000 탎 (1.818 kHz),
206048,10.302 s,Timing,Times,Time,550.000 탎 (1.818 kHz),
206059,10.303 s,Timing,Times,Time,550.000 탎 (1.818 kHz),
206070,10.303 s,Timing,Times,Time,1.700 ms (588.235 Hz),
206104,10.305 s,Timing,Times,Time,550.000 탎 (1.818 kHz),
206115,10.306 s,Timing,Times,Time,550.000 탎 (1.818 kHz),
206126,10.306 s,Timing,Times,Time,550.000 탎 (1.818 kHz),
206137,10.307 s,Timing,Times,Time,1.700 ms (588.235 Hz),
206171,10.309 s,Timing,Times,Time,500.000 탎 (2.000 kHz),
206181,10.309 s,Timing,Times,Time,600.000 탎 (1.667 kHz),
206193,10.310 s,Timing,Times,Time,550.000 탎 (1.818 kHz),
206204,10.310 s,Timing,Times,Time,1.650 ms (606.061 Hz),
206237,10.312 s,Timing,Times,Time,550.000 탎 (1.818 kHz),
206248,10.312 s,Timing,Times,Time,1.700 ms (588.235 Hz),
206282,10.314 s,Timing,Times,Time,500.000 탎 (2.000 kHz),
206292,10.315 s,Timing,Times,Time,1.700 ms (588.235 Hz),
206326,10.316 s,Timing,Times,Time,177.050 ms (5.648 Hz),
209867,10.493 s,Timing,Times,Time,1.100 ms (909.091 Hz),
209889,10.494 s,Timing,Times,Time,2.600 ms (384.615 Hz),
209941,10.497 s,Timing,Times,Time,550.000 탎 (1.818 kHz),
209952,10.498 s,Timing,Times,Time,550.000 탎 (1.818 kHz),
209963,10.498 s,Timing,Times,Time,550.000 탎 (1.818 kHz),
209974,10.499 s,Timing,Times,Time,600.000 탎 (1.667 kHz),
209986,10.499 s,Timing,Times,Time,500.000 탎 (2.000 kHz),
209996,10.500 s,Timing,Times,Time,600.000 탎 (1.667 kHz),
210008,10.500 s,Timing,Times,Time,1.650 ms (606.061 Hz),
210041,10.502 s,Timing,Times,Time,550.000 탎 (1.818 kHz),
210052,10.503 s,Timing,Times,Time,1.650 ms (606.061 Hz),
210085,10.504 s,Timing,Times,Time,600.000 탎 (1.667 kHz),
210097,10.505 s,Timing,Times,Time,550.000 탎 (1.818 kHz),
210108,10.505 s,Timing,Times,Time,550.000 탎 (1.818 kHz),
210119,10.506 s,Timing,Times,Time,550.000 탎 (1.818 kHz),
210130,10.507 s,Timing,Times,Time,550.000 탎 (1.818 kHz),
210141,10.507 s,Timing,Times,Time,1.650 ms (606.061 Hz),
210174,10.509 s,Timing,Times,Time,600.000 탎 (1.667 kHz),
210186,10.509 s,Timing,Times,Time,1.650 ms (606.061 Hz),
210219,10.511 s,Timing,Times,Time,550.000 탎 (1.818 kHz),
210230,10.511 s,Timing,Times,Time,1.700 ms (588.235 Hz),
210264,10.513 s,Timing,Times,Time,550.000 탎 (1.818 kHz),
210275,10.514 s,Timing,Times,Time,1.600 ms (625.000 Hz),
210307,10.515 s,Timing,Times,Time,600.000 탎 (1.667 kHz),
210319,10.516 s,Timing,Times,Time,550.000 탎 (1.818 kHz),
210330,10.517 s,Timing,Times,Time,550.000 탎 (1.818 kHz),
210341,10.517 s,Timing,Times,Time,550.000 탎 (1.818 kHz),
210352,10.518 s,Timing,Times,Time,600.000 탎 (1.667 kHz),
210364,10.518 s,Timing,Times,Time,1.650 ms (606.061 Hz),
210397,10.520 s,Timing,Times,Time,550.000 탎 (1.818 kHz),
210408,10.520 s,Timing,Times,Time,1.650 ms (606.061 Hz),
210441,10.522 s,Timing,Times,Time,550.000 탎 (1.818 kHz),
210452,10.523 s,Timing,Times,Time,550.000 탎 (1.818 kHz),
210463,10.523 s,Timing,Times,Time,600.000 탎 (1.667 kHz),
210475,10.524 s,Timing,Times,Time,1.650 ms (606.061 Hz),
210508,10.525 s,Timing,Times,Time,550.000 탎 (1.818 kHz),
210519,10.526 s,Timing,Times,Time,550.000 탎 (1.818 kHz),
210530,10.527 s,Timing,Times,Time,550.000 탎 (1.818 kHz),
210541,10.527 s,Timing,Times,Time,1.700 ms (588.235 Hz),
210575,10.529 s,Timing,Times,Time,550.000 탎 (1.818 kHz),
210586,10.529 s,Timing,Times,Time,550.000 탎 (1.818 kHz),
210597,10.530 s,Timing,Times,Time,550.000 탎 (1.818 kHz),
210608,10.530 s,Timing,Times,Time,1.650 ms (606.061 Hz),
210641,10.532 s,Timing,Times,Time,550.000 탎 (1.818 kHz),
210652,10.533 s,Timing,Times,Time,600.000 탎 (1.667 kHz),
210664,10.533 s,Timing,Times,Time,550.000 탎 (1.818 kHz),
210675,10.534 s,Timing,Times,Time,550.000 탎 (1.818 kHz),
210686,10.534 s,Timing,Times,Time,550.000 탎 (1.818 kHz),
210697,10.535 s,Timing,Times,Time,550.000 탎 (1.818 kHz),
210708,10.535 s,Timing,Times,Time,550.000 탎 (1.818 kHz),
210719,10.536 s,Timing,Times,Time,600.000 탎 (1.667 kHz),
210731,10.537 s,Timing,Times,Time,550.000 탎 (1.818 kHz),
210742,10.537 s,Timing,Times,Time,1.650 ms (606.061 Hz),
210775,10.539 s,Timing,Times,Time,550.000 탎 (1.818 kHz),
210786,10.539 s,Timing,Times,Time,550.000 탎 (1.818 kHz),
210797,10.540 s,Timing,Times,Time,550.000 탎 (1.818 kHz),
210808,10.540 s,Timing,Times,Time,1.700 ms (588.235 Hz),
210842,10.542 s,Timing,Times,Time,550.000 탎 (1.818 kHz),
210853,10.543 s,Timing,Times,Time,550.000 탎 (1.818 kHz),
210864,10.543 s,Timing,Times,Time,550.000 탎 (1.818 kHz),
210875,10.544 s,Timing,Times,Time,1.700 ms (588.235 Hz),
210909,10.545 s,Timing,Times,Time,500.000 탎 (2.000 kHz),
210919,10.546 s,Timing,Times,Time,1.700 ms (588.235 Hz),
210953,10.548 s,Timing,Times,Time,550.000 탎 (1.818 kHz),
210964,10.548 s,Timing,Times,Time,1.650 ms (606.061 Hz),
210997,10.550 s,Timing,Times,Time,176.750 ms (5.658 Hz),
214532,10.727 s,Timing,Times,Time,1.100 ms (909.091 Hz),
214554,10.728 s,Timing,Times,Time,2.600 ms (384.615 Hz),
214606,10.730 s,Timing,Times,Time,550.000 탎 (1.818 kHz),
214617,10.731 s,Timing,Times,Time,550.000 탎 (1.818 kHz),
214628,10.731 s,Timing,Times,Time,550.000 탎 (1.818 kHz),
214639,10.732 s,Timing,Times,Time,600.000 탎 (1.667 kHz),
214651,10.733 s,Timing,Times,Time,550.000 탎 (1.818 kHz),
214662,10.733 s,Timing,Times,Time,550.000 탎 (1.818 kHz),
214673,10.734 s,Timing,Times,Time,1.650 ms (606.061 Hz),
214706,10.735 s,Timing,Times,Time,550.000 탎 (1.818 kHz),
214717,10.736 s,Timing,Times,Time,1.650 ms (606.061 Hz),
214750,10.738 s,Timing,Times,Time,600.000 탎 (1.667 kHz),
214762,10.738 s,Timing,Times,Time,550.000 탎 (1.818 kHz),
214773,10.739 s,Timing,Times,Time,550.000 탎 (1.818 kHz),
214784,10.739 s,Timing,Times,Time,550.000 탎 (1.818 kHz),
214795,10.740 s,Timing,Times,Time,600.000 탎 (1.667 kHz),
214807,10.740 s,Timing,Times,Time,1.600 ms (625.000 Hz),
214839,10.742 s,Timing,Times,Time,600.000 탎 (1.667 kHz),
214851,10.743 s,Timing,Times,Time,1.650 ms (606.061 Hz),
214884,10.744 s,Timing,Times,Time,550.000 탎 (1.818 kHz),
214895,10.745 s,Timing,Times,Time,1.650 ms (606.061 Hz),
214928,10.746 s,Timing,Times,Time,600.000 탎 (1.667 kHz),
214940,10.747 s,Timing,Times,Time,1.650 ms (606.061 Hz),
214973,10.749 s,Timing,Times,Time,550.000 탎 (1.818 kHz),
214984,10.749 s,Timing,Times,Time,550.000 탎 (1.818 kHz),
214995,10.750 s,Timing,Times,Time,550.000 탎 (1.818 kHz),
215006,10.750 s,Timing,Times,Time,550.000 탎 (1.818 kHz),
215017,10.751 s,Timing,Times,Time,600.000 탎 (1.667 kHz),
215029,10.751 s,Timing,Times,Time,1.650 ms (606.061 Hz),
215062,10.753 s,Timing,Times,Time,550.000 탎 (1.818 kHz),
215073,10.754 s,Timing,Times,Time,1.650 ms (606.061 Hz),
215106,10.755 s,Timing,Times,Time,550.000 탎 (1.818 kHz),
215117,10.756 s,Timing,Times,Time,550.000 탎 (1.818 kHz),
215128,10.756 s,Timing,Times,Time,600.000 탎 (1.667 kHz),
215140,10.757 s,Timing,Times,Time,1.650 ms (606.061 Hz),
215173,10.759 s,Timing,Times,Time,550.000 탎 (1.818 kHz),
215184,10.759 s,Timing,Times,Time,550.000 탎 (1.818 kHz),
215195,10.760 s,Timing,Times,Time,600.000 탎 (1.667 kHz),
215207,10.760 s,Timing,Times,Time,1.650 ms (606.061 Hz),
215240,10.762 s,Timing,Times,Time,550.000 탎 (1.818 kHz),
215251,10.763 s,Timing,Times,Time,550.000 탎 (1.818 kHz),
215262,10.763 s,Timing,Times,Time,550.000 탎 (1.818 kHz),
215273,10.764 s,Timing,Times,Time,1.650 ms (606.061 Hz),
215306,10.765 s,Timing,Times,Time,600.000 탎 (1.667 kHz),
215318,10.766 s,Timing,Times,Time,500.000 탎 (2.000 kHz),
215328,10.766 s,Timing,Times,Time,600.000 탎 (1.667 kHz),
215340,10.767 s,Timing,Times,Time,550.000 탎 (1.818 kHz),
215351,10.768 s,Timing,Times,Time,550.000 탎 (1.818 kHz),
215362,10.768 s,Timing,Times,Time,550.000 탎 (1.818 kHz),
215373,10.769 s,Timing,Times,Time,550.000 탎 (1.818 kHz),
215384,10.769 s,Timing,Times,Time,550.000 탎 (1.818 kHz),
215395,10.770 s,Timing,Times,Time,600.000 탎 (1.667 kHz),
215407,10.770 s,Timing,Times,Time,1.650 ms (606.061 Hz),
215440,10.772 s,Timing,Times,Time,550.000 탎 (1.818 kHz),
215451,10.773 s,Timing,Times,Time,550.000 탎 (1.818 kHz),
215462,10.773 s,Timing,Times,Time,550.000 탎 (1.818 kHz),
215473,10.774 s,Timing,Times,Time,1.700 ms (588.235 Hz),
215507,10.775 s,Timing,Times,Time,550.000 탎 (1.818 kHz),
215518,10.776 s,Timing,Times,Time,550.000 탎 (1.818 kHz),
215529,10.776 s,Timing,Times,Time,550.000 탎 (1.818 kHz),
215540,10.777 s,Timing,Times,Time,1.650 ms (606.061 Hz),
215573,10.779 s,Timing,Times,Time,600.000 탎 (1.667 kHz),
215585,10.779 s,Timing,Times,Time,1.650 ms (606.061 Hz),
215618,10.781 s,Timing,Times,Time,550.000 탎 (1.818 kHz),
215629,10.781 s,Timing,Times,Time,1.700 ms (588.235 Hz),
215663,10.783 s,Timing,Times,Time,177.400 ms (5.637 Hz),
219211,10.961 s,Timing,Times,Time,1.100 ms (909.091 Hz),
219233,10.962 s,Timing,Times,Time,2.600 ms (384.615 Hz),
219285,10.964 s,Timing,Times,Time,550.000 탎 (1.818 kHz),
219296,10.965 s,Timing,Times,Time,600.000 탎 (1.667 kHz),
219308,10.965 s,Timing,Times,Time,500.000 탎 (2.000 kHz),
219318,10.966 s,Timing,Times,Time,600.000 탎 (1.667 kHz),
219330,10.966 s,Timing,Times,Time,550.000 탎 (1.818 kHz),
219341,10.967 s,Timing,Times,Time,550.000 탎 (1.818 kHz),
219352,10.968 s,Timing,Times,Time,1.650 ms (606.061 Hz),
219385,10.969 s,Timing,Times,Time,550.000 탎 (1.818 kHz),
219396,10.970 s,Timing,Times,Time,1.650 ms (606.061 Hz),
219429,10.971 s,Timing,Times,Time,600.000 탎 (1.667 kHz),
219441,10.972 s,Timing,Times,Time,550.000 탎 (1.818 kHz),
219452,10.973 s,Timing,Times,Time,550.000 탎 (1.818 kHz),
219463,10.973 s,Timing,Times,Time,550.000 탎 (1.818 kHz),
219474,10.974 s,Timing,Times,Time,600.000 탎 (1.667 kHz),
219486,10.974 s,Timing,Times,Time,1.600 ms (625.000 Hz),
219518,10.976 s,Timing,Times,Time,600.000 탎 (1.667 kHz),
219530,10.976 s,Timing,Times,Time,1.650 ms (606.061 Hz),
219563,10.978 s,Timing,Times,Time,550.000 탎 (1.818 kHz),
219574,10.979 s,Timing,Times,Time,1.650 ms (606.061 Hz),
219607,10.980 s,Timing,Times,Time,600.000 탎 (1.667 kHz),
219619,10.981 s,Timing,Times,Time,1.650 ms (606.061 Hz),
219652,10.983 s,Timing,Times,Time,550.000 탎 (1.818 kHz),
219663,10.983 s,Timing,Times,Time,550.000 탎 (1.818 kHz),
219674,10.984 s,Timing,Times,Time,550.000 탎 (1.818 kHz),
219685,10.984 s,Timing,Times,Time,550.000 탎 (1.818 kHz),
219696,10.985 s,Timing,Times,Time,600.000 탎 (1.667 kHz),
219708,10.985 s,Timing,Times,Time,1.650 ms (606.061 Hz),
219741,10.987 s,Timing,Times,Time,550.000 탎 (1.818 kHz),
219752,10.988 s,Timing,Times,Time,1.650 ms (606.061 Hz),
219785,10.989 s,Timing,Times,Time,600.000 탎 (1.667 kHz),
219797,10.990 s,Timing,Times,Time,500.000 탎 (2.000 kHz),
219807,10.990 s,Timing,Times,Time,600.000 탎 (1.667 kHz),
219819,10.991 s,Timing,Times,Time,1.650 ms (606.061 Hz),
219852,10.993 s,Timing,Times,Time,550.000 탎 (1.818 kHz),
219863,10.993 s,Timing,Times,Time,550.000 탎 (1.818 kHz),
219874,10.994 s,Timing,Times,Time,600.000 탎 (1.667 kHz),
219886,10.994 s,Timing,Times,Time,1.650 ms (606.061 Hz),
219919,10.996 s,Timing,Times,Time,550.000 탎 (1.818 kHz),
219930,10.996 s,Timing,Times,Time,550.000 탎 (1.818 kHz),
219941,10.997 s,Timing,Times,Time,550.000 탎 (1.818 kHz),
219952,10.998 s,Timing,Times,Time,1.650 ms (606.061 Hz),
219985,10.999 s,Timing,Times,Time,600.000 탎 (1.667 kHz),
219997,11.000 s,Timing,Times,Time,550.000 탎 (1.818 kHz),
220008,11.000 s,Timing,Times,Time,550.000 탎 (1.818 kHz),
220019,11.001 s,Timing,Times,Time,550.000 탎 (1.818 kHz),
220030,11.002 s,Timing,Times,Time,550.000 탎 (1.818 kHz),
220041,11.002 s,Timing,Times,Time,550.000 탎 (1.818 kHz),
220052,11.003 s,Timing,Times,Time,600.000 탎 (1.667 kHz),
220064,11.003 s,Timing,Times,Time,500.000 탎 (2.000 kHz),
220074,11.004 s,Timing,Times,Time,600.000 탎 (1.667 kHz),
220086,11.004 s,Timing,Times,Time,1.650 ms (606.061 Hz),
220119,11.006 s,Timing,Times,Time,550.000 탎 (1.818 kHz),
220130,11.007 s,Timing,Times,Time,550.000 탎 (1.818 kHz),
220141,11.007 s,Timing,Times,Time,600.000 탎 (1.667 kHz),
220153,11.008 s,Timing,Times,Time,1.650 ms (606.061 Hz),
220186,11.009 s,Timing,Times,Time,550.000 탎 (1.818 kHz),
220197,11.010 s,Timing,Times,Time,550.000 탎 (1.818 kHz),
220208,11.010 s,Timing,Times,Time,550.000 탎 (1.818 kHz),
220219,11.011 s,Timing,Times,Time,1.650 ms (606.061 Hz),
220252,11.013 s,Timing,Times,Time,600.000 탎 (1.667 kHz),
220264,11.013 s,Timing,Times,Time,1.650 ms (606.061 Hz),
220297,11.015 s,Timing,Times,Time,550.000 탎 (1.818 kHz),
220308,11.015 s,Timing,Times,Time,1.700 ms (588.235 Hz),
220342,11.017 s,Timing,Times,Time,187.800 ms (5.325 Hz),
224098,11.205 s,Timing,Times,Time,1.100 ms (909.091 Hz),
224120,11.206 s,Timing,Times,Time,2.600 ms (384.615 Hz),
224172,11.209 s,Timing,Times,Time,500.000 탎 (2.000 kHz),
224182,11.209 s,Timing,Times,Time,600.000 탎 (1.667 kHz),
224194,11.210 s,Timing,Times,Time,500.000 탎 (2.000 kHz),
224204,11.210 s,Timing,Times,Time,600.000 탎 (1.667 kHz),
224216,11.211 s,Timing,Times,Time,500.000 탎 (2.000 kHz),
224226,11.211 s,Timing,Times,Time,600.000 탎 (1.667 kHz),
224238,11.212 s,Timing,Times,Time,1.650 ms (606.061 Hz),
224271,11.214 s,Timing,Times,Time,600.000 탎 (1.667 kHz),
224283,11.214 s,Timing,Times,Time,1.600 ms (625.000 Hz),
224315,11.216 s,Timing,Times,Time,600.000 탎 (1.667 kHz),
224327,11.216 s,Timing,Times,Time,550.000 탎 (1.818 kHz),
224338,11.217 s,Timing,Times,Time,600.000 탎 (1.667 kHz),
224350,11.217 s,Timing,Times,Time,500.000 탎 (2.000 kHz),
224360,11.218 s,Timing,Times,Time,600.000 탎 (1.667 kHz),
224372,11.219 s,Timing,Times,Time,1.600 ms (625.000 Hz),
224404,11.220 s,Timing,Times,Time,600.000 탎 (1.667 kHz),
224416,11.221 s,Timing,Times,Time,1.650 ms (606.061 Hz),
224449,11.222 s,Timing,Times,Time,600.000 탎 (1.667 kHz),
224461,11.223 s,Timing,Times,Time,1.600 ms (625.000 Hz),
224493,11.225 s,Timing,Times,Time,600.000 탎 (1.667 kHz),
224505,11.225 s,Timing,Times,Time,1.650 ms (606.061 Hz),
224538,11.227 s,Timing,Times,Time,550.000 탎 (1.818 kHz),
224549,11.227 s,Timing,Times,Time,550.000 탎 (1.818 kHz),
224560,11.228 s,Timing,Times,Time,600.000 탎 (1.667 kHz),
224572,11.229 s,Timing,Times,Time,500.000 탎 (2.000 kHz),
224582,11.229 s,Timing,Times,Time,600.000 탎 (1.667 kHz),
224594,11.230 s,Timing,Times,Time,1.650 ms (606.061 Hz),
224627,11.231 s,Timing,Times,Time,550.000 탎 (1.818 kHz),
224638,11.232 s,Timing,Times,Time,1.650 ms (606.061 Hz),
224671,11.234 s,Timing,Times,Time,600.000 탎 (1.667 kHz),
224683,11.234 s,Timing,Times,Time,500.000 탎 (2.000 kHz),
224693,11.235 s,Timing,Times,Time,600.000 탎 (1.667 kHz),
224705,11.235 s,Timing,Times,Time,1.650 ms (606.061 Hz),
224738,11.237 s,Timing,Times,Time,600.000 탎 (1.667 kHz),
224750,11.238 s,Timing,Times,Time,500.000 탎 (2.000 kHz),
224760,11.238 s,Timing,Times,Time,600.000 탎 (1.667 kHz),
224772,11.239 s,Timing,Times,Time,1.650 ms (606.061 Hz),
224805,11.240 s,Timing,Times,Time,550.000 탎 (1.818 kHz),
224816,11.241 s,Timing,Times,Time,550.000 탎 (1.818 kHz),
224827,11.241 s,Timing,Times,Time,600.000 탎 (1.667 kHz),
224839,11.242 s,Timing,Times,Time,1.650 ms (606.061 Hz),
224872,11.244 s,Timing,Times,Time,550.000 탎 (1.818 kHz),
224883,11.244 s,Timing,Times,Time,550.000 탎 (1.818 kHz),
224894,11.245 s,Timing,Times,Time,550.000 탎 (1.818 kHz),
224905,11.245 s,Timing,Times,Time,550.000 탎 (1.818 kHz),
224916,11.246 s,Timing,Times,Time,600.000 탎 (1.667 kHz),
224928,11.246 s,Timing,Times,Time,500.000 탎 (2.000 kHz),
224938,11.247 s,Timing,Times,Time,600.000 탎 (1.667 kHz),
224950,11.248 s,Timing,Times,Time,550.000 탎 (1.818 kHz),
224961,11.248 s,Timing,Times,Time,550.000 탎 (1.818 kHz),
224972,11.249 s,Timing,Times,Time,1.650 ms (606.061 Hz),
225005,11.250 s,Timing,Times,Time,600.000 탎 (1.667 kHz),
225017,11.251 s,Timing,Times,Time,500.000 탎 (2.000 kHz),
225027,11.251 s,Timing,Times,Time,600.000 탎 (1.667 kHz),
225039,11.252 s,Timing,Times,Time,1.650 ms (606.061 Hz),
225072,11.254 s,Timing,Times,Time,550.000 탎 (1.818 kHz),
225083,11.254 s,Timing,Times,Time,550.000 탎 (1.818 kHz),
225094,11.255 s,Timing,Times,Time,600.000 탎 (1.667 kHz),
225106,11.255 s,Timing,Times,Time,1.650 ms (606.061 Hz),
225139,11.257 s,Timing,Times,Time,550.000 탎 (1.818 kHz),
225150,11.258 s,Timing,Times,Time,1.650 ms (606.061 Hz),
225183,11.259 s,Timing,Times,Time,550.000 탎 (1.818 kHz),
225194,11.260 s,Timing,Times,Time,1.650 ms (606.061 Hz),
225227,11.261 s,Timing,Times,Time,176.750 ms (5.658 Hz),
228762,11.438 s,Timing,Times,Time,1.050 ms (952.381 Hz),
228783,11.439 s,Timing,Times,Time,2.650 ms (377.358 Hz),
228836,11.442 s,Timing,Times,Time,500.000 탎 (2.000 kHz),
228846,11.442 s,Timing,Times,Time,600.000 탎 (1.667 kHz),
228858,11.443 s,Timing,Times,Time,550.000 탎 (1.818 kHz),
228869,11.443 s,Timing,Times,Time,600.000 탎 (1.667 kHz),
228881,11.444 s,Timing,Times,Time,500.000 탎 (2.000 kHz),
228891,11.445 s,Timing,Times,Time,600.000 탎 (1.667 kHz),
228903,11.445 s,Timing,Times,Time,1.600 ms (625.000 Hz),
228935,11.447 s,Timing,Times,Time,600.000 탎 (1.667 kHz),
228947,11.447 s,Timing,Times,Time,1.650 ms (606.061 Hz),
228980,11.449 s,Timing,Times,Time,600.000 탎 (1.667 kHz),
228992,11.450 s,Timing,Times,Time,500.000 탎 (2.000 kHz),
229002,11.450 s,Timing,Times,Time,600.000 탎 (1.667 kHz),
229014,11.451 s,Timing,Times,Time,500.000 탎 (2.000 kHz),
229024,11.451 s,Timing,Times,Time,600.000 탎 (1.667 kHz),
229036,11.452 s,Timing,Times,Time,1.650 ms (606.061 Hz),
229069,11.453 s,Timing,Times,Time,600.000 탎 (1.667 kHz),
229081,11.454 s,Timing,Times,Time,1.600 ms (625.000 Hz),
229113,11.456 s,Timing,Times,Time,600.000 탎 (1.667 kHz),
229125,11.456 s,Timing,Times,Time,1.600 ms (625.000 Hz),
229157,11.458 s,Timing,Times,Time,600.000 탎 (1.667 kHz),
229169,11.458 s,Timing,Times,Time,1.650 ms (606.061 Hz),
229202,11.460 s,Timing,Times,Time,600.000 탎 (1.667 kHz),
229214,11.461 s,Timing,Times,Time,500.000 탎 (2.000 kHz),
229224,11.461 s,Timing,Times,Time,600.000 탎 (1.667 kHz),
229236,11.462 s,Timing,Times,Time,500.000 탎 (2.000 kHz),
229246,11.462 s,Timing,Times,Time,600.000 탎 (1.667 kHz),
229258,11.463 s,Timing,Times,Time,1.650 ms (606.061 Hz),
229291,11.465 s,Timing,Times,Time,600.000 탎 (1.667 kHz),
229303,11.465 s,Timing,Times,Time,1.600 ms (625.000 Hz),
229335,11.467 s,Timing,Times,Time,600.000 탎 (1.667 kHz),
229347,11.467 s,Timing,Times,Time,550.000 탎 (1.818 kHz),
229358,11.468 s,Timing,Times,Time,600.000 탎 (1.667 kHz),
229370,11.469 s,Timing,Times,Time,1.600 ms (625.000 Hz),
229402,11.470 s,Timing,Times,Time,600.000 탎 (1.667 kHz),
229414,11.471 s,Timing,Times,Time,550.000 탎 (1.818 kHz),
229425,11.471 s,Timing,Times,Time,550.000 탎 (1.818 kHz),
229436,11.472 s,Timing,Times,Time,1.650 ms (606.061 Hz),
229469,11.473 s,Timing,Times,Time,600.000 탎 (1.667 kHz),
229481,11.474 s,Timing,Times,Time,500.000 탎 (2.000 kHz),
229491,11.475 s,Timing,Times,Time,600.000 탎 (1.667 kHz),
229503,11.475 s,Timing,Times,Time,1.650 ms (606.061 Hz),
229536,11.477 s,Timing,Times,Time,550.000 탎 (1.818 kHz),
229547,11.477 s,Timing,Times,Time,550.000 탎 (1.818 kHz),
229558,11.478 s,Timing,Times,Time,600.000 탎 (1.667 kHz),
229570,11.479 s,Timing,Times,Time,500.000 탎 (2.000 kHz),
229580,11.479 s,Timing,Times,Time,600.000 탎 (1.667 kHz),
229592,11.480 s,Timing,Times,Time,500.000 탎 (2.000 kHz),
229602,11.480 s,Timing,Times,Time,600.000 탎 (1.667 kHz),
229614,11.481 s,Timing,Times,Time,550.000 탎 (1.818 kHz),
229625,11.481 s,Timing,Times,Time,600.000 탎 (1.667 kHz),
229637,11.482 s,Timing,Times,Time,1.600 ms (625.000 Hz),
229669,11.483 s,Timing,Times,Time,600.000 탎 (1.667 kHz),
229681,11.484 s,Timing,Times,Time,500.000 탎 (2.000 kHz),
229691,11.485 s,Timing,Times,Time,600.000 탎 (1.667 kHz),
229703,11.485 s,Timing,Times,Time,1.650 ms (606.061 Hz),
229736,11.487 s,Timing,Times,Time,600.000 탎 (1.667 kHz),
229748,11.487 s,Timing,Times,Time,500.000 탎 (2.000 kHz),
229758,11.488 s,Timing,Times,Time,600.000 탎 (1.667 kHz),
229770,11.489 s,Timing,Times,Time,1.650 ms (606.061 Hz),
229803,11.490 s,Timing,Times,Time,550.000 탎 (1.818 kHz),
229814,11.491 s,Timing,Times,Time,1.650 ms (606.061 Hz),
229847,11.492 s,Timing,Times,Time,600.000 탎 (1.667 kHz),
229859,11.493 s,Timing,Times,Time,1.650 ms (606.061 Hz),
229892,11.495 s,Timing,Times,Time,177.100 ms (5.647 Hz),
233434,11.672 s,Timing,Times,Time,1.100 ms (909.091 Hz),
233456,11.673 s,Timing,Times,Time,2.600 ms (384.615 Hz),
233508,11.675 s,Timing,Times,Time,500.000 탎 (2.000 kHz),
233518,11.676 s,Timing,Times,Time,600.000 탎 (1.667 kHz),
233530,11.677 s,Timing,Times,Time,550.000 탎 (1.818 kHz),
233541,11.677 s,Timing,Times,Time,600.000 탎 (1.667 kHz),
233553,11.678 s,Timing,Times,Time,500.000 탎 (2.000 kHz),
233563,11.678 s,Timing,Times,Time,600.000 탎 (1.667 kHz),
233575,11.679 s,Timing,Times,Time,1.600 ms (625.000 Hz),
233607,11.680 s,Timing,Times,Time,600.000 탎 (1.667 kHz),
233619,11.681 s,Timing,Times,Time,1.650 ms (606.061 Hz),
233652,11.683 s,Timing,Times,Time,600.000 탎 (1.667 kHz),
233664,11.683 s,Timing,Times,Time,500.000 탎 (2.000 kHz),
233674,11.684 s,Timing,Times,Time,600.000 탎 (1.667 kHz),
233686,11.684 s,Timing,Times,Time,500.000 탎 (2.000 kHz),
233696,11.685 s,Timing,Times,Time,600.000 탎 (1.667 kHz),
233708,11.685 s,Timing,Times,Time,1.650 ms (606.061 Hz),
233741,11.687 s,Timing,Times,Time,600.000 탎 (1.667 kHz),
233753,11.688 s,Timing,Times,Time,1.600 ms (625.000 Hz),
233785,11.689 s,Timing,Times,Time,600.000 탎 (1.667 kHz),
233797,11.690 s,Timing,Times,Time,1.650 ms (606.061 Hz),
233830,11.691 s,Timing,Times,Time,600.000 탎 (1.667 kHz),
233842,11.692 s,Timing,Times,Time,1.600 ms (625.000 Hz),
233874,11.694 s,Timing,Times,Time,600.000 탎 (1.667 kHz),
233886,11.694 s,Timing,Times,Time,500.000 탎 (2.000 kHz),
233896,11.695 s,Timing,Times,Time,600.000 탎 (1.667 kHz),
233908,11.695 s,Timing,Times,Time,550.000 탎 (1.818 kHz),
233919,11.696 s,Timing,Times,Time,600.000 탎 (1.667 kHz),
233931,11.697 s,Timing,Times,Time,1.600 ms (625.000 Hz),
233963,11.698 s,Timing,Times,Time,600.000 탎 (1.667 kHz),
233975,11.699 s,Timing,Times,Time,1.650 ms (606.061 Hz),
234008,11.700 s,Timing,Times,Time,550.000 탎 (1.818 kHz),
234019,11.701 s,Timing,Times,Time,550.000 탎 (1.818 kHz),
234030,11.701 s,Timing,Times,Time,600.000 탎 (1.667 kHz),
234042,11.702 s,Timing,Times,Time,1.650 ms (606.061 Hz),
234075,11.704 s,Timing,Times,Time,550.000 탎 (1.818 kHz),
234086,11.704 s,Timing,Times,Time,550.000 탎 (1.818 kHz),
234097,11.705 s,Timing,Times,Time,600.000 탎 (1.667 kHz),
234109,11.705 s,Timing,Times,Time,1.600 ms (625.000 Hz),
234141,11.707 s,Timing,Times,Time,600.000 탎 (1.667 kHz),
234153,11.708 s,Timing,Times,Time,500.000 탎 (2.000 kHz),
234163,11.708 s,Timing,Times,Time,600.000 탎 (1.667 kHz),
234175,11.709 s,Timing,Times,Time,1.650 ms (606.061 Hz),
234208,11.710 s,Timing,Times,Time,600.000 탎 (1.667 kHz),
234220,11.711 s,Timing,Times,Time,500.000 탎 (2.000 kHz),
234230,11.711 s,Timing,Times,Time,600.000 탎 (1.667 kHz),
234242,11.712 s,Timing,Times,Time,500.000 탎 (2.000 kHz),
234252,11.713 s,Timing,Times,Time,600.000 탎 (1.667 kHz),
234264,11.713 s,Timing,Times,Time,550.000 탎 (1.818 kHz),
234275,11.714 s,Timing,Times,Time,600.000 탎 (1.667 kHz),
234287,11.714 s,Timing,Times,Time,500.000 탎 (2.000 kHz),
234297,11.715 s,Timing,Times,Time,600.000 탎 (1.667 kHz),
234309,11.715 s,Timing,Times,Time,1.600 ms (625.000 Hz),
234341,11.717 s,Timing,Times,Time,600.000 탎 (1.667 kHz),
234353,11.718 s,Timing,Times,Time,550.000 탎 (1.818 kHz),
234364,11.718 s,Timing,Times,Time,550.000 탎 (1.818 kHz),
234375,11.719 s,Timing,Times,Time,1.650 ms (606.061 Hz),
234408,11.720 s,Timing,Times,Time,600.000 탎 (1.667 kHz),
234420,11.721 s,Timing,Times,Time,550.000 탎 (1.818 kHz),
234431,11.722 s,Timing,Times,Time,550.000 탎 (1.818 kHz),
234442,11.722 s,Timing,Times,Time,1.650 ms (606.061 Hz),
234475,11.724 s,Timing,Times,Time,600.000 탎 (1.667 kHz),
234487,11.724 s,Timing,Times,Time,1.600 ms (625.000 Hz),
234519,11.726 s,Timing,Times,Time,600.000 탎 (1.667 kHz),
234531,11.727 s,Timing,Times,Time,1.650 ms (606.061 Hz),
234564,11.728 s,Timing,Times,Time,176.250 ms (5.674 Hz),
238089,11.904 s,Timing,Times,Time,1.100 ms (909.091 Hz),
238111,11.906 s,Timing,Times,Time,2.600 ms (384.615 Hz),
238163,11.908 s,Timing,Times,Time,500.000 탎 (2.000 kHz),
238173,11.909 s,Timing,Times,Time,600.000 탎 (1.667 kHz),
238185,11.909 s,Timing,Times,Time,550.000 탎 (1.818 kHz),
238196,11.910 s,Timing,Times,Time,600.000 탎 (1.667 kHz),
238208,11.910 s,Timing,Times,Time,500.000 탎 (2.000 kHz),
238218,11.911 s,Timing,Times,Time,600.000 탎 (1.667 kHz),
238230,11.912 s,Timing,Times,Time,1.600 ms (625.000 Hz),
238262,11.913 s,Timing,Times,Time,600.000 탎 (1.667 kHz),
238274,11.914 s,Timing,Times,Time,1.650 ms (606.061 Hz),
238307,11.915 s,Timing,Times,Time,600.000 탎 (1.667 kHz),
238319,11.916 s,Timing,Times,Time,500.000 탎 (2.000 kHz),
238329,11.916 s,Timing,Times,Time,600.000 탎 (1.667 kHz),
238341,11.917 s,Timing,Times,Time,500.000 탎 (2.000 kHz),
238351,11.918 s,Timing,Times,Time,650.000 탎 (1.538 kHz),
238364,11.918 s,Timing,Times,Time,1.600 ms (625.000 Hz),
238396,11.920 s,Timing,Times,Time,600.000 탎 (1.667 kHz),
238408,11.920 s,Timing,Times,Time,1.600 ms (625.000 Hz),
238440,11.922 s,Timing,Times,Time,600.000 탎 (1.667 kHz),
238452,11.923 s,Timing,Times,Time,1.650 ms (606.061 Hz),
238485,11.924 s,Timing,Times,Time,600.000 탎 (1.667 kHz),
238497,11.925 s,Timing,Times,Time,1.600 ms (625.000 Hz),
238529,11.926 s,Timing,Times,Time,600.000 탎 (1.667 kHz),
238541,11.927 s,Timing,Times,Time,500.000 탎 (2.000 kHz),
238551,11.928 s,Timing,Times,Time,600.000 탎 (1.667 kHz),
238563,11.928 s,Timing,Times,Time,550.000 탎 (1.818 kHz),
238574,11.929 s,Timing,Times,Time,600.000 탎 (1.667 kHz),
238586,11.929 s,Timing,Times,Time,1.600 ms (625.000 Hz),
238618,11.931 s,Timing,Times,Time,600.000 탎 (1.667 kHz),
238630,11.931 s,Timing,Times,Time,1.600 ms (625.000 Hz),
238662,11.933 s,Timing,Times,Time,600.000 탎 (1.667 kHz),
238674,11.934 s,Timing,Times,Time,550.000 탎 (1.818 kHz),
238685,11.934 s,Timing,Times,Time,600.000 탎 (1.667 kHz),
238697,11.935 s,Timing,Times,Time,1.650 ms (606.061 Hz),
238730,11.937 s,Timing,Times,Time,550.000 탎 (1.818 kHz),
238741,11.937 s,Timing,Times,Time,500.000 탎 (2.000 kHz),
238751,11.938 s,Timing,Times,Time,600.000 탎 (1.667 kHz),
238763,11.938 s,Timing,Times,Time,1.650 ms (606.061 Hz),
238796,11.940 s,Timing,Times,Time,600.000 탎 (1.667 kHz),
238808,11.940 s,Timing,Times,Time,550.000 탎 (1.818 kHz),
238819,11.941 s,Timing,Times,Time,550.000 탎 (1.818 kHz),
238830,11.941 s,Timing,Times,Time,1.650 ms (606.061 Hz),
238863,11.943 s,Timing,Times,Time,550.000 탎 (1.818 kHz),
238874,11.944 s,Timing,Times,Time,550.000 탎 (1.818 kHz),
238885,11.944 s,Timing,Times,Time,600.000 탎 (1.667 kHz),
238897,11.945 s,Timing,Times,Time,550.000 탎 (1.818 kHz),
238908,11.945 s,Timing,Times,Time,550.000 탎 (1.818 kHz),
238919,11.946 s,Timing,Times,Time,500.000 탎 (2.000 kHz),
238929,11.946 s,Timing,Times,Time,600.000 탎 (1.667 kHz),
238941,11.947 s,Timing,Times,Time,550.000 탎 (1.818 kHz),
238952,11.948 s,Timing,Times,Time,600.000 탎 (1.667 kHz),
238964,11.948 s,Timing,Times,Time,1.650 ms (606.061 Hz),
238997,11.950 s,Timing,Times,Time,550.000 탎 (1.818 kHz),
239008,11.950 s,Timing,Times,Time,550.000 탎 (1.818 kHz),
239019,11.951 s,Timing,Times,Time,550.000 탎 (1.818 kHz),
239030,11.951 s,Timing,Times,Time,1.650 ms (606.061 Hz),
239063,11.953 s,Timing,Times,Time,600.000 탎 (1.667 kHz),
239075,11.954 s,Timing,Times,Time,500.000 탎 (2.000 kHz),
239085,11.954 s,Timing,Times,Time,600.000 탎 (1.667 kHz),
239097,11.955 s,Timing,Times,Time,1.650 ms (606.061 Hz),
239130,11.957 s,Timing,Times,Time,600.000 탎 (1.667 kHz),
239142,11.957 s,Timing,Times,Time,1.600 ms (625.000 Hz),
239174,11.959 s,Timing,Times,Time,600.000 탎 (1.667 kHz),
239186,11.959 s,Timing,Times,Time,1.650 ms (606.061 Hz),
239219,11.961 s,Timing,Times,Time,176.650 ms (5.661 Hz),
242752,12.138 s,Timing,Times,Time,1.050 ms (952.381 Hz),
242773,12.139 s,Timing,Times,Time,2.650 ms (377.358 Hz),
242826,12.141 s,Timing,Times,Time,500.000 탎 (2.000 kHz),
242836,12.142 s,Timing,Times,Time,600.000 탎 (1.667 kHz),
242848,12.142 s,Timing,Times,Time,500.000 탎 (2.000 kHz),
242858,12.143 s,Timing,Times,Time,600.000 탎 (1.667 kHz),
242870,12.143 s,Timing,Times,Time,550.000 탎 (1.818 kHz),
242881,12.144 s,Timing,Times,Time,550.000 탎 (1.818 kHz),
242892,12.145 s,Timing,Times,Time,1.650 ms (606.061 Hz),
242925,12.146 s,Timing,Times,Time,600.000 탎 (1.667 kHz),
242937,12.147 s,Timing,Times,Time,1.600 ms (625.000 Hz),
242969,12.148 s,Timing,Times,Time,600.000 탎 (1.667 kHz),
242981,12.149 s,Timing,Times,Time,550.000 탎 (1.818 kHz),
242992,12.150 s,Timing,Times,Time,600.000 탎 (1.667 kHz),
243004,12.150 s,Timing,Times,Time,500.000 탎 (2.000 kHz),
243014,12.151 s,Timing,Times,Time,600.000 탎 (1.667 kHz),
243026,12.151 s,Timing,Times,Time,1.600 ms (625.000 Hz),
243058,12.153 s,Timing,Times,Time,600.000 탎 (1.667 kHz),
243070,12.153 s,Timing,Times,Time,1.650 ms (606.061 Hz),
243103,12.155 s,Timing,Times,Time,600.000 탎 (1.667 kHz),
243115,12.156 s,Timing,Times,Time,1.600 ms (625.000 Hz),
243147,12.157 s,Timing,Times,Time,600.000 탎 (1.667 kHz),
243159,12.158 s,Timing,Times,Time,1.650 ms (606.061 Hz),
243192,12.160 s,Timing,Times,Time,600.000 탎 (1.667 kHz),
243204,12.160 s,Timing,Times,Time,500.000 탎 (2.000 kHz),
243214,12.161 s,Timing,Times,Time,600.000 탎 (1.667 kHz),
243226,12.161 s,Timing,Times,Time,550.000 탎 (1.818 kHz),
243237,12.162 s,Timing,Times,Time,550.000 탎 (1.818 kHz),
243248,12.162 s,Timing,Times,Time,1.650 ms (606.061 Hz),
243281,12.164 s,Timing,Times,Time,600.000 탎 (1.667 kHz),
243293,12.165 s,Timing,Times,Time,1.600 ms (625.000 Hz),
243325,12.166 s,Timing,Times,Time,600.000 탎 (1.667 kHz),
243337,12.167 s,Timing,Times,Time,500.000 탎 (2.000 kHz),
243347,12.167 s,Timing,Times,Time,600.000 탎 (1.667 kHz),
243359,12.168 s,Timing,Times,Time,1.650 ms (606.061 Hz),
243392,12.170 s,Timing,Times,Time,600.000 탎 (1.667 kHz),
243404,12.170 s,Timing,Times,Time,500.000 탎 (2.000 kHz),
243414,12.171 s,Timing,Times,Time,600.000 탎 (1.667 kHz),
243426,12.171 s,Timing,Times,Time,1.600 ms (625.000 Hz),
243458,12.173 s,Timing,Times,Time,600.000 탎 (1.667 kHz),
243470,12.174 s,Timing,Times,Time,550.000 탎 (1.818 kHz),
243481,12.174 s,Timing,Times,Time,600.000 탎 (1.667 kHz),
243493,12.175 s,Timing,Times,Time,1.650 ms (606.061 Hz),
243526,12.176 s,Timing,Times,Time,550.000 탎 (1.818 kHz),
243537,12.177 s,Timing,Times,Time,500.000 탎 (2.000 kHz),
243547,12.177 s,Timing,Times,Time,600.000 탎 (1.667 kHz),
243559,12.178 s,Timing,Times,Time,550.000 탎 (1.818 kHz),
243570,12.178 s,Timing,Times,Time,600.000 탎 (1.667 kHz),
243582,12.179 s,Timing,Times,Time,500.000 탎 (2.000 kHz),
243592,12.180 s,Timing,Times,Time,600.000 탎 (1.667 kHz),
243604,12.180 s,Timing,Times,Time,550.000 탎 (1.818 kHz),
243615,12.181 s,Timing,Times,Time,550.000 탎 (1.818 kHz),
243626,12.181 s,Timing,Times,Time,1.650 ms (606.061 Hz),
243659,12.183 s,Timing,Times,Time,600.000 탎 (1.667 kHz),
243671,12.184 s,Timing,Times,Time,500.000 탎 (2.000 kHz),
243681,12.184 s,Timing,Times,Time,600.000 탎 (1.667 kHz),
243693,12.185 s,Timing,Times,Time,1.650 ms (606.061 Hz),
243726,12.186 s,Timing,Times,Time,550.000 탎 (1.818 kHz),
243737,12.187 s,Timing,Times,Time,550.000 탎 (1.818 kHz),
243748,12.187 s,Timing,Times,Time,600.000 탎 (1.667 kHz),
243760,12.188 s,Timing,Times,Time,1.650 ms (606.061 Hz),
243793,12.190 s,Timing,Times,Time,550.000 탎 (1.818 kHz),
243804,12.190 s,Timing,Times,Time,1.650 ms (606.061 Hz),
243837,12.192 s,Timing,Times,Time,550.000 탎 (1.818 kHz),
243848,12.192 s,Timing,Times,Time,1.650 ms (606.061 Hz),
243881,12.194 s,Timing,Times,Time,177.850 ms (5.623 Hz),
247438,12.372 s,Timing,Times,Time,1.050 ms (952.381 Hz),
247459,12.373 s,Timing,Times,Time,2.650 ms (377.358 Hz),
247512,12.376 s,Timing,Times,Time,500.000 탎 (2.000 kHz),
247522,12.376 s,Timing,Times,Time,600.000 탎 (1.667 kHz),
247534,12.377 s,Timing,Times,Time,500.000 탎 (2.000 kHz),
247544,12.377 s,Timing,Times,Time,600.000 탎 (1.667 kHz),
247556,12.378 s,Timing,Times,Time,550.000 탎 (1.818 kHz),
247567,12.378 s,Timing,Times,Time,600.000 탎 (1.667 kHz),
247579,12.379 s,Timing,Times,Time,1.650 ms (606.061 Hz),
247612,12.381 s,Timing,Times,Time,550.000 탎 (1.818 kHz),
247623,12.381 s,Timing,Times,Time,1.650 ms (606.061 Hz),
247656,12.383 s,Timing,Times,Time,550.000 탎 (1.818 kHz),
247667,12.383 s,Timing,Times,Time,550.000 탎 (1.818 kHz),
247678,12.384 s,Timing,Times,Time,600.000 탎 (1.667 kHz),
247690,12.384 s,Timing,Times,Time,500.000 탎 (2.000 kHz),
247700,12.385 s,Timing,Times,Time,600.000 탎 (1.667 kHz),
247712,12.386 s,Timing,Times,Time,1.600 ms (625.000 Hz),
247744,12.387 s,Timing,Times,Time,600.000 탎 (1.667 kHz),
247756,12.388 s,Timing,Times,Time,1.650 ms (606.061 Hz),
247789,12.389 s,Timing,Times,Time,600.000 탎 (1.667 kHz),
247801,12.390 s,Timing,Times,Time,1.600 ms (625.000 Hz),
247833,12.392 s,Timing,Times,Time,600.000 탎 (1.667 kHz),
247845,12.392 s,Timing,Times,Time,1.650 ms (606.061 Hz),
247878,12.394 s,Timing,Times,Time,600.000 탎 (1.667 kHz),
247890,12.395 s,Timing,Times,Time,500.000 탎 (2.000 kHz),
247900,12.395 s,Timing,Times,Time,600.000 탎 (1.667 kHz),
247912,12.396 s,Timing,Times,Time,500.000 탎 (2.000 kHz),
247922,12.396 s,Timing,Times,Time,600.000 탎 (1.667 kHz),
247934,12.397 s,Timing,Times,Time,1.650 ms (606.061 Hz),
247967,12.398 s,Timing,Times,Time,600.000 탎 (1.667 kHz),
247979,12.399 s,Timing,Times,Time,1.600 ms (625.000 Hz),
248011,12.401 s,Timing,Times,Time,600.000 탎 (1.667 kHz),
248023,12.401 s,Timing,Times,Time,500.000 탎 (2.000 kHz),
248033,12.402 s,Timing,Times,Time,600.000 탎 (1.667 kHz),
248045,12.402 s,Timing,Times,Time,1.650 ms (606.061 Hz),
248078,12.404 s,Timing,Times,Time,600.000 탎 (1.667 kHz),
248090,12.405 s,Timing,Times,Time,500.000 탎 (2.000 kHz),
248100,12.405 s,Timing,Times,Time,600.000 탎 (1.667 kHz),
248112,12.406 s,Timing,Times,Time,1.650 ms (606.061 Hz),
248145,12.407 s,Timing,Times,Time,550.000 탎 (1.818 kHz),
248156,12.408 s,Timing,Times,Time,550.000 탎 (1.818 kHz),
248167,12.408 s,Timing,Times,Time,600.000 탎 (1.667 kHz),
248179,12.409 s,Timing,Times,Time,1.650 ms (606.061 Hz),
248212,12.411 s,Timing,Times,Time,550.000 탎 (1.818 kHz),
248223,12.411 s,Timing,Times,Time,550.000 탎 (1.818 kHz),
248234,12.412 s,Timing,Times,Time,550.000 탎 (1.818 kHz),
248245,12.412 s,Timing,Times,Time,550.000 탎 (1.818 kHz),
248256,12.413 s,Timing,Times,Time,600.000 탎 (1.667 kHz),
248268,12.413 s,Timing,Times,Time,500.000 탎 (2.000 kHz),
248278,12.414 s,Timing,Times,Time,600.000 탎 (1.667 kHz),
248290,12.415 s,Timing,Times,Time,500.000 탎 (2.000 kHz),
248300,12.415 s,Timing,Times,Time,600.000 탎 (1.667 kHz),
248312,12.416 s,Timing,Times,Time,1.650 ms (606.061 Hz),
248345,12.417 s,Timing,Times,Time,600.000 탎 (1.667 kHz),
248357,12.418 s,Timing,Times,Time,550.000 탎 (1.818 kHz),
248368,12.418 s,Timing,Times,Time,550.000 탎 (1.818 kHz),
248379,12.419 s,Timing,Times,Time,1.650 ms (606.061 Hz),
248412,12.421 s,Timing,Times,Time,600.000 탎 (1.667 kHz),
248424,12.421 s,Timing,Times,Time,500.000 탎 (2.000 kHz),
248434,12.422 s,Timing,Times,Time,600.000 탎 (1.667 kHz),
248446,12.422 s,Timing,Times,Time,1.650 ms (606.061 Hz),
248479,12.424 s,Timing,Times,Time,550.000 탎 (1.818 kHz),
248490,12.425 s,Timing,Times,Time,1.650 ms (606.061 Hz),
248523,12.426 s,Timing,Times,Time,600.000 탎 (1.667 kHz),
248535,12.427 s,Timing,Times,Time,1.600 ms (625.000 Hz),
248567,12.428 s,Timing,Times,Time,176.750 ms (5.658 Hz),
252102,12.605 s,Timing,Times,Time,1.100 ms (909.091 Hz),
252124,12.606 s,Timing,Times,Time,2.600 ms (384.615 Hz),
252176,12.609 s,Timing,Times,Time,550.000 탎 (1.818 kHz),
252187,12.609 s,Timing,Times,Time,600.000 탎 (1.667 kHz),
252199,12.610 s,Timing,Times,Time,500.000 탎 (2.000 kHz),
252209,12.610 s,Timing,Times,Time,600.000 탎 (1.667 kHz),
252221,12.611 s,Timing,Times,Time,500.000 탎 (2.000 kHz),
252231,12.612 s,Timing,Times,Time,600.000 탎 (1.667 kHz),
252243,12.612 s,Timing,Times,Time,1.650 ms (606.061 Hz),
252276,12.614 s,Timing,Times,Time,600.000 탎 (1.667 kHz),
252288,12.614 s,Timing,Times,Time,1.600 ms (625.000 Hz),
252320,12.616 s,Timing,Times,Time,600.000 탎 (1.667 kHz),
252332,12.617 s,Timing,Times,Time,500.000 탎 (2.000 kHz),
252342,12.617 s,Timing,Times,Time,600.000 탎 (1.667 kHz),
252354,12.618 s,Timing,Times,Time,550.000 탎 (1.818 kHz),
252365,12.618 s,Timing,Times,Time,600.000 탎 (1.667 kHz),
252377,12.619 s,Timing,Times,Time,1.600 ms (625.000 Hz),
252409,12.620 s,Timing,Times,Time,600.000 탎 (1.667 kHz),
252421,12.621 s,Timing,Times,Time,1.650 ms (606.061 Hz),
252454,12.623 s,Timing,Times,Time,550.000 탎 (1.818 kHz),
252465,12.623 s,Timing,Times,Time,1.650 ms (606.061 Hz),
252498,12.625 s,Timing,Times,Time,600.000 탎 (1.667 kHz),
252510,12.626 s,Timing,Times,Time,1.600 ms (625.000 Hz),
252542,12.627 s,Timing,Times,Time,600.000 탎 (1.667 kHz),
252554,12.628 s,Timing,Times,Time,550.000 탎 (1.818 kHz),
252565,12.628 s,Timing,Times,Time,600.000 탎 (1.667 kHz),
252577,12.629 s,Timing,Times,Time,500.000 탎 (2.000 kHz),
252587,12.629 s,Timing,Times,Time,600.000 탎 (1.667 kHz),
252599,12.630 s,Timing,Times,Time,1.600 ms (625.000 Hz),
252631,12.632 s,Timing,Times,Time,600.000 탎 (1.667 kHz),
252643,12.632 s,Timing,Times,Time,1.650 ms (606.061 Hz),
252676,12.634 s,Timing,Times,Time,600.000 탎 (1.667 kHz),
252688,12.634 s,Timing,Times,Time,500.000 탎 (2.000 kHz),
252698,12.635 s,Timing,Times,Time,600.000 탎 (1.667 kHz),
252710,12.636 s,Timing,Times,Time,1.600 ms (625.000 Hz),
252742,12.637 s,Timing,Times,Time,600.000 탎 (1.667 kHz),
252754,12.638 s,Timing,Times,Time,550.000 탎 (1.818 kHz),
252765,12.638 s,Timing,Times,Time,600.000 탎 (1.667 kHz),
252777,12.639 s,Timing,Times,Time,1.650 ms (606.061 Hz),
252810,12.640 s,Timing,Times,Time,550.000 탎 (1.818 kHz),
252821,12.641 s,Timing,Times,Time,500.000 탎 (2.000 kHz),
252831,12.642 s,Timing,Times,Time,600.000 탎 (1.667 kHz),
252843,12.642 s,Timing,Times,Time,1.650 ms (606.061 Hz),
252876,12.644 s,Timing,Times,Time,600.000 탎 (1.667 kHz),
252888,12.644 s,Timing,Times,Time,550.000 탎 (1.818 kHz),
252899,12.645 s,Timing,Times,Time,550.000 탎 (1.818 kHz),
252910,12.646 s,Timing,Times,Time,550.000 탎 (1.818 kHz),
252921,12.646 s,Timing,Times,Time,550.000 탎 (1.818 kHz),
252932,12.647 s,Timing,Times,Time,550.000 탎 (1.818 kHz),
252943,12.647 s,Timing,Times,Time,600.000 탎 (1.667 kHz),
252955,12.648 s,Timing,Times,Time,500.000 탎 (2.000 kHz),
252965,12.648 s,Timing,Times,Time,600.000 탎 (1.667 kHz),
252977,12.649 s,Timing,Times,Time,1.650 ms (606.061 Hz),
253010,12.650 s,Timing,Times,Time,550.000 탎 (1.818 kHz),
253021,12.651 s,Timing,Times,Time,550.000 탎 (1.818 kHz),
253032,12.652 s,Timing,Times,Time,600.000 탎 (1.667 kHz),
253044,12.652 s,Timing,Times,Time,1.650 ms (606.061 Hz),
253077,12.654 s,Timing,Times,Time,550.000 탎 (1.818 kHz),
253088,12.654 s,Timing,Times,Time,550.000 탎 (1.818 kHz),
253099,12.655 s,Timing,Times,Time,550.000 탎 (1.818 kHz),
253110,12.655 s,Timing,Times,Time,1.650 ms (606.061 Hz),
253143,12.657 s,Timing,Times,Time,600.000 탎 (1.667 kHz),
253155,12.658 s,Timing,Times,Time,1.650 ms (606.061 Hz),
253188,12.659 s,Timing,Times,Time,550.000 탎 (1.818 kHz),
253199,12.660 s,Timing,Times,Time,1.650 ms (606.061 Hz),
253232,12.662 s,Timing,Times,Time,177.350 ms (5.639 Hz),
256779,12.839 s,Timing,Times,Time,1.050 ms (952.381 Hz),
256800,12.840 s,Timing,Times,Time,2.650 ms (377.358 Hz),
256853,12.843 s,Timing,Times,Time,550.000 탎 (1.818 kHz),
256864,12.843 s,Timing,Times,Time,550.000 탎 (1.818 kHz),
256875,12.844 s,Timing,Times,Time,500.000 탎 (2.000 kHz),
256885,12.844 s,Timing,Times,Time,600.000 탎 (1.667 kHz),
256897,12.845 s,Timing,Times,Time,550.000 탎 (1.818 kHz),
256908,12.845 s,Timing,Times,Time,600.000 탎 (1.667 kHz),
256920,12.846 s,Timing,Times,Time,1.600 ms (625.000 Hz),
256952,12.848 s,Timing,Times,Time,600.000 탎 (1.667 kHz),
256964,12.848 s,Timing,Times,Time,1.650 ms (606.061 Hz),
256997,12.850 s,Timing,Times,Time,600.000 탎 (1.667 kHz),
257009,12.850 s,Timing,Times,Time,500.000 탎 (2.000 kHz),
257019,12.851 s,Timing,Times,Time,600.000 탎 (1.667 kHz),
257031,12.852 s,Timing,Times,Time,500.000 탎 (2.000 kHz),
257041,12.852 s,Timing,Times,Time,600.000 탎 (1.667 kHz),
257053,12.853 s,Timing,Times,Time,1.650 ms (606.061 Hz),
257086,12.854 s,Timing,Times,Time,600.000 탎 (1.667 kHz),
257098,12.855 s,Timing,Times,Time,1.600 ms (625.000 Hz),
257130,12.857 s,Timing,Times,Time,600.000 탎 (1.667 kHz),
257142,12.857 s,Timing,Times,Time,1.650 ms (606.061 Hz),
257175,12.859 s,Timing,Times,Time,550.000 탎 (1.818 kHz),
257186,12.859 s,Timing,Times,Time,1.650 ms (606.061 Hz),
257219,12.861 s,Timing,Times,Time,600.000 탎 (1.667 kHz),
257231,12.862 s,Timing,Times,Time,500.000 탎 (2.000 kHz),
257241,12.862 s,Timing,Times,Time,600.000 탎 (1.667 kHz),
257253,12.863 s,Timing,Times,Time,500.000 탎 (2.000 kHz),
257263,12.863 s,Timing,Times,Time,600.000 탎 (1.667 kHz),
257275,12.864 s,Timing,Times,Time,1.650 ms (606.061 Hz),
257308,12.865 s,Timing,Times,Time,600.000 탎 (1.667 kHz),
257320,12.866 s,Timing,Times,Time,1.650 ms (606.061 Hz),
257353,12.868 s,Timing,Times,Time,550.000 탎 (1.818 kHz),
257364,12.868 s,Timing,Times,Time,550.000 탎 (1.818 kHz),
257375,12.869 s,Timing,Times,Time,550.000 탎 (1.818 kHz),
257386,12.869 s,Timing,Times,Time,1.650 ms (606.061 Hz),
257419,12.871 s,Timing,Times,Time,600.000 탎 (1.667 kHz),
257431,12.872 s,Timing,Times,Time,550.000 탎 (1.818 kHz),
257442,12.872 s,Timing,Times,Time,550.000 탎 (1.818 kHz),
257453,12.873 s,Timing,Times,Time,1.650 ms (606.061 Hz),
257486,12.874 s,Timing,Times,Time,600.000 탎 (1.667 kHz),
257498,12.875 s,Timing,Times,Time,500.000 탎 (2.000 kHz),
257508,12.875 s,Timing,Times,Time,600.000 탎 (1.667 kHz),
257520,12.876 s,Timing,Times,Time,1.650 ms (606.061 Hz),
257553,12.878 s,Timing,Times,Time,550.000 탎 (1.818 kHz),
257564,12.878 s,Timing,Times,Time,550.000 탎 (1.818 kHz),
257575,12.879 s,Timing,Times,Time,600.000 탎 (1.667 kHz),
257587,12.879 s,Timing,Times,Time,500.000 탎 (2.000 kHz),
257597,12.880 s,Timing,Times,Time,600.000 탎 (1.667 kHz),
257609,12.880 s,Timing,Times,Time,550.000 탎 (1.818 kHz),
257620,12.881 s,Timing,Times,Time,550.000 탎 (1.818 kHz),
257631,12.882 s,Timing,Times,Time,550.000 탎 (1.818 kHz),
257642,12.882 s,Timing,Times,Time,600.000 탎 (1.667 kHz),
257654,12.883 s,Timing,Times,Time,1.600 ms (625.000 Hz),
257686,12.884 s,Timing,Times,Time,600.000 탎 (1.667 kHz),
257698,12.885 s,Timing,Times,Time,550.000 탎 (1.818 kHz),
257709,12.885 s,Timing,Times,Time,550.000 탎 (1.818 kHz),
257720,12.886 s,Timing,Times,Time,1.650 ms (606.061 Hz),
257753,12.888 s,Timing,Times,Time,600.000 탎 (1.667 kHz),
257765,12.888 s,Timing,Times,Time,500.000 탎 (2.000 kHz),
257775,12.889 s,Timing,Times,Time,600.000 탎 (1.667 kHz),
257787,12.889 s,Timing,Times,Time,1.650 ms (606.061 Hz),
257820,12.891 s,Timing,Times,Time,550.000 탎 (1.818 kHz),
257831,12.892 s,Timing,Times,Time,1.650 ms (606.061 Hz),
257864,12.893 s,Timing,Times,Time,600.000 탎 (1.667 kHz),
257876,12.894 s,Timing,Times,Time,1.650 ms (606.061 Hz),
257909,12.895 s,Timing,Times,Time,177.050 ms (5.648 Hz),
261450,13.072 s,Timing,Times,Time,1.100 ms (909.091 Hz),
261472,13.074 s,Timing,Times,Time,2.600 ms (384.615 Hz),
261524,13.076 s,Timing,Times,Time,550.000 탎 (1.818 kHz),
261535,13.077 s,Timing,Times,Time,600.000 탎 (1.667 kHz),
261547,13.077 s,Timing,Times,Time,500.000 탎 (2.000 kHz),
261557,13.078 s,Timing,Times,Time,600.000 탎 (1.667 kHz),
261569,13.078 s,Timing,Times,Time,500.000 탎 (2.000 kHz),
261579,13.079 s,Timing,Times,Time,650.000 탎 (1.538 kHz),
261592,13.080 s,Timing,Times,Time,1.600 ms (625.000 Hz),
261624,13.081 s,Timing,Times,Time,600.000 탎 (1.667 kHz),
261636,13.082 s,Timing,Times,Time,1.600 ms (625.000 Hz),
261668,13.083 s,Timing,Times,Time,600.000 탎 (1.667 kHz),
261680,13.084 s,Timing,Times,Time,500.000 탎 (2.000 kHz),
261690,13.085 s,Timing,Times,Time,600.000 탎 (1.667 kHz),
261702,13.085 s,Timing,Times,Time,550.000 탎 (1.818 kHz),
261713,13.086 s,Timing,Times,Time,600.000 탎 (1.667 kHz),
261725,13.086 s,Timing,Times,Time,1.600 ms (625.000 Hz),
261757,13.088 s,Timing,Times,Time,600.000 탎 (1.667 kHz),
261769,13.088 s,Timing,Times,Time,1.650 ms (606.061 Hz),
261802,13.090 s,Timing,Times,Time,550.000 탎 (1.818 kHz),
261813,13.091 s,Timing,Times,Time,1.650 ms (606.061 Hz),
261846,13.092 s,Timing,Times,Time,600.000 탎 (1.667 kHz),
261858,13.093 s,Timing,Times,Time,1.650 ms (606.061 Hz),
261891,13.095 s,Timing,Times,Time,550.000 탎 (1.818 kHz),
261902,13.095 s,Timing,Times,Time,550.000 탎 (1.818 kHz),
261913,13.096 s,Timing,Times,Time,600.000 탎 (1.667 kHz),
261925,13.096 s,Timing,Times,Time,500.000 탎 (2.000 kHz),
261935,13.097 s,Timing,Times,Time,600.000 탎 (1.667 kHz),
261947,13.097 s,Timing,Times,Time,1.650 ms (606.061 Hz),
261980,13.099 s,Timing,Times,Time,550.000 탎 (1.818 kHz),
261991,13.100 s,Timing,Times,Time,1.650 ms (606.061 Hz),
262024,13.101 s,Timing,Times,Time,600.000 탎 (1.667 kHz),
262036,13.102 s,Timing,Times,Time,500.000 탎 (2.000 kHz),
262046,13.102 s,Timing,Times,Time,600.000 탎 (1.667 kHz),
262058,13.103 s,Timing,Times,Time,1.650 ms (606.061 Hz),
262091,13.105 s,Timing,Times,Time,550.000 탎 (1.818 kHz),
262102,13.105 s,Timing,Times,Time,550.000 탎 (1.818 kHz),
262113,13.106 s,Timing,Times,Time,600.000 탎 (1.667 kHz),
262125,13.106 s,Timing,Times,Time,1.650 ms (606.061 Hz),
262158,13.108 s,Timing,Times,Time,550.000 탎 (1.818 kHz),
262169,13.108 s,Timing,Times,Time,500.000 탎 (2.000 kHz),
262179,13.109 s,Timing,Times,Time,600.000 탎 (1.667 kHz),
262191,13.110 s,Timing,Times,Time,1.650 ms (606.061 Hz),
262224,13.111 s,Timing,Times,Time,600.000 탎 (1.667 kHz),
262236,13.112 s,Timing,Times,Time,550.000 탎 (1.818 kHz),
262247,13.112 s,Timing,Times,Time,550.000 탎 (1.818 kHz),
262258,13.113 s,Timing,Times,Time,550.000 탎 (1.818 kHz),
262269,13.113 s,Timing,Times,Time,550.000 탎 (1.818 kHz),
262280,13.114 s,Timing,Times,Time,550.000 탎 (1.818 kHz),
262291,13.115 s,Timing,Times,Time,600.000 탎 (1.667 kHz),
262303,13.115 s,Timing,Times,Time,500.000 탎 (2.000 kHz),
262313,13.116 s,Timing,Times,Time,600.000 탎 (1.667 kHz),
262325,13.116 s,Timing,Times,Time,1.650 ms (606.061 Hz),
262358,13.118 s,Timing,Times,Time,550.000 탎 (1.818 kHz),
262369,13.118 s,Timing,Times,Time,550.000 탎 (1.818 kHz),
262380,13.119 s,Timing,Times,Time,600.000 탎 (1.667 kHz),
262392,13.120 s,Timing,Times,Time,1.650 ms (606.061 Hz),
262425,13.121 s,Timing,Times,Time,550.000 탎 (1.818 kHz),
262436,13.122 s,Timing,Times,Time,550.000 탎 (1.818 kHz),
262447,13.122 s,Timing,Times,Time,550.000 탎 (1.818 kHz),
262458,13.123 s,Timing,Times,Time,1.650 ms (606.061 Hz),
262491,13.125 s,Timing,Times,Time,600.000 탎 (1.667 kHz),
262503,13.125 s,Timing,Times,Time,1.650 ms (606.061 Hz),
262536,13.127 s,Timing,Times,Time,550.000 탎 (1.818 kHz),
262547,13.127 s,Timing,Times,Time,1.650 ms (606.061 Hz),
262580,13.129 s,Timing,Times,Time,176.500 ms (5.666 Hz),
266110,13.306 s,Timing,Times,Time,1.050 ms (952.381 Hz),
266131,13.307 s,Timing,Times,Time,2.650 ms (377.358 Hz),
266184,13.309 s,Timing,Times,Time,500.000 탎 (2.000 kHz),
266194,13.310 s,Timing,Times,Time,600.000 탎 (1.667 kHz),
266206,13.310 s,Timing,Times,Time,500.000 탎 (2.000 kHz),
266216,13.311 s,Timing,Times,Time,600.000 탎 (1.667 kHz),
266228,13.311 s,Timing,Times,Time,500.000 탎 (2.000 kHz),
266238,13.312 s,Timing,Times,Time,650.000 탎 (1.538 kHz),
266251,13.313 s,Timing,Times,Time,1.600 ms (625.000 Hz),
266283,13.314 s,Timing,Times,Time,600.000 탎 (1.667 kHz),
266295,13.315 s,Timing,Times,Time,1.600 ms (625.000 Hz),
266327,13.316 s,Timing,Times,Time,600.000 탎 (1.667 kHz),
266339,13.317 s,Timing,Times,Time,550.000 탎 (1.818 kHz),
266350,13.318 s,Timing,Times,Time,600.000 탎 (1.667 kHz),
266362,13.318 s,Timing,Times,Time,500.000 탎 (2.000 kHz),
266372,13.319 s,Timing,Times,Time,600.000 탎 (1.667 kHz),
266384,13.319 s,Timing,Times,Time,1.600 ms (625.000 Hz),
266416,13.321 s,Timing,Times,Time,600.000 탎 (1.667 kHz),
266428,13.321 s,Timing,Times,Time,1.650 ms (606.061 Hz),
266461,13.323 s,Timing,Times,Time,600.000 탎 (1.667 kHz),
266473,13.324 s,Timing,Times,Time,1.600 ms (625.000 Hz),
266505,13.325 s,Timing,Times,Time,600.000 탎 (1.667 kHz),
266517,13.326 s,Timing,Times,Time,1.650 ms (606.061 Hz),
266550,13.328 s,Timing,Times,Time,550.000 탎 (1.818 kHz),
266561,13.328 s,Timing,Times,Time,550.000 탎 (1.818 kHz),
266572,13.329 s,Timing,Times,Time,600.000 탎 (1.667 kHz),
266584,13.329 s,Timing,Times,Time,550.000 탎 (1.818 kHz),
266595,13.330 s,Timing,Times,Time,550.000 탎 (1.818 kHz),
266606,13.330 s,Timing,Times,Time,1.650 ms (606.061 Hz),
266639,13.332 s,Timing,Times,Time,550.000 탎 (1.818 kHz),
266650,13.332 s,Timing,Times,Time,1.650 ms (606.061 Hz),
266683,13.334 s,Timing,Times,Time,600.000 탎 (1.667 kHz),
266695,13.335 s,Timing,Times,Time,550.000 탎 (1.818 kHz),
266706,13.335 s,Timing,Times,Time,550.000 탎 (1.818 kHz),
266717,13.336 s,Timing,Times,Time,1.650 ms (606.061 Hz),
266750,13.338 s,Timing,Times,Time,600.000 탎 (1.667 kHz),
266762,13.338 s,Timing,Times,Time,500.000 탎 (2.000 kHz),
266772,13.339 s,Timing,Times,Time,600.000 탎 (1.667 kHz),
266784,13.339 s,Timing,Times,Time,1.650 ms (606.061 Hz),
266817,13.341 s,Timing,Times,Time,550.000 탎 (1.818 kHz),
266828,13.341 s,Timing,Times,Time,550.000 탎 (1.818 kHz),
266839,13.342 s,Timing,Times,Time,600.000 탎 (1.667 kHz),
266851,13.343 s,Timing,Times,Time,1.650 ms (606.061 Hz),
266884,13.344 s,Timing,Times,Time,550.000 탎 (1.818 kHz),
266895,13.345 s,Timing,Times,Time,500.000 탎 (2.000 kHz),
266905,13.345 s,Timing,Times,Time,600.000 탎 (1.667 kHz),
266917,13.346 s,Timing,Times,Time,550.000 탎 (1.818 kHz),
266928,13.346 s,Timing,Times,Time,600.000 탎 (1.667 kHz),
266940,13.347 s,Timing,Times,Time,500.000 탎 (2.000 kHz),
266950,13.348 s,Timing,Times,Time,600.000 탎 (1.667 kHz),
266962,13.348 s,Timing,Times,Time,550.000 탎 (1.818 kHz),
266973,13.349 s,Timing,Times,Time,550.000 탎 (1.818 kHz),
266984,13.349 s,Timing,Times,Time,1.650 ms (606.061 Hz),
267017,13.351 s,Timing,Times,Time,600.000 탎 (1.667 kHz),
267029,13.351 s,Timing,Times,Time,500.000 탎 (2.000 kHz),
267039,13.352 s,Timing,Times,Time,600.000 탎 (1.667 kHz),
267051,13.353 s,Timing,Times,Time,1.600 ms (625.000 Hz),
267083,13.354 s,Timing,Times,Time,600.000 탎 (1.667 kHz),
267095,13.355 s,Timing,Times,Time,550.000 탎 (1.818 kHz),
267106,13.355 s,Timing,Times,Time,600.000 탎 (1.667 kHz),
267118,13.356 s,Timing,Times,Time,1.650 ms (606.061 Hz),
267151,13.358 s,Timing,Times,Time,550.000 탎 (1.818 kHz),
267162,13.358 s,Timing,Times,Time,1.650 ms (606.061 Hz),
267195,13.360 s,Timing,Times,Time,550.000 탎 (1.818 kHz),
267206,13.360 s,Timing,Times,Time,1.650 ms (606.061 Hz),
267239,13.362 s,Timing,Times,Time,177.300 ms (5.640 Hz),
270785,13.539 s,Timing,Times,Time,1.100 ms (909.091 Hz),
270807,13.540 s,Timing,Times,Time,2.600 ms (384.615 Hz),
270859,13.543 s,Timing,Times,Time,550.000 탎 (1.818 kHz),
270870,13.543 s,Timing,Times,Time,600.000 탎 (1.667 kHz),
270882,13.544 s,Timing,Times,Time,500.000 탎 (2.000 kHz),
270892,13.545 s,Timing,Times,Time,600.000 탎 (1.667 kHz),
270904,13.545 s,Timing,Times,Time,500.000 탎 (2.000 kHz),
270914,13.546 s,Timing,Times,Time,600.000 탎 (1.667 kHz),
270926,13.546 s,Timing,Times,Time,1.650 ms (606.061 Hz),
270959,13.548 s,Timing,Times,Time,600.000 탎 (1.667 kHz),
270971,13.549 s,Timing,Times,Time,1.600 ms (625.000 Hz),
271003,13.550 s,Timing,Times,Time,600.000 탎 (1.667 kHz),
271015,13.551 s,Timing,Times,Time,500.000 탎 (2.000 kHz),
271025,13.551 s,Timing,Times,Time,600.000 탎 (1.667 kHz),
271037,13.552 s,Timing,Times,Time,550.000 탎 (1.818 kHz),
271048,13.552 s,Timing,Times,Time,600.000 탎 (1.667 kHz),
271060,13.553 s,Timing,Times,Time,1.650 ms (606.061 Hz),
271093,13.555 s,Timing,Times,Time,550.000 탎 (1.818 kHz),
271104,13.555 s,Timing,Times,Time,1.650 ms (606.061 Hz),
271137,13.557 s,Timing,Times,Time,550.000 탎 (1.818 kHz),
271148,13.557 s,Timing,Times,Time,1.650 ms (606.061 Hz),
271181,13.559 s,Timing,Times,Time,600.000 탎 (1.667 kHz),
271193,13.560 s,Timing,Times,Time,1.600 ms (625.000 Hz),
271225,13.561 s,Timing,Times,Time,600.000 탎 (1.667 kHz),
271237,13.562 s,Timing,Times,Time,550.000 탎 (1.818 kHz),
271248,13.562 s,Timing,Times,Time,600.000 탎 (1.667 kHz),
271260,13.563 s,Timing,Times,Time,500.000 탎 (2.000 kHz),
271270,13.563 s,Timing,Times,Time,600.000 탎 (1.667 kHz),
271282,13.564 s,Timing,Times,Time,1.650 ms (606.061 Hz),
271315,13.566 s,Timing,Times,Time,550.000 탎 (1.818 kHz),
271326,13.566 s,Timing,Times,Time,1.650 ms (606.061 Hz),
271359,13.568 s,Timing,Times,Time,600.000 탎 (1.667 kHz),
271371,13.569 s,Timing,Times,Time,500.000 탎 (2.000 kHz),
271381,13.569 s,Timing,Times,Time,600.000 탎 (1.667 kHz),
271393,13.570 s,Timing,Times,Time,1.600 ms (625.000 Hz),
271425,13.571 s,Timing,Times,Time,600.000 탎 (1.667 kHz),
271437,13.572 s,Timing,Times,Time,550.000 탎 (1.818 kHz),
271448,13.572 s,Timing,Times,Time,600.000 탎 (1.667 kHz),
271460,13.573 s,Timing,Times,Time,1.600 ms (625.000 Hz),
271492,13.575 s,Timing,Times,Time,600.000 탎 (1.667 kHz),
271504,13.575 s,Timing,Times,Time,550.000 탎 (1.818 kHz),
271515,13.576 s,Timing,Times,Time,550.000 탎 (1.818 kHz),
271526,13.576 s,Timing,Times,Time,1.650 ms (606.061 Hz),
271559,13.578 s,Timing,Times,Time,600.000 탎 (1.667 kHz),
271571,13.579 s,Timing,Times,Time,550.000 탎 (1.818 kHz),
271582,13.579 s,Timing,Times,Time,550.000 탎 (1.818 kHz),
271593,13.580 s,Timing,Times,Time,550.000 탎 (1.818 kHz),
271604,13.580 s,Timing,Times,Time,550.000 탎 (1.818 kHz),
271615,13.581 s,Timing,Times,Time,550.000 탎 (1.818 kHz),
271626,13.581 s,Timing,Times,Time,600.000 탎 (1.667 kHz),
271638,13.582 s,Timing,Times,Time,550.000 탎 (1.818 kHz),
271649,13.582 s,Timing,Times,Time,550.000 탎 (1.818 kHz),
271660,13.583 s,Timing,Times,Time,1.650 ms (606.061 Hz),
271693,13.585 s,Timing,Times,Time,550.000 탎 (1.818 kHz),
271704,13.585 s,Timing,Times,Time,550.000 탎 (1.818 kHz),
271715,13.586 s,Timing,Times,Time,600.000 탎 (1.667 kHz),
271727,13.586 s,Timing,Times,Time,1.650 ms (606.061 Hz),
271760,13.588 s,Timing,Times,Time,550.000 탎 (1.818 kHz),
271771,13.589 s,Timing,Times,Time,550.000 탎 (1.818 kHz),
271782,13.589 s,Timing,Times,Time,550.000 탎 (1.818 kHz),
271793,13.590 s,Timing,Times,Time,1.650 ms (606.061 Hz),
271826,13.591 s,Timing,Times,Time,600.000 탎 (1.667 kHz),
271838,13.592 s,Timing,Times,Time,1.650 ms (606.061 Hz),
271871,13.594 s,Timing,Times,Time,550.000 탎 (1.818 kHz),
271882,13.594 s,Timing,Times,Time,1.650 ms (606.061 Hz),
271915,13.596 s,Timing,Times,Time,175.650 ms (5.693 Hz),
275428,13.771 s,Timing,Times,Time,1.050 ms (952.381 Hz),
275449,13.772 s,Timing,Times,Time,2.650 ms (377.358 Hz),
275502,13.775 s,Timing,Times,Time,500.000 탎 (2.000 kHz),
275512,13.776 s,Timing,Times,Time,600.000 탎 (1.667 kHz),
275524,13.776 s,Timing,Times,Time,500.000 탎 (2.000 kHz),
275534,13.777 s,Timing,Times,Time,600.000 탎 (1.667 kHz),
275546,13.777 s,Timing,Times,Time,550.000 탎 (1.818 kHz),
275557,13.778 s,Timing,Times,Time,550.000 탎 (1.818 kHz),
275568,13.778 s,Timing,Times,Time,1.650 ms (606.061 Hz),
275601,13.780 s,Timing,Times,Time,600.000 탎 (1.667 kHz),
275613,13.781 s,Timing,Times,Time,1.600 ms (625.000 Hz),
275645,13.782 s,Timing,Times,Time,600.000 탎 (1.667 kHz),
275657,13.783 s,Timing,Times,Time,550.000 탎 (1.818 kHz),
275668,13.783 s,Timing,Times,Time,600.000 탎 (1.667 kHz),
275680,13.784 s,Timing,Times,Time,500.000 탎 (2.000 kHz),
275690,13.784 s,Timing,Times,Time,600.000 탎 (1.667 kHz),
275702,13.785 s,Timing,Times,Time,1.600 ms (625.000 Hz),
275734,13.787 s,Timing,Times,Time,600.000 탎 (1.667 kHz),
275746,13.787 s,Timing,Times,Time,1.650 ms (606.061 Hz),
275779,13.789 s,Timing,Times,Time,600.000 탎 (1.667 kHz),
275791,13.790 s,Timing,Times,Time,1.600 ms (625.000 Hz),
275823,13.791 s,Timing,Times,Time,600.000 탎 (1.667 kHz),
275835,13.792 s,Timing,Times,Time,1.650 ms (606.061 Hz),
275868,13.793 s,Timing,Times,Time,600.000 탎 (1.667 kHz),
275880,13.794 s,Timing,Times,Time,500.000 탎 (2.000 kHz),
275890,13.794 s,Timing,Times,Time,600.000 탎 (1.667 kHz),
275902,13.795 s,Timing,Times,Time,550.000 탎 (1.818 kHz),
275913,13.796 s,Timing,Times,Time,550.000 탎 (1.818 kHz),
275924,13.796 s,Timing,Times,Time,1.650 ms (606.061 Hz),
275957,13.798 s,Timing,Times,Time,600.000 탎 (1.667 kHz),
275969,13.798 s,Timing,Times,Time,1.600 ms (625.000 Hz),
276001,13.800 s,Timing,Times,Time,600.000 탎 (1.667 kHz),
276013,13.801 s,Timing,Times,Time,500.000 탎 (2.000 kHz),
276023,13.801 s,Timing,Times,Time,600.000 탎 (1.667 kHz),
276035,13.802 s,Timing,Times,Time,1.650 ms (606.061 Hz),
276068,13.803 s,Timing,Times,Time,600.000 탎 (1.667 kHz),
276080,13.804 s,Timing,Times,Time,500.000 탎 (2.000 kHz),
276090,13.805 s,Timing,Times,Time,600.000 탎 (1.667 kHz),
276102,13.805 s,Timing,Times,Time,1.600 ms (625.000 Hz),
276134,13.807 s,Timing,Times,Time,600.000 탎 (1.667 kHz),
276146,13.807 s,Timing,Times,Time,550.000 탎 (1.818 kHz),
276157,13.808 s,Timing,Times,Time,600.000 탎 (1.667 kHz),
276169,13.808 s,Timing,Times,Time,1.650 ms (606.061 Hz),
276202,13.810 s,Timing,Times,Time,550.000 탎 (1.818 kHz),
276213,13.811 s,Timing,Times,Time,550.000 탎 (1.818 kHz),
276224,13.811 s,Timing,Times,Time,550.000 탎 (1.818 kHz),
276235,13.812 s,Timing,Times,Time,550.000 탎 (1.818 kHz),
276246,13.812 s,Timing,Times,Time,600.000 탎 (1.667 kHz),
276258,13.813 s,Timing,Times,Time,500.000 탎 (2.000 kHz),
276268,13.813 s,Timing,Times,Time,600.000 탎 (1.667 kHz),
276280,13.814 s,Timing,Times,Time,550.000 탎 (1.818 kHz),
276291,13.815 s,Timing,Times,Time,550.000 탎 (1.818 kHz),
276302,13.815 s,Timing,Times,Time,1.650 ms (606.061 Hz),
276335,13.817 s,Timing,Times,Time,600.000 탎 (1.667 kHz),
276347,13.817 s,Timing,Times,Time,500.000 탎 (2.000 kHz),
276357,13.818 s,Timing,Times,Time,600.000 탎 (1.667 kHz),
276369,13.818 s,Timing,Times,Time,1.650 ms (606.061 Hz),
276402,13.820 s,Timing,Times,Time,550.000 탎 (1.818 kHz),
276413,13.821 s,Timing,Times,Time,550.000 탎 (1.818 kHz),
276424,13.821 s,Timing,Times,Time,600.000 탎 (1.667 kHz),
276436,13.822 s,Timing,Times,Time,1.650 ms (606.061 Hz),
276469,13.823 s,Timing,Times,Time,550.000 탎 (1.818 kHz),
276480,13.824 s,Timing,Times,Time,1.650 ms (606.061 Hz),
276513,13.826 s,Timing,Times,Time,550.000 탎 (1.818 kHz),
276524,13.826 s,Timing,Times,Time,1.650 ms (606.061 Hz),
276557,13.828 s,Timing,Times,Time,175.800 ms (5.688 Hz),
280073,14.004 s,Timing,Times,Time,1.100 ms (909.091 Hz),
280095,14.005 s,Timing,Times,Time,2.600 ms (384.615 Hz),
280147,14.007 s,Timing,Times,Time,500.000 탎 (2.000 kHz),
280157,14.008 s,Timing,Times,Time,600.000 탎 (1.667 kHz),
280169,14.008 s,Timing,Times,Time,550.000 탎 (1.818 kHz),
280180,14.009 s,Timing,Times,Time,600.000 탎 (1.667 kHz),
280192,14.010 s,Timing,Times,Time,500.000 탎 (2.000 kHz),
280202,14.010 s,Timing,Times,Time,600.000 탎 (1.667 kHz),
280214,14.011 s,Timing,Times,Time,1.600 ms (625.000 Hz),
280246,14.012 s,Timing,Times,Time,600.000 탎 (1.667 kHz),
280258,14.013 s,Timing,Times,Time,1.650 ms (606.061 Hz),
280291,14.015 s,Timing,Times,Time,600.000 탎 (1.667 kHz),
280303,14.015 s,Timing,Times,Time,500.000 탎 (2.000 kHz),
280313,14.016 s,Timing,Times,Time,600.000 탎 (1.667 kHz),
280325,14.016 s,Timing,Times,Time,500.000 탎 (2.000 kHz),
280335,14.017 s,Timing,Times,Time,600.000 탎 (1.667 kHz),
280347,14.017 s,Timing,Times,Time,1.650 ms (606.061 Hz),
280380,14.019 s,Timing,Times,Time,600.000 탎 (1.667 kHz),
280392,14.020 s,Timing,Times,Time,1.600 ms (625.000 Hz),
280424,14.021 s,Timing,Times,Time,600.000 탎 (1.667 kHz),
280436,14.022 s,Timing,Times,Time,1.650 ms (606.061 Hz),
280469,14.023 s,Timing,Times,Time,600.000 탎 (1.667 kHz),
280481,14.024 s,Timing,Times,Time,1.600 ms (625.000 Hz),
280513,14.026 s,Timing,Times,Time,600.000 탎 (1.667 kHz),
280525,14.026 s,Timing,Times,Time,500.000 탎 (2.000 kHz),
280535,14.027 s,Timing,Times,Time,600.000 탎 (1.667 kHz),
280547,14.027 s,Timing,Times,Time,550.000 탎 (1.818 kHz),
280558,14.028 s,Timing,Times,Time,600.000 탎 (1.667 kHz),
280570,14.028 s,Timing,Times,Time,1.600 ms (625.000 Hz),
280602,14.030 s,Timing,Times,Time,600.000 탎 (1.667 kHz),
280614,14.031 s,Timing,Times,Time,1.650 ms (606.061 Hz),
280647,14.032 s,Timing,Times,Time,550.000 탎 (1.818 kHz),
280658,14.033 s,Timing,Times,Time,550.000 탎 (1.818 kHz),
280669,14.033 s,Timing,Times,Time,600.000 탎 (1.667 kHz),
280681,14.034 s,Timing,Times,Time,1.650 ms (606.061 Hz),
280714,14.036 s,Timing,Times,Time,550.000 탎 (1.818 kHz),
280725,14.036 s,Timing,Times,Time,550.000 탎 (1.818 kHz),
280736,14.037 s,Timing,Times,Time,550.000 탎 (1.818 kHz),
280747,14.037 s,Timing,Times,Time,1.650 ms (606.061 Hz),
280780,14.039 s,Timing,Times,Time,600.000 탎 (1.667 kHz),
280792,14.040 s,Timing,Times,Time,550.000 탎 (1.818 kHz),
280803,14.040 s,Timing,Times,Time,550.000 탎 (1.818 kHz),
280814,14.041 s,Timing,Times,Time,1.650 ms (606.061 Hz),
280847,14.042 s,Timing,Times,Time,550.000 탎 (1.818 kHz),
280858,14.043 s,Timing,Times,Time,550.000 탎 (1.818 kHz),
280869,14.043 s,Timing,Times,Time,600.000 탎 (1.667 kHz),
280881,14.044 s,Timing,Times,Time,550.000 탎 (1.818 kHz),
280892,14.045 s,Timing,Times,Time,550.000 탎 (1.818 kHz),
280903,14.045 s,Timing,Times,Time,550.000 탎 (1.818 kHz),
280914,14.046 s,Timing,Times,Time,550.000 탎 (1.818 kHz),
280925,14.046 s,Timing,Times,Time,550.000 탎 (1.818 kHz),
280936,14.047 s,Timing,Times,Time,600.000 탎 (1.667 kHz),
280948,14.047 s,Timing,Times,Time,1.650 ms (606.061 Hz),
280981,14.049 s,Timing,Times,Time,550.000 탎 (1.818 kHz),
280992,14.050 s,Timing,Times,Time,550.000 탎 (1.818 kHz),
281003,14.050 s,Timing,Times,Time,550.000 탎 (1.818 kHz),
281014,14.051 s,Timing,Times,Time,1.650 ms (606.061 Hz),
281047,14.052 s,Timing,Times,Time,600.000 탎 (1.667 kHz),
281059,14.053 s,Timing,Times,Time,550.000 탎 (1.818 kHz),
281070,14.053 s,Timing,Times,Time,550.000 탎 (1.818 kHz),
281081,14.054 s,Timing,Times,Time,1.650 ms (606.061 Hz),
281114,14.056 s,Timing,Times,Time,550.000 탎 (1.818 kHz),
281125,14.056 s,Timing,Times,Time,1.650 ms (606.061 Hz),
281158,14.058 s,Timing,Times,Time,600.000 탎 (1.667 kHz),
281170,14.059 s,Timing,Times,Time,1.650 ms (606.061 Hz),
281203,14.060 s,Timing,Times,Time,176.350 ms (5.671 Hz),
284730,14.236 s,Timing,Times,Time,1.050 ms (952.381 Hz),
284751,14.238 s,Timing,Times,Time,2.600 ms (384.615 Hz),
284803,14.240 s,Timing,Times,Time,550.000 탎 (1.818 kHz),
284814,14.241 s,Timing,Times,Time,600.000 탎 (1.667 kHz),
284826,14.241 s,Timing,Times,Time,500.000 탎 (2.000 kHz),
284836,14.242 s,Timing,Times,Time,600.000 탎 (1.667 kHz),
284848,14.242 s,Timing,Times,Time,500.000 탎 (2.000 kHz),
284858,14.243 s,Timing,Times,Time,600.000 탎 (1.667 kHz),
284870,14.243 s,Timing,Times,Time,1.650 ms (606.061 Hz),
284903,14.245 s,Timing,Times,Time,600.000 탎 (1.667 kHz),
284915,14.246 s,Timing,Times,Time,1.600 ms (625.000 Hz),
284947,14.247 s,Timing,Times,Time,600.000 탎 (1.667 kHz),
284959,14.248 s,Timing,Times,Time,500.000 탎 (2.000 kHz),
284969,14.248 s,Timing,Times,Time,600.000 탎 (1.667 kHz),
284981,14.249 s,Timing,Times,Time,550.000 탎 (1.818 kHz),
284992,14.250 s,Timing,Times,Time,600.000 탎 (1.667 kHz),
285004,14.250 s,Timing,Times,Time,1.600 ms (625.000 Hz),
285036,14.252 s,Timing,Times,Time,600.000 탎 (1.667 kHz),
285048,14.252 s,Timing,Times,Time,1.650 ms (606.061 Hz),
285081,14.254 s,Timing,Times,Time,600.000 탎 (1.667 kHz),
285093,14.255 s,Timing,Times,Time,1.600 ms (625.000 Hz),
285125,14.256 s,Timing,Times,Time,600.000 탎 (1.667 kHz),
285137,14.257 s,Timing,Times,Time,1.600 ms (625.000 Hz),
285169,14.258 s,Timing,Times,Time,600.000 탎 (1.667 kHz),
285181,14.259 s,Timing,Times,Time,550.000 탎 (1.818 kHz),
285192,14.260 s,Timing,Times,Time,600.000 탎 (1.667 kHz),
285204,14.260 s,Timing,Times,Time,500.000 탎 (2.000 kHz),
285214,14.261 s,Timing,Times,Time,600.000 탎 (1.667 kHz),
285226,14.261 s,Timing,Times,Time,1.650 ms (606.061 Hz),
285259,14.263 s,Timing,Times,Time,550.000 탎 (1.818 kHz),
285270,14.264 s,Timing,Times,Time,1.650 ms (606.061 Hz),
285303,14.265 s,Timing,Times,Time,600.000 탎 (1.667 kHz),
285315,14.266 s,Timing,Times,Time,500.000 탎 (2.000 kHz),
285325,14.266 s,Timing,Times,Time,600.000 탎 (1.667 kHz),
285337,14.267 s,Timing,Times,Time,1.650 ms (606.061 Hz),
285370,14.268 s,Timing,Times,Time,550.000 탎 (1.818 kHz),
285381,14.269 s,Timing,Times,Time,550.000 탎 (1.818 kHz),
285392,14.270 s,Timing,Times,Time,600.000 탎 (1.667 kHz),
285404,14.270 s,Timing,Times,Time,1.650 ms (606.061 Hz),
285437,14.272 s,Timing,Times,Time,550.000 탎 (1.818 kHz),
285448,14.272 s,Timing,Times,Time,500.000 탎 (2.000 kHz),
285458,14.273 s,Timing,Times,Time,600.000 탎 (1.667 kHz),
285470,14.274 s,Timing,Times,Time,1.650 ms (606.061 Hz),
285503,14.275 s,Timing,Times,Time,600.000 탎 (1.667 kHz),
285515,14.276 s,Timing,Times,Time,550.000 탎 (1.818 kHz),
285526,14.276 s,Timing,Times,Time,550.000 탎 (1.818 kHz),
285537,14.277 s,Timing,Times,Time,550.000 탎 (1.818 kHz),
285548,14.277 s,Timing,Times,Time,550.000 탎 (1.818 kHz),
285559,14.278 s,Timing,Times,Time,550.000 탎 (1.818 kHz),
285570,14.278 s,Timing,Times,Time,600.000 탎 (1.667 kHz),
285582,14.279 s,Timing,Times,Time,550.000 탎 (1.818 kHz),
285593,14.280 s,Timing,Times,Time,550.000 탎 (1.818 kHz),
285604,14.280 s,Timing,Times,Time,1.650 ms (606.061 Hz),
285637,14.282 s,Timing,Times,Time,550.000 탎 (1.818 kHz),
285648,14.282 s,Timing,Times,Time,550.000 탎 (1.818 kHz),
285659,14.283 s,Timing,Times,Time,600.000 탎 (1.667 kHz),
285671,14.284 s,Timing,Times,Time,1.650 ms (606.061 Hz),
285704,14.285 s,Timing,Times,Time,550.000 탎 (1.818 kHz),
285715,14.286 s,Timing,Times,Time,550.000 탎 (1.818 kHz),
285726,14.286 s,Timing,Times,Time,550.000 탎 (1.818 kHz),
285737,14.287 s,Timing,Times,Time,1.650 ms (606.061 Hz),
285770,14.289 s,Timing,Times,Time,600.000 탎 (1.667 kHz),
285782,14.289 s,Timing,Times,Time,1.650 ms (606.061 Hz),
285815,14.291 s,Timing,Times,Time,550.000 탎 (1.818 kHz),
285826,14.291 s,Timing,Times,Time,1.650 ms (606.061 Hz),
285859,14.293 s,Timing,Times,Time,176.750 ms (5.658 Hz),
289394,14.470 s,Timing,Times,Time,1.050 ms (952.381 Hz),
289415,14.471 s,Timing,Times,Time,2.650 ms (377.358 Hz),
289468,14.473 s,Timing,Times,Time,500.000 탎 (2.000 kHz),
289478,14.474 s,Timing,Times,Time,600.000 탎 (1.667 kHz),
289490,14.475 s,Timing,Times,Time,500.000 탎 (2.000 kHz),
289500,14.475 s,Timing,Times,Time,600.000 탎 (1.667 kHz),
289512,14.476 s,Timing,Times,Time,550.000 탎 (1.818 kHz),
289523,14.476 s,Timing,Times,Time,600.000 탎 (1.667 kHz),
289535,14.477 s,Timing,Times,Time,1.600 ms (625.000 Hz),
289567,14.478 s,Timing,Times,Time,600.000 탎 (1.667 kHz),
289579,14.479 s,Timing,Times,Time,1.650 ms (606.061 Hz),
289612,14.481 s,Timing,Times,Time,550.000 탎 (1.818 kHz),
289623,14.481 s,Timing,Times,Time,550.000 탎 (1.818 kHz),
289634,14.482 s,Timing,Times,Time,600.000 탎 (1.667 kHz),
289646,14.482 s,Timing,Times,Time,500.000 탎 (2.000 kHz),
289656,14.483 s,Timing,Times,Time,600.000 탎 (1.667 kHz),
289668,14.483 s,Timing,Times,Time,1.650 ms (606.061 Hz),
289701,14.485 s,Timing,Times,Time,600.000 탎 (1.667 kHz),
289713,14.486 s,Timing,Times,Time,1.600 ms (625.000 Hz),
289745,14.487 s,Timing,Times,Time,600.000 탎 (1.667 kHz),
289757,14.488 s,Timing,Times,Time,1.600 ms (625.000 Hz),
289789,14.489 s,Timing,Times,Time,600.000 탎 (1.667 kHz),
289801,14.490 s,Timing,Times,Time,1.650 ms (606.061 Hz),
289834,14.492 s,Timing,Times,Time,600.000 탎 (1.667 kHz),
289846,14.492 s,Timing,Times,Time,500.000 탎 (2.000 kHz),
289856,14.493 s,Timing,Times,Time,600.000 탎 (1.667 kHz),
289868,14.493 s,Timing,Times,Time,500.000 탎 (2.000 kHz),
289878,14.494 s,Timing,Times,Time,600.000 탎 (1.667 kHz),
289890,14.495 s,Timing,Times,Time,1.650 ms (606.061 Hz),
289923,14.496 s,Timing,Times,Time,600.000 탎 (1.667 kHz),
289935,14.497 s,Timing,Times,Time,1.600 ms (625.000 Hz),
289967,14.498 s,Timing,Times,Time,600.000 탎 (1.667 kHz),
289979,14.499 s,Timing,Times,Time,500.000 탎 (2.000 kHz),
289989,14.499 s,Timing,Times,Time,600.000 탎 (1.667 kHz),
290001,14.500 s,Timing,Times,Time,1.650 ms (606.061 Hz),
290034,14.502 s,Timing,Times,Time,600.000 탎 (1.667 kHz),
290046,14.502 s,Timing,Times,Time,550.000 탎 (1.818 kHz),
290057,14.503 s,Timing,Times,Time,550.000 탎 (1.818 kHz),
290068,14.503 s,Timing,Times,Time,1.650 ms (606.061 Hz),
290101,14.505 s,Timing,Times,Time,600.000 탎 (1.667 kHz),
290113,14.506 s,Timing,Times,Time,500.000 탎 (2.000 kHz),
290123,14.506 s,Timing,Times,Time,600.000 탎 (1.667 kHz),
290135,14.507 s,Timing,Times,Time,1.650 ms (606.061 Hz),
290168,14.508 s,Timing,Times,Time,550.000 탎 (1.818 kHz),
290179,14.509 s,Timing,Times,Time,550.000 탎 (1.818 kHz),
290190,14.509 s,Timing,Times,Time,550.000 탎 (1.818 kHz),
290201,14.510 s,Timing,Times,Time,550.000 탎 (1.818 kHz),
290212,14.511 s,Timing,Times,Time,600.000 탎 (1.667 kHz),
290224,14.511 s,Timing,Times,Time,550.000 탎 (1.818 kHz),
290235,14.512 s,Timing,Times,Time,550.000 탎 (1.818 kHz),
290246,14.512 s,Timing,Times,Time,550.000 탎 (1.818 kHz),
290257,14.513 s,Timing,Times,Time,550.000 탎 (1.818 kHz),
290268,14.513 s,Timing,Times,Time,1.650 ms (606.061 Hz),
290301,14.515 s,Timing,Times,Time,600.000 탎 (1.667 kHz),
290313,14.516 s,Timing,Times,Time,550.000 탎 (1.818 kHz),
290324,14.516 s,Timing,Times,Time,550.000 탎 (1.818 kHz),
290335,14.517 s,Timing,Times,Time,1.650 ms (606.061 Hz),
290368,14.518 s,Timing,Times,Time,550.000 탎 (1.818 kHz),
290379,14.519 s,Timing,Times,Time,550.000 탎 (1.818 kHz),
290390,14.520 s,Timing,Times,Time,600.000 탎 (1.667 kHz),
290402,14.520 s,Timing,Times,Time,1.650 ms (606.061 Hz),
290435,14.522 s,Timing,Times,Time,550.000 탎 (1.818 kHz),
290446,14.522 s,Timing,Times,Time,1.650 ms (606.061 Hz),
290479,14.524 s,Timing,Times,Time,600.000 탎 (1.667 kHz),
290491,14.525 s,Timing,Times,Time,1.650 ms (606.061 Hz),
290524,14.526 s,Timing,Times,Time,176.400 ms (5.669 Hz),
294052,14.703 s,Timing,Times,Time,1.050 ms (952.381 Hz),
294073,14.704 s,Timing,Times,Time,2.650 ms (377.358 Hz),
294126,14.706 s,Timing,Times,Time,500.000 탎 (2.000 kHz),
294136,14.707 s,Timing,Times,Time,600.000 탎 (1.667 kHz),
294148,14.707 s,Timing,Times,Time,500.000 탎 (2.000 kHz),
294158,14.708 s,Timing,Times,Time,600.000 탎 (1.667 kHz),
294170,14.709 s,Timing,Times,Time,550.000 탎 (1.818 kHz),
294181,14.709 s,Timing,Times,Time,600.000 탎 (1.667 kHz),
294193,14.710 s,Timing,Times,Time,1.600 ms (625.000 Hz),
294225,14.711 s,Timing,Times,Time,600.000 탎 (1.667 kHz),
294237,14.712 s,Timing,Times,Time,1.600 ms (625.000 Hz),
294269,14.713 s,Timing,Times,Time,600.000 탎 (1.667 kHz),
294281,14.714 s,Timing,Times,Time,550.000 탎 (1.818 kHz),
294292,14.715 s,Timing,Times,Time,600.000 탎 (1.667 kHz),
294304,14.715 s,Timing,Times,Time,500.000 탎 (2.000 kHz),
294314,14.716 s,Timing,Times,Time,600.000 탎 (1.667 kHz),
294326,14.716 s,Timing,Times,Time,1.600 ms (625.000 Hz),
294358,14.718 s,Timing,Times,Time,600.000 탎 (1.667 kHz),
294370,14.719 s,Timing,Times,Time,1.650 ms (606.061 Hz),
294403,14.720 s,Timing,Times,Time,600.000 탎 (1.667 kHz),
294415,14.721 s,Timing,Times,Time,1.600 ms (625.000 Hz),
294447,14.722 s,Timing,Times,Time,600.000 탎 (1.667 kHz),
294459,14.723 s,Timing,Times,Time,1.650 ms (606.061 Hz),
294492,14.725 s,Timing,Times,Time,600.000 탎 (1.667 kHz),
294504,14.725 s,Timing,Times,Time,500.000 탎 (2.000 kHz),
294514,14.726 s,Timing,Times,Time,600.000 탎 (1.667 kHz),
294526,14.726 s,Timing,Times,Time,500.000 탎 (2.000 kHz),
294536,14.727 s,Timing,Times,Time,600.000 탎 (1.667 kHz),
294548,14.727 s,Timing,Times,Time,1.650 ms (606.061 Hz),
294581,14.729 s,Timing,Times,Time,600.000 탎 (1.667 kHz),
294593,14.730 s,Timing,Times,Time,1.600 ms (625.000 Hz),
294625,14.731 s,Timing,Times,Time,600.000 탎 (1.667 kHz),
294637,14.732 s,Timing,Times,Time,500.000 탎 (2.000 kHz),
294647,14.732 s,Timing,Times,Time,600.000 탎 (1.667 kHz),
294659,14.733 s,Timing,Times,Time,1.650 ms (606.061 Hz),
294692,14.735 s,Timing,Times,Time,600.000 탎 (1.667 kHz),
294704,14.735 s,Timing,Times,Time,500.000 탎 (2.000 kHz),
294714,14.736 s,Timing,Times,Time,600.000 탎 (1.667 kHz),
294726,14.736 s,Timing,Times,Time,1.600 ms (625.000 Hz),
294758,14.738 s,Timing,Times,Time,600.000 탎 (1.667 kHz),
294770,14.739 s,Timing,Times,Time,550.000 탎 (1.818 kHz),
294781,14.739 s,Timing,Times,Time,600.000 탎 (1.667 kHz),
294793,14.740 s,Timing,Times,Time,1.600 ms (625.000 Hz),
294825,14.741 s,Timing,Times,Time,600.000 탎 (1.667 kHz),
294837,14.742 s,Timing,Times,Time,550.000 탎 (1.818 kHz),
294848,14.742 s,Timing,Times,Time,550.000 탎 (1.818 kHz),
294859,14.743 s,Timing,Times,Time,550.000 탎 (1.818 kHz),
294870,14.743 s,Timing,Times,Time,600.000 탎 (1.667 kHz),
294882,14.744 s,Timing,Times,Time,500.000 탎 (2.000 kHz),
294892,14.745 s,Timing,Times,Time,600.000 탎 (1.667 kHz),
294904,14.745 s,Timing,Times,Time,550.000 탎 (1.818 kHz),
294915,14.746 s,Timing,Times,Time,550.000 탎 (1.818 kHz),
294926,14.746 s,Timing,Times,Time,1.650 ms (606.061 Hz),
294959,14.748 s,Timing,Times,Time,600.000 탎 (1.667 kHz),
294971,14.749 s,Timing,Times,Time,500.000 탎 (2.000 kHz),
294981,14.749 s,Timing,Times,Time,600.000 탎 (1.667 kHz),
294993,14.750 s,Timing,Times,Time,1.650 ms (606.061 Hz),
295026,14.751 s,Timing,Times,Time,550.000 탎 (1.818 kHz),
295037,14.752 s,Timing,Times,Time,550.000 탎 (1.818 kHz),
295048,14.752 s,Timing,Times,Time,600.000 탎 (1.667 kHz),
295060,14.753 s,Timing,Times,Time,1.650 ms (606.061 Hz),
295093,14.755 s,Timing,Times,Time,550.000 탎 (1.818 kHz),
295104,14.755 s,Timing,Times,Time,1.650 ms (606.061 Hz),
295137,14.757 s,Timing,Times,Time,550.000 탎 (1.818 kHz),
295148,14.757 s,Timing,Times,Time,1.650 ms (606.061 Hz),
295181,14.759 s,Timing,Times,Time,177.600 ms (5.631 Hz),
298733,14.937 s,Timing,Times,Time,1.050 ms (952.381 Hz),
298754,14.938 s,Timing,Times,Time,2.650 ms (377.358 Hz),
298807,14.940 s,Timing,Times,Time,500.000 탎 (2.000 kHz),
298817,14.941 s,Timing,Times,Time,600.000 탎 (1.667 kHz),
298829,14.941 s,Timing,Times,Time,500.000 탎 (2.000 kHz),
298839,14.942 s,Timing,Times,Time,600.000 탎 (1.667 kHz),
298851,14.943 s,Timing,Times,Time,550.000 탎 (1.818 kHz),
298862,14.943 s,Timing,Times,Time,600.000 탎 (1.667 kHz),
298874,14.944 s,Timing,Times,Time,1.600 ms (625.000 Hz),
298906,14.945 s,Timing,Times,Time,600.000 탎 (1.667 kHz),
298918,14.946 s,Timing,Times,Time,1.600 ms (625.000 Hz),
298950,14.947 s,Timing,Times,Time,600.000 탎 (1.667 kHz),
298962,14.948 s,Timing,Times,Time,550.000 탎 (1.818 kHz),
298973,14.949 s,Timing,Times,Time,600.000 탎 (1.667 kHz),
298985,14.949 s,Timing,Times,Time,500.000 탎 (2.000 kHz),
298995,14.950 s,Timing,Times,Time,650.000 탎 (1.538 kHz),
299008,14.950 s,Timing,Times,Time,1.600 ms (625.000 Hz),
299040,14.952 s,Timing,Times,Time,550.000 탎 (1.818 kHz),
299051,14.953 s,Timing,Times,Time,1.650 ms (606.061 Hz),
299084,14.954 s,Timing,Times,Time,600.000 탎 (1.667 kHz),
299096,14.955 s,Timing,Times,Time,1.600 ms (625.000 Hz),
299128,14.956 s,Timing,Times,Time,600.000 탎 (1.667 kHz),
299140,14.957 s,Timing,Times,Time,1.650 ms (606.061 Hz),
299173,14.959 s,Timing,Times,Time,600.000 탎 (1.667 kHz),
299185,14.959 s,Timing,Times,Time,500.000 탎 (2.000 kHz),
299195,14.960 s,Timing,Times,Time,600.000 탎 (1.667 kHz),
299207,14.960 s,Timing,Times,Time,550.000 탎 (1.818 kHz),
299218,14.961 s,Timing,Times,Time,550.000 탎 (1.818 kHz),
299229,14.961 s,Timing,Times,Time,1.650 ms (606.061 Hz),
299262,14.963 s,Timing,Times,Time,600.000 탎 (1.667 kHz),
299274,14.964 s,Timing,Times,Time,1.600 ms (625.000 Hz),
299306,14.965 s,Timing,Times,Time,600.000 탎 (1.667 kHz),
299318,14.966 s,Timing,Times,Time,500.000 탎 (2.000 kHz),
299328,14.966 s,Timing,Times,Time,600.000 탎 (1.667 kHz),
299340,14.967 s,Timing,Times,Time,1.650 ms (606.061 Hz),
299373,14.969 s,Timing,Times,Time,600.000 탎 (1.667 kHz),
299385,14.969 s,Timing,Times,Time,550.000 탎 (1.818 kHz),
299396,14.970 s,Timing,Times,Time,550.000 탎 (1.818 kHz),
299407,14.970 s,Timing,Times,Time,1.650 ms (606.061 Hz),
299440,14.972 s,Timing,Times,Time,550.000 탎 (1.818 kHz),
299451,14.973 s,Timing,Times,Time,550.000 탎 (1.818 kHz),
299462,14.973 s,Timing,Times,Time,600.000 탎 (1.667 kHz),
299474,14.974 s,Timing,Times,Time,1.650 ms (606.061 Hz),
299507,14.975 s,Timing,Times,Time,550.000 탎 (1.818 kHz),
299518,14.976 s,Timing,Times,Time,550.000 탎 (1.818 kHz),
299529,14.976 s,Timing,Times,Time,550.000 탎 (1.818 kHz),
299540,14.977 s,Timing,Times,Time,550.000 탎 (1.818 kHz),
299551,14.978 s,Timing,Times,Time,600.000 탎 (1.667 kHz),
299563,14.978 s,Timing,Times,Time,500.000 탎 (2.000 kHz),
299573,14.979 s,Timing,Times,Time,600.000 탎 (1.667 kHz),
299585,14.979 s,Timing,Times,Time,550.000 탎 (1.818 kHz),
299596,14.980 s,Timing,Times,Time,550.000 탎 (1.818 kHz),
299607,14.980 s,Timing,Times,Time,1.650 ms (606.061 Hz),
299640,14.982 s,Timing,Times,Time,600.000 탎 (1.667 kHz),
299652,14.983 s,Timing,Times,Time,550.000 탎 (1.818 kHz),
299663,14.983 s,Timing,Times,Time,550.000 탎 (1.818 kHz),
299674,14.984 s,Timing,Times,Time,1.650 ms (606.061 Hz),
299707,14.985 s,Timing,Times,Time,600.000 탎 (1.667 kHz),
299719,14.986 s,Timing,Times,Time,500.000 탎 (2.000 kHz),
299729,14.986 s,Timing,Times,Time,600.000 탎 (1.667 kHz),
299741,14.987 s,Timing,Times,Time,1.650 ms (606.061 Hz),
299774,14.989 s,Timing,Times,Time,550.000 탎 (1.818 kHz),
299785,14.989 s,Timing,Times,Time,1.650 ms (606.061 Hz),
299818,14.991 s,Timing,Times,Time,600.000 탎 (1.667 kHz),
299830,14.992 s,Timing,Times,Time,1.650 ms (606.061 Hz),
299863,14.993 s,Timing,Times,Time,177.100 ms (5.647 Hz),
303405,15.170 s,Timing,Times,Time,1.050 ms (952.381 Hz),
303426,15.171 s,Timing,Times,Time,2.650 ms (377.358 Hz),
303479,15.174 s,Timing,Times,Time,500.000 탎 (2.000 kHz),
303489,15.174 s,Timing,Times,Time,600.000 탎 (1.667 kHz),
303501,15.175 s,Timing,Times,Time,550.000 탎 (1.818 kHz),
303512,15.176 s,Timing,Times,Time,600.000 탎 (1.667 kHz),
303524,15.176 s,Timing,Times,Time,500.000 탎 (2.000 kHz),
303534,15.177 s,Timing,Times,Time,600.000 탎 (1.667 kHz),
303546,15.177 s,Timing,Times,Time,1.600 ms (625.000 Hz),
303578,15.179 s,Timing,Times,Time,600.000 탎 (1.667 kHz),
303590,15.180 s,Timing,Times,Time,1.650 ms (606.061 Hz),
303623,15.181 s,Timing,Times,Time,600.000 탎 (1.667 kHz),
303635,15.182 s,Timing,Times,Time,500.000 탎 (2.000 kHz),
303645,15.182 s,Timing,Times,Time,600.000 탎 (1.667 kHz),
303657,15.183 s,Timing,Times,Time,500.000 탎 (2.000 kHz),
303667,15.183 s,Timing,Times,Time,600.000 탎 (1.667 kHz),
303679,15.184 s,Timing,Times,Time,1.650 ms (606.061 Hz),
303712,15.186 s,Timing,Times,Time,600.000 탎 (1.667 kHz),
303724,15.186 s,Timing,Times,Time,1.600 ms (625.000 Hz),
303756,15.188 s,Timing,Times,Time,600.000 탎 (1.667 kHz),
303768,15.188 s,Timing,Times,Time,1.600 ms (625.000 Hz),
303800,15.190 s,Timing,Times,Time,600.000 탎 (1.667 kHz),
303812,15.191 s,Timing,Times,Time,1.650 ms (606.061 Hz),
303845,15.192 s,Timing,Times,Time,600.000 탎 (1.667 kHz),
303857,15.193 s,Timing,Times,Time,500.000 탎 (2.000 kHz),
303867,15.193 s,Timing,Times,Time,600.000 탎 (1.667 kHz),
303879,15.194 s,Timing,Times,Time,500.000 탎 (2.000 kHz),
303889,15.194 s,Timing,Times,Time,600.000 탎 (1.667 kHz),
303901,15.195 s,Timing,Times,Time,1.650 ms (606.061 Hz),
303934,15.197 s,Timing,Times,Time,600.000 탎 (1.667 kHz),
303946,15.197 s,Timing,Times,Time,1.600 ms (625.000 Hz),
303978,15.199 s,Timing,Times,Time,600.000 탎 (1.667 kHz),
303990,15.200 s,Timing,Times,Time,550.000 탎 (1.818 kHz),
304001,15.200 s,Timing,Times,Time,600.000 탎 (1.667 kHz),
304013,15.201 s,Timing,Times,Time,1.600 ms (625.000 Hz),
304045,15.202 s,Timing,Times,Time,600.000 탎 (1.667 kHz),
304057,15.203 s,Timing,Times,Time,500.000 탎 (2.000 kHz),
304067,15.203 s,Timing,Times,Time,600.000 탎 (1.667 kHz),
304079,15.204 s,Timing,Times,Time,1.650 ms (606.061 Hz),
304112,15.206 s,Timing,Times,Time,600.000 탎 (1.667 kHz),
304124,15.206 s,Timing,Times,Time,500.000 탎 (2.000 kHz),
304134,15.207 s,Timing,Times,Time,600.000 탎 (1.667 kHz),
304146,15.207 s,Timing,Times,Time,1.600 ms (625.000 Hz),
304178,15.209 s,Timing,Times,Time,600.000 탎 (1.667 kHz),
304190,15.210 s,Timing,Times,Time,550.000 탎 (1.818 kHz),
304201,15.210 s,Timing,Times,Time,600.000 탎 (1.667 kHz),
304213,15.211 s,Timing,Times,Time,500.000 탎 (2.000 kHz),
304223,15.211 s,Timing,Times,Time,600.000 탎 (1.667 kHz),
304235,15.212 s,Timing,Times,Time,550.000 탎 (1.818 kHz),
304246,15.212 s,Timing,Times,Time,550.000 탎 (1.818 kHz),
304257,15.213 s,Timing,Times,Time,550.000 탎 (1.818 kHz),
304268,15.213 s,Timing,Times,Time,600.000 탎 (1.667 kHz),
304280,15.214 s,Timing,Times,Time,1.600 ms (625.000 Hz),
304312,15.216 s,Timing,Times,Time,600.000 탎 (1.667 kHz),
304324,15.216 s,Timing,Times,Time,550.000 탎 (1.818 kHz),
304335,15.217 s,Timing,Times,Time,550.000 탎 (1.818 kHz),
304346,15.217 s,Timing,Times,Time,1.650 ms (606.061 Hz),
304379,15.219 s,Timing,Times,Time,600.000 탎 (1.667 kHz),
304391,15.220 s,Timing,Times,Time,500.000 탎 (2.000 kHz),
304401,15.220 s,Timing,Times,Time,600.000 탎 (1.667 kHz),
304413,15.221 s,Timing,Times,Time,1.650 ms (606.061 Hz),
304446,15.222 s,Timing,Times,Time,550.000 탎 (1.818 kHz),
304457,15.223 s,Timing,Times,Time,1.650 ms (606.061 Hz),
304490,15.225 s,Timing,Times,Time,600.000 탎 (1.667 kHz),
304502,15.225 s,Timing,Times,Time,1.650 ms (606.061 Hz),
304535,15.227 s,Timing,Times,Time,176.800 ms (5.656 Hz),
308071,15.404 s,Timing,Times,Time,1.100 ms (909.091 Hz),
308093,15.405 s,Timing,Times,Time,2.600 ms (384.615 Hz),
308145,15.407 s,Timing,Times,Time,500.000 탎 (2.000 kHz),
308155,15.408 s,Timing,Times,Time,600.000 탎 (1.667 kHz),
308167,15.408 s,Timing,Times,Time,550.000 탎 (1.818 kHz),
308178,15.409 s,Timing,Times,Time,600.000 탎 (1.667 kHz),
308190,15.409 s,Timing,Times,Time,500.000 탎 (2.000 kHz),
308200,15.410 s,Timing,Times,Time,600.000 탎 (1.667 kHz),
308212,15.411 s,Timing,Times,Time,1.600 ms (625.000 Hz),
308244,15.412 s,Timing,Times,Time,600.000 탎 (1.667 kHz),
308256,15.413 s,Timing,Times,Time,1.650 ms (606.061 Hz),
308289,15.414 s,Timing,Times,Time,600.000 탎 (1.667 kHz),
308301,15.415 s,Timing,Times,Time,500.000 탎 (2.000 kHz),
308311,15.416 s,Timing,Times,Time,600.000 탎 (1.667 kHz),
308323,15.416 s,Timing,Times,Time,500.000 탎 (2.000 kHz),
308333,15.417 s,Timing,Times,Time,600.000 탎 (1.667 kHz),
308345,15.417 s,Timing,Times,Time,1.650 ms (606.061 Hz),
308378,15.419 s,Timing,Times,Time,600.000 탎 (1.667 kHz),
308390,15.419 s,Timing,Times,Time,1.650 ms (606.061 Hz),
308423,15.421 s,Timing,Times,Time,600.000 탎 (1.667 kHz),
308435,15.422 s,Timing,Times,Time,1.600 ms (625.000 Hz),
308467,15.423 s,Timing,Times,Time,600.000 탎 (1.667 kHz),
308479,15.424 s,Timing,Times,Time,1.600 ms (625.000 Hz),
308511,15.426 s,Timing,Times,Time,600.000 탎 (1.667 kHz),
308523,15.426 s,Timing,Times,Time,550.000 탎 (1.818 kHz),
308534,15.427 s,Timing,Times,Time,550.000 탎 (1.818 kHz),
308545,15.427 s,Timing,Times,Time,550.000 탎 (1.818 kHz),
308556,15.428 s,Timing,Times,Time,600.000 탎 (1.667 kHz),
308568,15.428 s,Timing,Times,Time,1.600 ms (625.000 Hz),
308600,15.430 s,Timing,Times,Time,600.000 탎 (1.667 kHz),
308612,15.431 s,Timing,Times,Time,1.650 ms (606.061 Hz),
308645,15.432 s,Timing,Times,Time,550.000 탎 (1.818 kHz),
308656,15.433 s,Timing,Times,Time,550.000 탎 (1.818 kHz),
308667,15.433 s,Timing,Times,Time,600.000 탎 (1.667 kHz),
308679,15.434 s,Timing,Times,Time,1.600 ms (625.000 Hz),
308711,15.436 s,Timing,Times,Time,600.000 탎 (1.667 kHz),
308723,15.436 s,Timing,Times,Time,550.000 탎 (1.818 kHz),
308734,15.437 s,Timing,Times,Time,550.000 탎 (1.818 kHz),
308745,15.437 s,Timing,Times,Time,1.650 ms (606.061 Hz),
308778,15.439 s,Timing,Times,Time,600.000 탎 (1.667 kHz),
308790,15.440 s,Timing,Times,Time,500.000 탎 (2.000 kHz),
308800,15.440 s,Timing,Times,Time,600.000 탎 (1.667 kHz),
308812,15.441 s,Timing,Times,Time,1.650 ms (606.061 Hz),
308845,15.442 s,Timing,Times,Time,550.000 탎 (1.818 kHz),
308856,15.443 s,Timing,Times,Time,550.000 탎 (1.818 kHz),
308867,15.443 s,Timing,Times,Time,600.000 탎 (1.667 kHz),
308879,15.444 s,Timing,Times,Time,500.000 탎 (2.000 kHz),
308889,15.444 s,Timing,Times,Time,600.000 탎 (1.667 kHz),
308901,15.445 s,Timing,Times,Time,550.000 탎 (1.818 kHz),
308912,15.446 s,Timing,Times,Time,550.000 탎 (1.818 kHz),
308923,15.446 s,Timing,Times,Time,550.000 탎 (1.818 kHz),
308934,15.447 s,Timing,Times,Time,600.000 탎 (1.667 kHz),
308946,15.447 s,Timing,Times,Time,1.650 ms (606.061 Hz),
308979,15.449 s,Timing,Times,Time,550.000 탎 (1.818 kHz),
308990,15.450 s,Timing,Times,Time,550.000 탎 (1.818 kHz),
309001,15.450 s,Timing,Times,Time,550.000 탎 (1.818 kHz),
309012,15.451 s,Timing,Times,Time,1.650 ms (606.061 Hz),
309045,15.452 s,Timing,Times,Time,600.000 탎 (1.667 kHz),
309057,15.453 s,Timing,Times,Time,550.000 탎 (1.818 kHz),
309068,15.453 s,Timing,Times,Time,550.000 탎 (1.818 kHz),
309079,15.454 s,Timing,Times,Time,1.650 ms (606.061 Hz),
309112,15.456 s,Timing,Times,Time,550.000 탎 (1.818 kHz),
309123,15.456 s,Timing,Times,Time,1.650 ms (606.061 Hz),
309156,15.458 s,Timing,Times,Time,600.000 탎 (1.667 kHz),
309168,15.458 s,Timing,Times,Time,1.650 ms (606.061 Hz),
309201,15.460 s,Timing,Times,Time,178.100 ms (5.615 Hz),
312763,15.638 s,Timing,Times,Time,1.100 ms (909.091 Hz),
312785,15.639 s,Timing,Times,Time,2.600 ms (384.615 Hz),
312837,15.642 s,Timing,Times,Time,550.000 탎 (1.818 kHz),
312848,15.642 s,Timing,Times,Time,600.000 탎 (1.667 kHz),
312860,15.643 s,Timing,Times,Time,500.000 탎 (2.000 kHz),
312870,15.643 s,Timing,Times,Time,600.000 탎 (1.667 kHz),
312882,15.644 s,Timing,Times,Time,500.000 탎 (2.000 kHz),
312892,15.645 s,Timing,Times,Time,600.000 탎 (1.667 kHz),
312904,15.645 s,Timing,Times,Time,1.650 ms (606.061 Hz),
312937,15.647 s,Timing,Times,Time,600.000 탎 (1.667 kHz),
312949,15.647 s,Timing,Times,Time,1.600 ms (625.000 Hz),
312981,15.649 s,Timing,Times,Time,600.000 탎 (1.667 kHz),
312993,15.650 s,Timing,Times,Time,500.000 탎 (2.000 kHz),
313003,15.650 s,Timing,Times,Time,600.000 탎 (1.667 kHz),
313015,15.651 s,Timing,Times,Time,550.000 탎 (1.818 kHz),
313026,15.651 s,Timing,Times,Time,600.000 탎 (1.667 kHz),
313038,15.652 s,Timing,Times,Time,1.600 ms (625.000 Hz),
313070,15.653 s,Timing,Times,Time,600.000 탎 (1.667 kHz),
313082,15.654 s,Timing,Times,Time,1.600 ms (625.000 Hz),
313114,15.656 s,Timing,Times,Time,600.000 탎 (1.667 kHz),
313126,15.656 s,Timing,Times,Time,1.650 ms (606.061 Hz),
313159,15.658 s,Timing,Times,Time,600.000 탎 (1.667 kHz),
313171,15.659 s,Timing,Times,Time,1.600 ms (625.000 Hz),
313203,15.660 s,Timing,Times,Time,600.000 탎 (1.667 kHz),
313215,15.661 s,Timing,Times,Time,500.000 탎 (2.000 kHz),
313225,15.661 s,Timing,Times,Time,600.000 탎 (1.667 kHz),
313237,15.662 s,Timing,Times,Time,550.000 탎 (1.818 kHz),
313248,15.662 s,Timing,Times,Time,600.000 탎 (1.667 kHz),
313260,15.663 s,Timing,Times,Time,1.600 ms (625.000 Hz),
313292,15.665 s,Timing,Times,Time,600.000 탎 (1.667 kHz),
313304,15.665 s,Timing,Times,Time,1.650 ms (606.061 Hz),
313337,15.667 s,Timing,Times,Time,600.000 탎 (1.667 kHz),
313349,15.667 s,Timing,Times,Time,500.000 탎 (2.000 kHz),
313359,15.668 s,Timing,Times,Time,600.000 탎 (1.667 kHz),
313371,15.669 s,Timing,Times,Time,1.600 ms (625.000 Hz),
313403,15.670 s,Timing,Times,Time,600.000 탎 (1.667 kHz),
313415,15.671 s,Timing,Times,Time,550.000 탎 (1.818 kHz),
313426,15.671 s,Timing,Times,Time,600.000 탎 (1.667 kHz),
313438,15.672 s,Timing,Times,Time,1.600 ms (625.000 Hz),
313470,15.674 s,Timing,Times,Time,600.000 탎 (1.667 kHz),
313482,15.674 s,Timing,Times,Time,500.000 탎 (2.000 kHz),
313492,15.675 s,Timing,Times,Time,600.000 탎 (1.667 kHz),
313504,15.675 s,Timing,Times,Time,1.650 ms (606.061 Hz),
313537,15.677 s,Timing,Times,Time,600.000 탎 (1.667 kHz),
313549,15.677 s,Timing,Times,Time,500.000 탎 (2.000 kHz),
313559,15.678 s,Timing,Times,Time,600.000 탎 (1.667 kHz),
313571,15.679 s,Timing,Times,Time,500.000 탎 (2.000 kHz),
313581,15.679 s,Timing,Times,Time,600.000 탎 (1.667 kHz),
313593,15.680 s,Timing,Times,Time,550.000 탎 (1.818 kHz),
313604,15.680 s,Timing,Times,Time,600.000 탎 (1.667 kHz),
313616,15.681 s,Timing,Times,Time,500.000 탎 (2.000 kHz),
313626,15.681 s,Timing,Times,Time,600.000 탎 (1.667 kHz),
313638,15.682 s,Timing,Times,Time,1.650 ms (606.061 Hz),
313671,15.684 s,Timing,Times,Time,550.000 탎 (1.818 kHz),
313682,15.684 s,Timing,Times,Time,550.000 탎 (1.818 kHz),
313693,15.685 s,Timing,Times,Time,600.000 탎 (1.667 kHz),
313705,15.685 s,Timing,Times,Time,1.600 ms (625.000 Hz),
313737,15.687 s,Timing,Times,Time,600.000 탎 (1.667 kHz),
313749,15.687 s,Timing,Times,Time,550.000 탎 (1.818 kHz),
313760,15.688 s,Timing,Times,Time,550.000 탎 (1.818 kHz),
313771,15.689 s,Timing,Times,Time,1.650 ms (606.061 Hz),
313804,15.690 s,Timing,Times,Time,600.000 탎 (1.667 kHz),
313816,15.691 s,Timing,Times,Time,1.600 ms (625.000 Hz),
313848,15.692 s,Timing,Times,Time,600.000 탎 (1.667 kHz),
313860,15.693 s,Timing,Times,Time,1.650 ms (606.061 Hz),
